time_ms,raw_angle,angle_deg,servo_us,phase,i2c_valid,valid,glitch,status,unwrapped_deg,phase_displacement_deg
4294967288,2143,188.3496,1500,NEUTRAL_START,1,1,0,48,0.0879,0.0879
32,2140,188.0859,1500,NEUTRAL_START,1,1,0,48,-0.1758,-0.1758
72,2139,187.9980,1500,NEUTRAL_START,1,1,0,48,-0.2637,-0.2637
112,2145,188.5254,1500,NEUTRAL_START,1,1,0,48,0.2637,0.2637
152,2139,187.9980,1500,NEUTRAL_START,1,1,0,48,-0.2637,-0.2637
192,2142,188.2617,1500,NEUTRAL_START,1,1,0,48,0.0000,0.0000
232,2139,187.9980,1500,NEUTRAL_START,1,1,0,48,-0.2637,-0.2637
272,2138,187.9102,1500,NEUTRAL_START,1,1,0,48,-0.3516,-0.3516
312,2141,188.1738,1500,NEUTRAL_START,1,1,0,48,-0.0879,-0.0879
352,2146,188.6133,1500,NEUTRAL_START,1,1,0,48,0.3516,0.3516
392,2141,188.1738,1500,NEUTRAL_START,1,1,0,48,-0.0879,-0.0879
432,2145,188.5254,1500,NEUTRAL_START,1,1,0,48,0.2637,0.2637
472,2146,188.6133,1500,NEUTRAL_START,1,1,0,48,0.3516,0.3516
512,2146,188.6133,1500,NEUTRAL_START,1,1,0,48,0.3516,0.3516
552,2144,188.4375,1500,NEUTRAL_START,1,1,0,48,0.1758,0.1758
592,2138,187.9102,1500,NEUTRAL_START,1,1,0,48,-0.3516,-0.3516
632,2138,187.9102,1500,NEUTRAL_START,1,1,0,48,-0.3516,-0.3516
672,2143,188.3496,1500,NEUTRAL_START,1,1,0,48,0.0879,0.0879
712,2139,187.9980,1500,NEUTRAL_START,1,1,0,48,-0.2637,-0.2637
752,2139,187.9980,1500,NEUTRAL_START,1,1,0,48,-0.2637,-0.2637
792,2145,188.5254,1500,NEUTRAL_START,1,1,0,48,0.2637,0.2637
832,2146,188.6133,1500,NEUTRAL_START,1,1,0,48,0.3516,0.3516
872,2139,187.9980,1500,NEUTRAL_START,1,1,0,48,-0.2637,-0.2637
912,2142,188.2617,1500,NEUTRAL_START,1,1,0,48,0.0000,0.0000
952,2140,188.0859,1500,NEUTRAL_START,1,1,0,48,-0.1758,-0.1758
992,2138,187.9102,1500,NEUTRAL_START,1,1,0,48,-0.3516,-0.3516
1032,2139,187.9980,1500,NEUTRAL_START,1,1,0,48,-0.2637,-0.2637
1072,2138,187.9102,1500,NEUTRAL_START,1,1,0,48,-0.3516,-0.3516
1112,2140,188.0859,1500,NEUTRAL_START,1,1,0,48,-0.1758,-0.1758
1152,2144,188.4375,1500,NEUTRAL_START,1,1,0,48,0.1758,0.1758
1192,2142,188.2617,1500,NEUTRAL_START,1,1,0,48,0.0000,0.0000
1232,2145,188.5254,1500,NEUTRAL_START,1,1,0,48,0.2637,0.2637
1272,2145,188.5254,1500,NEUTRAL_START,1,1,0,48,0.2637,0.2637
1312,2139,187.9980,1500,NEUTRAL_START,1,1,0,48,-0.2637,-0.2637
1352,2138,187.9102,1500,NEUTRAL_START,1,1,0,48,-0.3516,-0.3516
1392,2139,187.9980,1500,NEUTRAL_START,1,1,0,48,-0.2637,-0.2637
1432,2138,187.9102,1500,NEUTRAL_START,1,1,0,48,-0.3516,-0.3516
1472,2139,187.9980,1500,NEUTRAL_START,1,1,0,48,-0.2637,-0.2637
1512,2146,188.6133,1500,NEUTRAL_START,1,1,0,48,0.3516,0.3516
1552,2144,188.4375,1500,NEUTRAL_START,1,1,0,48,0.1758,0.1758
1592,2143,188.3496,1500,NEUTRAL_START,1,1,0,48,0.0879,0.0879
1632,2143,188.3496,1500,NEUTRAL_START,1,1,0,48,0.0879,0.0879
1672,2142,188.2617,1500,NEUTRAL_START,1,1,0,48,0.0000,0.0000
1712,2139,187.9980,1500,NEUTRAL_START,1,1,0,48,-0.2637,-0.2637
1752,2138,187.9102,1500,NEUTRAL_START,1,1,0,48,-0.3516,-0.3516
1792,2143,188.3496,1500,NEUTRAL_START,1,1,0,48,0.0879,0.0879
1832,2139,187.9980,1500,NEUTRAL_START,1,1,0,48,-0.2637,-0.2637
1872,2140,188.0859,1500,NEUTRAL_START,1,1,0,48,-0.1758,-0.1758
1912,2143,188.3496,1500,NEUTRAL_START,1,1,0,48,0.0879,0.0879
1952,2146,188.6133,1500,NEUTRAL_START,1,1,0,48,0.3516,0.3516
1992,2140,188.0859,2000,LEFT_2000_US,1,1,0,48,-0.1758,-0.1758
2032,2140,188.0859,2000,LEFT_2000_US,1,1,0,48,-0.1758,-0.1758
2072,2138,187.9102,2000,LEFT_2000_US,1,1,0,48,-0.3516,-0.3516
2112,2130,187.2070,2000,LEFT_2000_US,1,1,0,48,-1.0547,-1.0547
2152,2120,186.3281,2000,LEFT_2000_US,1,1,0,48,-1.9336,-1.9336
2192,2109,185.3613,2000,LEFT_2000_US,1,1,0,48,-2.9004,-2.9004
2232,2101,184.6582,2000,LEFT_2000_US,1,1,0,48,-3.6035,-3.6035
2272,2090,183.6914,2000,LEFT_2000_US,1,1,0,48,-4.5703,-4.5703
2312,2078,182.6367,2000,LEFT_2000_US,1,1,0,48,-5.6250,-5.6250
2352,2064,181.4062,2000,LEFT_2000_US,1,1,0,48,-6.8555,-6.8555
2392,2052,180.3516,2000,LEFT_2000_US,1,1,0,48,-7.9102,-7.9102
2432,2040,179.2969,2000,LEFT_2000_US,1,1,0,48,-8.9648,-8.9648
2472,2028,178.2422,2000,LEFT_2000_US,1,1,0,48,-10.0195,-10.0195
2512,2015,177.0996,2000,LEFT_2000_US,1,1,0,48,-11.1621,-11.1621
2552,2004,176.1328,2000,LEFT_2000_US,1,1,0,48,-12.1289,-12.1289
2592,1994,175.2539,2000,LEFT_2000_US,1,1,0,48,-13.0078,-13.0078
2632,1982,174.1992,2000,LEFT_2000_US,1,1,0,48,-14.0625,-14.0625
2672,1971,173.2324,2000,LEFT_2000_US,1,1,0,48,-15.0293,-15.0293
2712,1961,172.3535,2000,LEFT_2000_US,1,1,0,48,-15.9082,-15.9082
2752,1942,170.6836,2000,LEFT_2000_US,1,1,0,48,-17.5781,-17.5781
2792,1932,169.8047,2000,LEFT_2000_US,1,1,0,48,-18.4570,-18.4570
2832,1921,168.8379,2000,LEFT_2000_US,1,1,0,48,-19.4238,-19.4238
2872,1912,168.0469,2000,LEFT_2000_US,1,1,0,48,-20.2148,-20.2148
2912,1900,166.9922,2000,LEFT_2000_US,1,1,0,48,-21.2695,-21.2695
2952,1884,165.5859,2000,LEFT_2000_US,1,1,0,48,-22.6758,-22.6758
2992,1873,164.6191,2000,LEFT_2000_US,1,1,0,48,-23.6426,-23.6426
3032,1860,163.4766,2000,LEFT_2000_US,1,1,0,48,-24.7852,-24.7852
3072,1844,162.0703,2000,LEFT_2000_US,1,1,0,48,-26.1914,-26.1914
3112,1833,161.1035,2000,LEFT_2000_US,1,1,0,48,-27.1582,-27.1582
3152,1829,160.7520,2000,LEFT_2000_US,1,1,0,48,-27.5098,-27.5098
3192,1817,159.6973,2000,LEFT_2000_US,1,1,0,48,-28.5645,-28.5645
3232,1805,158.6426,2000,LEFT_2000_US,1,1,0,48,-29.6191,-29.6191
3272,1791,157.4121,2000,LEFT_2000_US,1,1,0,48,-30.8496,-30.8496
3312,1771,155.6543,2000,LEFT_2000_US,1,1,0,48,-32.6074,-32.6074
3352,1760,154.6875,2000,LEFT_2000_US,1,1,0,48,-33.5742,-33.5742
3392,1747,153.5449,2000,LEFT_2000_US,1,1,0,48,-34.7168,-34.7168
3432,1736,152.5781,2000,LEFT_2000_US,1,1,0,48,-35.6836,-35.6836
3472,1727,151.7871,2000,LEFT_2000_US,1,1,0,48,-36.4746,-36.4746
3512,1720,151.1719,2000,LEFT_2000_US,1,1,0,48,-37.0898,-37.0898
3552,1710,150.2930,2000,LEFT_2000_US,1,1,0,48,-37.9688,-37.9688
3592,1702,149.5898,2000,LEFT_2000_US,1,1,0,48,-38.6719,-38.6719
3632,1690,148.5352,2000,LEFT_2000_US,1,1,0,48,-39.7266,-39.7266
3672,1669,146.6895,2000,LEFT_2000_US,1,1,0,48,-41.5723,-41.5723
3712,1658,145.7227,2000,LEFT_2000_US,1,1,0,48,-42.5391,-42.5391
3752,1650,145.0195,2000,LEFT_2000_US,1,1,0,48,-43.2422,-43.2422
3792,1631,143.3496,2000,LEFT_2000_US,1,1,0,48,-44.9121,-44.9121
3832,1623,142.6465,2000,LEFT_2000_US,1,1,0,48,-45.6152,-45.6152
3872,1623,142.6465,2000,LEFT_2000_US,1,1,0,48,-45.6152,-45.6152
3912,1613,141.7676,2000,LEFT_2000_US,1,1,0,48,-46.4941,-46.4941
3952,1592,139.9219,2000,LEFT_2000_US,1,1,0,48,-48.3398,-48.3398
3992,1592,139.9219,2000,LEFT_2000_US,1,1,0,48,-48.3398,-48.3398
4032,1569,137.9004,2000,LEFT_2000_US,1,1,0,48,-50.3613,-50.3613
4072,1556,136.7578,2000,LEFT_2000_US,1,1,0,48,-51.5039,-51.5039
4112,1543,135.6152,2000,LEFT_2000_US,1,1,0,48,-52.6465,-52.6465
4152,1533,134.7363,2000,LEFT_2000_US,1,1,0,48,-53.5254,-53.5254
4192,1522,133.7695,2000,LEFT_2000_US,1,1,0,48,-54.4922,-54.4922
4232,1530,134.4727,2000,LEFT_2000_US,1,1,0,48,-53.7891,-53.7891
4272,1514,133.0664,2000,LEFT_2000_US,1,1,0,48,-55.1953,-55.1953
4312,1509,132.6270,2000,LEFT_2000_US,1,1,0,48,-55.6348,-55.6348
4352,1496,131.4844,2000,LEFT_2000_US,1,1,0,48,-56.7773,-56.7773
4392,1470,129.1992,2000,LEFT_2000_US,1,1,0,48,-59.0625,-59.0625
4432,1455,127.8809,2000,LEFT_2000_US,1,1,0,48,-60.3809,-60.3809
4472,1459,128.2324,2000,LEFT_2000_US,1,1,0,48,-60.0293,-60.0293
4512,1434,126.0352,2000,LEFT_2000_US,1,1,0,48,-62.2266,-62.2266
4552,1444,126.9141,2000,LEFT_2000_US,1,1,0,48,-61.3477,-61.3477
4592,1436,126.2109,2000,LEFT_2000_US,1,1,0,48,-62.0508,-62.0508
4632,1427,125.4199,2000,LEFT_2000_US,1,1,0,48,-62.8418,-62.8418
4672,1395,122.6074,2000,LEFT_2000_US,1,1,0,48,-65.6543,-65.6543
4712,1401,123.1348,2000,LEFT_2000_US,1,1,0,48,-65.1270,-65.1270
4752,1380,121.2891,2000,LEFT_2000_US,1,1,0,48,-66.9727,-66.9727
4792,1360,119.5312,2000,LEFT_2000_US,1,1,0,48,-68.7305,-68.7305
4832,1348,118.4766,2000,LEFT_2000_US,1,1,0,48,-69.7852,-69.7852
4872,1356,119.1797,2000,LEFT_2000_US,1,1,0,48,-69.0820,-69.0820
4912,1329,116.8066,2000,LEFT_2000_US,1,1,0,48,-71.4551,-71.4551
4952,1328,116.7188,2000,LEFT_2000_US,1,1,0,48,-71.5430,-71.5430
4992,1332,117.0703,2000,LEFT_2000_US,1,1,0,48,-71.1914,-71.1914
5032,1323,116.2793,2000,LEFT_2000_US,1,1,0,48,-71.9824,-71.9824
5072,1301,114.3457,2000,LEFT_2000_US,1,1,0,48,-73.9160,-73.9160
5112,1286,113.0273,2000,LEFT_2000_US,1,1,0,48,-75.2344,-75.2344
5152,1269,111.5332,2000,LEFT_2000_US,1,1,0,48,-76.7285,-76.7285
5192,1267,111.3574,2000,LEFT_2000_US,1,1,0,48,-76.9043,-76.9043
5232,-1,-1.0000,2000,LEFT_2000_US,0,0,0,0,-76.9043,-76.9043
5272,1257,110.4785,2000,LEFT_2000_US,1,1,0,48,-77.7832,-77.7832
5312,1234,108.4570,2000,LEFT_2000_US,1,1,0,48,-79.8047,-79.8047
5352,1210,106.3477,2000,LEFT_2000_US,1,1,0,48,-81.9141,-81.9141
5392,1229,108.0176,2000,LEFT_2000_US,1,1,0,48,-80.2441,-80.2441
5432,1211,106.4355,2000,LEFT_2000_US,1,1,0,48,-81.8262,-81.8262
5472,1196,105.1172,2000,LEFT_2000_US,1,1,0,48,-83.1445,-83.1445
5512,1198,105.2930,2000,LEFT_2000_US,1,1,0,48,-82.9688,-82.9688
5552,1188,104.4141,2000,LEFT_2000_US,1,1,0,48,-83.8477,-83.8477
5592,1148,100.8984,2000,LEFT_2000_US,1,1,0,48,-87.3633,-87.3633
5632,1139,100.1074,2000,LEFT_2000_US,1,1,0,48,-88.1543,-88.1543
5672,1126,98.9648,2000,LEFT_2000_US,1,1,0,48,-89.2969,-89.2969
5712,1116,98.0859,2000,LEFT_2000_US,1,1,0,48,-90.1758,-90.1758
5752,1110,97.5586,2000,LEFT_2000_US,1,1,0,48,-90.7031,-90.7031
5792,1092,95.9766,2000,LEFT_2000_US,1,1,0,48,-92.2852,-92.2852
5832,1114,97.9102,2000,LEFT_2000_US,1,1,0,48,-90.3516,-90.3516
5872,1103,96.9434,2000,LEFT_2000_US,1,1,0,48,-91.3184,-91.3184
5912,1071,94.1309,2000,LEFT_2000_US,1,1,0,48,-94.1309,-94.1309
5952,1076,94.5703,2000,LEFT_2000_US,1,1,0,48,-93.6914,-93.6914
5992,4095,359.9121,2000,LEFT_2000_US,1,0,1,48,-93.6914,-93.6914
6032,1026,90.1758,2000,LEFT_2000_US,1,1,0,48,-98.0859,-98.0859
6072,1013,89.0332,2000,LEFT_2000_US,1,1,0,48,-99.2285,-99.2285
6112,1035,90.9668,2000,LEFT_2000_US,1,1,0,48,-97.2949,-97.2949
6152,1016,89.2969,2000,LEFT_2000_US,1,1,0,48,-98.9648,-98.9648
6192,1003,88.1543,2000,LEFT_2000_US,1,1,0,48,-100.1074,-100.1074
6232,1000,87.8906,2000,LEFT_2000_US,1,1,0,48,-100.3711,-100.3711
6272,990,87.0117,2000,LEFT_2000_US,1,1,0,48,-101.2500,-101.2500
6312,962,84.5508,2000,LEFT_2000_US,1,1,0,48,-103.7109,-103.7109
6352,956,84.0234,2000,LEFT_2000_US,1,1,0,48,-104.2383,-104.2383
6392,922,81.0352,2000,LEFT_2000_US,1,1,0,48,-107.2266,-107.2266
6432,907,79.7168,2000,LEFT_2000_US,1,1,0,48,-108.5449,-108.5449
6472,894,78.5742,2000,LEFT_2000_US,1,1,0,48,-109.6875,-109.6875
6512,908,79.8047,2000,LEFT_2000_US,1,1,0,48,-108.4570,-108.4570
6552,877,77.0801,2000,LEFT_2000_US,1,1,0,48,-111.1816,-111.1816
6592,887,77.9590,2000,LEFT_2000_US,1,1,0,48,-110.3027,-110.3027
6632,860,75.5859,2000,LEFT_2000_US,1,1,0,48,-112.6758,-112.6758
6672,864,75.9375,2000,LEFT_2000_US,1,1,0,48,-112.3242,-112.3242
6712,819,71.9824,2000,LEFT_2000_US,1,1,0,48,-116.2793,-116.2793
6752,816,71.7188,2000,LEFT_2000_US,1,1,0,48,-116.5430,-116.5430
6792,800,70.3125,2000,LEFT_2000_US,1,1,0,48,-117.9492,-117.9492
6832,779,68.4668,2000,LEFT_2000_US,1,1,0,48,-119.7949,-119.7949
6872,765,67.2363,2000,LEFT_2000_US,1,1,0,48,-121.0254,-121.0254
6912,764,67.1484,2000,LEFT_2000_US,1,1,0,48,-121.1133,-121.1133
6952,758,66.6211,2000,LEFT_2000_US,1,1,0,48,-121.6406,-121.6406
6992,755,66.3574,2000,LEFT_2000_US,1,1,0,48,-121.9043,-121.9043
7032,729,64.0723,2000,LEFT_2000_US,1,1,0,48,-124.1895,-124.1895
7072,727,63.8965,2000,LEFT_2000_US,1,1,0,48,-124.3652,-124.3652
7112,710,62.4023,2000,LEFT_2000_US,1,1,0,48,-125.8594,-125.8594
7152,669,58.7988,2000,LEFT_2000_US,1,1,0,48,-129.4629,-129.4629
7192,655,57.5684,2000,LEFT_2000_US,1,1,0,48,-130.6934,-130.6934
7232,665,58.4473,2000,LEFT_2000_US,1,1,0,48,-129.8145,-129.8145
7272,629,55.2832,2000,LEFT_2000_US,1,1,0,48,-132.9785,-132.9785
7312,636,55.8984,2000,LEFT_2000_US,1,1,0,48,-132.3633,-132.3633
7352,625,54.9316,2000,LEFT_2000_US,1,1,0,48,-133.3301,-133.3301
7392,610,53.6133,2000,LEFT_2000_US,1,1,0,48,-134.6484,-134.6484
7432,588,51.6797,2000,LEFT_2000_US,1,1,0,48,-136.5820,-136.5820
7472,573,50.3613,2000,LEFT_2000_US,1,1,0,48,-137.9004,-137.9004
7512,545,47.9004,2000,LEFT_2000_US,1,1,0,48,-140.3613,-140.3613
7552,524,46.0547,2000,LEFT_2000_US,1,1,0,48,-142.2070,-142.2070
7592,507,44.5605,2000,LEFT_2000_US,1,1,0,48,-143.7012,-143.7012
7632,515,45.2637,2000,LEFT_2000_US,1,1,0,48,-142.9980,-142.9980
7672,491,43.1543,2000,LEFT_2000_US,1,1,0,48,-145.1074,-145.1074
7712,479,42.0996,2000,LEFT_2000_US,1,1,0,48,-146.1621,-146.1621
7752,460,40.4297,2000,LEFT_2000_US,1,1,0,48,-147.8320,-147.8320
7792,450,39.5508,2000,LEFT_2000_US,1,1,0,48,-148.7109,-148.7109
7832,420,36.9141,2000,LEFT_2000_US,1,1,0,48,-151.3477,-151.3477
7872,400,35.1562,2000,LEFT_2000_US,1,1,0,48,-153.1055,-153.1055
7912,383,33.6621,2000,LEFT_2000_US,1,1,0,48,-154.5996,-154.5996
7952,370,32.5195,2000,LEFT_2000_US,1,1,0,48,-155.7422,-155.7422
7992,350,30.7617,2000,LEFT_2000_US,1,1,0,48,-157.5000,-157.5000
8032,337,29.6191,2000,LEFT_2000_US,1,1,0,48,-158.6426,-158.6426
8072,329,28.9160,2000,LEFT_2000_US,1,1,0,48,-159.3457,-159.3457
8112,312,27.4219,2000,LEFT_2000_US,1,1,0,48,-160.8398,-160.8398
8152,288,25.3125,2000,LEFT_2000_US,1,1,0,48,-162.9492,-162.9492
8192,277,24.3457,2000,LEFT_2000_US,1,1,0,16,-163.9160,-163.9160
8232,253,22.2363,2000,LEFT_2000_US,1,1,0,48,-166.0254,-166.0254
8272,233,20.4785,2000,LEFT_2000_US,1,1,0,48,-167.7832,-167.7832
8312,219,19.2480,2000,LEFT_2000_US,1,1,0,48,-169.0137,-169.0137
8352,200,17.5781,2000,LEFT_2000_US,1,1,0,48,-170.6836,-170.6836
8392,-1,-1.0000,2000,LEFT_2000_US,0,0,0,0,-170.6836,-170.6836
8432,163,14.3262,2000,LEFT_2000_US,1,1,0,48,-173.9355,-173.9355
8472,148,13.0078,2000,LEFT_2000_US,1,1,0,48,-175.2539,-175.2539
8512,129,11.3379,2000,LEFT_2000_US,1,1,0,48,-176.9238,-176.9238
8552,114,10.0195,2000,LEFT_2000_US,1,1,0,48,-178.2422,-178.2422
8592,96,8.4375,2000,LEFT_2000_US,1,1,0,48,-179.8242,-179.8242
8632,80,7.0312,2000,LEFT_2000_US,1,1,0,48,-181.2305,-181.2305
8672,68,5.9766,2000,LEFT_2000_US,1,1,0,48,-182.2852,-182.2852
8712,49,4.3066,2000,LEFT_2000_US,1,1,0,48,-183.9551,-183.9551
8752,32,2.8125,2000,LEFT_2000_US,1,1,0,48,-185.4492,-185.4492
8792,16,1.4062,2000,LEFT_2000_US,1,1,0,48,-186.8555,-186.8555
8832,4094,359.8242,2000,LEFT_2000_US,1,1,0,48,-188.4375,-188.4375
8872,4073,357.9785,2000,LEFT_2000_US,1,1,0,48,-190.2832,-190.2832
8912,4062,357.0117,2000,LEFT_2000_US,1,1,0,48,-191.2500,-191.2500
8952,4044,355.4297,2000,LEFT_2000_US,1,1,0,48,-192.8320,-192.8320
8992,4020,353.3203,2000,LEFT_2000_US,1,1,0,48,-194.9414,-194.9414
9032,4007,352.1777,2000,LEFT_2000_US,1,1,0,48,-196.0840,-196.0840
9072,3994,351.0352,2000,LEFT_2000_US,1,1,0,48,-197.2266,-197.2266
9112,3979,349.7168,2000,LEFT_2000_US,1,1,0,48,-198.5449,-198.5449
9152,3969,348.8379,2000,LEFT_2000_US,1,1,0,48,-199.4238,-199.4238
9192,3952,347.3438,2000,LEFT_2000_US,1,1,0,48,-200.9180,-200.9180
9232,3939,346.2012,2000,LEFT_2000_US,1,1,0,48,-202.0605,-202.0605
9272,3912,343.8281,2000,LEFT_2000_US,1,1,0,48,-204.4336,-204.4336
9312,3897,342.5098,2000,LEFT_2000_US,1,1,0,48,-205.7520,-205.7520
9352,3880,341.0156,2000,LEFT_2000_US,1,1,0,48,-207.2461,-207.2461
9392,3874,340.4883,2000,LEFT_2000_US,1,1,0,48,-207.7734,-207.7734
9432,3852,338.5547,2000,LEFT_2000_US,1,1,0,48,-209.7070,-209.7070
9472,3846,338.0273,2000,LEFT_2000_US,1,1,0,48,-210.2344,-210.2344
9512,3832,336.7969,2000,LEFT_2000_US,1,1,0,48,-211.4648,-211.4648
9552,3816,335.3906,2000,LEFT_2000_US,1,1,0,48,-212.8711,-212.8711
9592,3792,333.2812,2000,LEFT_2000_US,1,1,0,48,-214.9805,-214.9805
9632,3787,332.8418,2000,LEFT_2000_US,1,1,0,48,-215.4199,-215.4199
9672,3757,330.2051,2000,LEFT_2000_US,1,1,0,48,-218.0566,-218.0566
9712,3744,329.0625,2000,LEFT_2000_US,1,1,0,48,-219.1992,-219.1992
9752,3727,327.5684,2000,LEFT_2000_US,1,1,0,48,-220.6934,-220.6934
9792,3714,326.4258,2000,LEFT_2000_US,1,1,0,48,-221.8359,-221.8359
9832,3694,324.6680,2000,LEFT_2000_US,1,1,0,48,-223.5938,-223.5938
9872,3680,323.4375,2000,LEFT_2000_US,1,1,0,48,-224.8242,-224.8242
9912,3675,322.9980,2000,LEFT_2000_US,1,1,0,48,-225.2637,-225.2637
9952,3660,321.6797,2000,LEFT_2000_US,1,1,0,48,-226.5820,-226.5820
9992,3653,321.0645,2000,LEFT_2000_US,1,1,0,48,-227.1973,-227.1973
10032,3638,319.7461,2000,LEFT_2000_US,1,1,0,48,-228.5156,-228.5156
10072,3624,318.5156,2000,LEFT_2000_US,1,1,0,48,-229.7461,-229.7461
10112,3597,316.1426,2000,LEFT_2000_US,1,1,0,48,-232.1191,-232.1191
10152,3578,314.4727,2000,LEFT_2000_US,1,1,0,48,-233.7891,-233.7891
10192,3556,312.5391,2000,LEFT_2000_US,1,1,0,48,-235.7227,-235.7227
10232,3540,311.1328,2000,LEFT_2000_US,1,1,0,48,-237.1289,-237.1289
10272,3526,309.9023,2000,LEFT_2000_US,1,1,0,48,-238.3594,-238.3594
10312,3527,309.9902,2000,LEFT_2000_US,1,1,0,48,-238.2715,-238.2715
10352,3519,309.2871,2000,LEFT_2000_US,1,1,0,48,-238.9746,-238.9746
10392,3502,307.7930,2000,LEFT_2000_US,1,1,0,48,-240.4688,-240.4688
10432,3488,306.5625,2000,LEFT_2000_US,1,1,0,48,-241.6992,-241.6992
10472,3472,305.1562,2000,LEFT_2000_US,1,1,0,48,-243.1055,-243.1055
10512,4095,359.9121,2000,LEFT_2000_US,1,0,1,48,-243.1055,-243.1055
10552,3425,301.0254,2000,LEFT_2000_US,1,1,0,48,-247.2363,-247.2363
10592,3424,300.9375,2000,LEFT_2000_US,1,1,0,48,-247.3242,-247.3242
10632,3408,299.5312,2000,LEFT_2000_US,1,1,0,48,-248.7305,-248.7305
10672,3393,298.2129,2000,LEFT_2000_US,1,1,0,48,-250.0488,-250.0488
10712,3369,296.1035,2000,LEFT_2000_US,1,1,0,48,-252.1582,-252.1582
10752,3380,297.0703,2000,LEFT_2000_US,1,1,0,48,-251.1914,-251.1914
10792,3366,295.8398,2000,LEFT_2000_US,1,1,0,48,-252.4219,-252.4219
10832,3328,292.5000,2000,LEFT_2000_US,1,1,0,48,-255.7617,-255.7617
10872,3318,291.6211,2000,LEFT_2000_US,1,1,0,48,-256.6406,-256.6406
10912,3314,291.2695,2000,LEFT_2000_US,1,1,0,48,-256.9922,-256.9922
10952,3287,288.8965,2000,LEFT_2000_US,1,1,0,48,-259.3652,-259.3652
10992,3278,288.1055,2000,LEFT_2000_US,1,1,0,48,-260.1562,-260.1562
11032,3289,289.0723,2000,LEFT_2000_US,1,1,0,48,-259.1895,-259.1895
11072,3271,287.4902,2000,LEFT_2000_US,1,1,0,48,-260.7715,-260.7715
11112,3238,284.5898,2000,LEFT_2000_US,1,1,0,48,-263.6719,-263.6719
11152,3248,285.4688,2000,LEFT_2000_US,1,1,0,48,-262.7930,-262.7930
11192,3234,284.2383,2000,LEFT_2000_US,1,1,0,48,-264.0234,-264.0234
11232,3200,281.2500,2000,LEFT_2000_US,1,1,0,48,-267.0117,-267.0117
11272,3191,280.4590,2000,LEFT_2000_US,1,1,0,48,-267.8027,-267.8027
11312,3198,281.0742,2000,LEFT_2000_US,1,1,0,48,-267.1875,-267.1875
11352,3183,279.7559,2000,LEFT_2000_US,1,1,0,48,-268.5059,-268.5059
11392,3170,278.6133,2000,LEFT_2000_US,1,1,0,48,-269.6484,-269.6484
11432,3165,278.1738,2000,LEFT_2000_US,1,1,0,48,-270.0879,-270.0879
11472,3150,276.8555,2000,LEFT_2000_US,1,1,0,48,-271.4062,-271.4062
11512,3142,276.1523,2000,LEFT_2000_US,1,1,0,48,-272.1094,-272.1094
11552,3119,274.1309,2000,LEFT_2000_US,1,1,0,48,-274.1309,-274.1309
11592,3100,272.4609,2000,LEFT_2000_US,1,1,0,48,-275.8008,-275.8008
11633,3089,271.4941,2000,LEFT_2000_US,1,1,0,48,-276.7676,-276.7676
11672,3069,269.7363,2000,LEFT_2000_US,1,1,0,48,-278.5254,-278.5254
11712,3056,268.5938,2000,LEFT_2000_US,1,1,0,48,-279.6680,-279.6680
11752,3059,268.8574,2000,LEFT_2000_US,1,1,0,48,-279.4043,-279.4043
11792,3047,267.8027,2000,LEFT_2000_US,1,1,0,48,-280.4590,-280.4590
11832,3027,266.0449,2000,LEFT_2000_US,1,1,0,48,-282.2168,-282.2168
11872,3035,266.7480,2000,LEFT_2000_US,1,1,0,48,-281.5137,-281.5137
11912,3024,265.7812,2000,LEFT_2000_US,1,1,0,48,-282.4805,-282.4805
11952,2988,262.6172,2000,LEFT_2000_US,1,1,0,48,-285.6445,-285.6445
11992,2991,262.8809,2000,LEFT_2000_US,1,1,0,48,-285.3809,-285.3809
12032,2987,262.5293,2000,LEFT_2000_US,1,1,0,48,-285.7324,-285.7324
12072,2954,259.6289,2000,LEFT_2000_US,1,1,0,48,-288.6328,-288.6328
12112,2942,258.5742,2000,LEFT_2000_US,1,1,0,48,-289.6875,-289.6875
12152,2952,259.4531,2000,LEFT_2000_US,1,1,0,48,-288.8086,-288.8086
12192,2941,258.4863,2000,LEFT_2000_US,1,1,0,48,-289.7754,-289.7754
12232,2917,256.3770,2000,LEFT_2000_US,1,1,0,48,-291.8848,-291.8848
12272,2911,255.8496,2000,LEFT_2000_US,1,1,0,48,-292.4121,-292.4121
12312,2911,255.8496,2000,LEFT_2000_US,1,1,0,48,-292.4121,-292.4121
12352,2878,252.9492,2000,LEFT_2000_US,1,1,0,48,-295.3125,-295.3125
12392,2878,252.9492,2000,LEFT_2000_US,1,1,0,48,-295.3125,-295.3125
12432,2859,251.2793,2000,LEFT_2000_US,1,1,0,48,-296.9824,-296.9824
12472,2853,250.7520,2000,LEFT_2000_US,1,1,0,48,-297.5098,-297.5098
12512,2833,248.9941,2000,LEFT_2000_US,1,1,0,48,-299.2676,-299.2676
12552,2839,249.5215,2000,LEFT_2000_US,1,1,0,48,-298.7402,-298.7402
12592,2827,248.4668,2000,LEFT_2000_US,1,1,0,48,-299.7949,-299.7949
12632,2820,247.8516,2000,LEFT_2000_US,1,1,0,48,-300.4102,-300.4102
12672,2813,247.2363,2000,LEFT_2000_US,1,1,0,48,-301.0254,-301.0254
12712,2803,246.3574,2000,LEFT_2000_US,1,1,0,48,-301.9043,-301.9043
12752,2792,245.3906,2000,LEFT_2000_US,1,1,0,48,-302.8711,-302.8711
12792,2769,243.3691,2000,LEFT_2000_US,1,1,0,48,-304.8926,-304.8926
12832,2750,241.6992,2000,LEFT_2000_US,1,1,0,48,-306.5625,-306.5625
12872,4095,359.9121,2000,LEFT_2000_US,1,0,1,48,-306.5625,-306.5625
12912,2726,239.5898,2000,LEFT_2000_US,1,1,0,48,-308.6719,-308.6719
12952,2729,239.8535,2000,LEFT_2000_US,1,1,0,48,-308.4082,-308.4082
12992,2723,239.3262,2000,LEFT_2000_US,1,1,0,48,-308.9355,-308.9355
13032,2716,238.7109,2000,LEFT_2000_US,1,1,0,48,-309.5508,-309.5508
13072,2705,237.7441,2000,LEFT_2000_US,1,1,0,48,-310.5176,-310.5176
13112,2693,236.6895,2000,LEFT_2000_US,1,1,0,48,-311.5723,-311.5723
13152,2675,235.1074,2000,LEFT_2000_US,1,1,0,48,-313.1543,-313.1543
13192,2650,232.9102,2000,LEFT_2000_US,1,1,0,48,-315.3516,-315.3516
13232,2658,233.6133,2000,LEFT_2000_US,1,1,0,48,-314.6484,-314.6484
13272,2646,232.5586,2000,LEFT_2000_US,1,1,0,48,-315.7031,-315.7031
13312,2618,230.0977,2000,LEFT_2000_US,1,1,0,48,-318.1641,-318.1641
13352,2616,229.9219,2000,LEFT_2000_US,1,1,0,48,-318.3398,-318.3398
13392,2616,229.9219,2000,LEFT_2000_US,1,1,0,48,-318.3398,-318.3398
13432,2604,228.8672,2000,LEFT_2000_US,1,1,0,48,-319.3945,-319.3945
13472,2585,227.1973,2000,LEFT_2000_US,1,1,0,48,-321.0645,-321.0645
13512,2579,226.6699,2000,LEFT_2000_US,1,1,0,48,-321.5918,-321.5918
13552,2560,225.0000,2000,LEFT_2000_US,1,1,0,48,-323.2617,-323.2617
13592,2539,223.1543,2000,LEFT_2000_US,1,1,0,48,-325.1074,-325.1074
13632,2546,223.7695,2000,LEFT_2000_US,1,1,0,48,-324.4922,-324.4922
13672,2526,222.0117,2000,LEFT_2000_US,1,1,0,48,-326.2500,-326.2500
13712,2508,220.4297,2000,LEFT_2000_US,1,1,0,48,-327.8320,-327.8320
13752,2499,219.6387,2000,LEFT_2000_US,1,1,0,48,-328.6230,-328.6230
13792,2498,219.5508,2000,LEFT_2000_US,1,1,0,48,-328.7109,-328.7109
13832,2487,218.5840,2000,LEFT_2000_US,1,1,0,48,-329.6777,-329.6777
13872,2470,217.0898,2000,LEFT_2000_US,1,1,0,48,-331.1719,-331.1719
13912,2456,215.8594,2000,LEFT_2000_US,1,1,0,48,-332.4023,-332.4023
13952,2445,214.8926,2000,LEFT_2000_US,1,1,0,48,-333.3691,-333.3691
13992,2423,212.9590,2000,LEFT_2000_US,1,1,0,48,-335.3027,-335.3027
14032,2412,211.9922,2000,LEFT_2000_US,1,1,0,48,-336.2695,-336.2695
14072,2400,210.9375,2000,LEFT_2000_US,1,1,0,48,-337.3242,-337.3242
14112,2396,210.5859,2000,LEFT_2000_US,1,1,0,48,-337.6758,-337.6758
14152,2390,210.0586,2000,LEFT_2000_US,1,1,0,48,-338.2031,-338.2031
14192,2375,208.7402,2000,LEFT_2000_US,1,1,0,48,-339.5215,-339.5215
14232,2368,208.1250,2000,LEFT_2000_US,1,1,0,48,-340.1367,-340.1367
14272,2355,206.9824,2000,LEFT_2000_US,1,1,0,48,-341.2793,-341.2793
14312,2335,205.2246,2000,LEFT_2000_US,1,1,0,48,-343.0371,-343.0371
14352,2319,203.8184,2000,LEFT_2000_US,1,1,0,48,-344.4434,-344.4434
14392,2308,202.8516,2000,LEFT_2000_US,1,1,0,48,-345.4102,-345.4102
14432,2302,202.3242,2000,LEFT_2000_US,1,1,0,48,-345.9375,-345.9375
14472,2292,201.4453,2000,LEFT_2000_US,1,1,0,48,-346.8164,-346.8164
14512,2281,200.4785,2000,LEFT_2000_US,1,1,0,48,-347.7832,-347.7832
14552,2262,198.8086,2000,LEFT_2000_US,1,1,0,48,-349.4531,-349.4531
14592,2259,198.5449,2000,LEFT_2000_US,1,1,0,48,-349.7168,-349.7168
14632,2242,197.0508,2000,LEFT_2000_US,1,1,0,48,-351.2109,-351.2109
14672,2229,195.9082,2000,LEFT_2000_US,1,1,0,48,-352.3535,-352.3535
14712,2221,195.2051,2000,LEFT_2000_US,1,1,0,48,-353.0566,-353.0566
14752,2207,193.9746,2000,LEFT_2000_US,1,1,0,48,-354.2871,-354.2871
14792,2196,193.0078,2000,LEFT_2000_US,1,1,0,48,-355.2539,-355.2539
14832,2193,192.7441,2000,LEFT_2000_US,1,1,0,48,-355.5176,-355.5176
14872,2180,191.6016,2000,LEFT_2000_US,1,1,0,48,-356.6602,-356.6602
14912,2160,189.8438,2000,LEFT_2000_US,1,1,0,48,-358.4180,-358.4180
14952,2155,189.4043,2000,LEFT_2000_US,1,1,0,48,-358.8574,-358.8574
14992,2140,188.0859,2000,LEFT_2000_US,1,1,0,48,-360.1758,-360.1758
15032,2126,186.8555,2000,LEFT_2000_US,1,1,0,48,-361.4062,-361.4062
15072,2114,185.8008,2000,LEFT_2000_US,1,1,0,48,-362.4609,-362.4609
15112,2108,185.2734,2000,LEFT_2000_US,1,1,0,48,-362.9883,-362.9883
15152,2092,183.8672,2000,LEFT_2000_US,1,1,0,48,-364.3945,-364.3945
15192,2080,182.8125,2000,LEFT_2000_US,1,1,0,48,-365.4492,-365.4492
15232,2069,181.8457,2000,LEFT_2000_US,1,1,0,48,-366.4160,-366.4160
15272,2055,180.6152,2000,LEFT_2000_US,1,1,0,48,-367.6465,-367.6465
15312,2044,179.6484,2000,LEFT_2000_US,1,1,0,48,-368.6133,-368.6133
15352,2029,178.3301,2000,LEFT_2000_US,1,1,0,48,-369.9316,-369.9316
15392,2018,177.3633,2000,LEFT_2000_US,1,1,0,48,-370.8984,-370.8984
15432,2007,176.3965,2000,LEFT_2000_US,1,1,0,48,-371.8652,-371.8652
15472,1996,175.4297,2000,LEFT_2000_US,1,1,0,48,-372.8320,-372.8320
15512,1985,174.4629,2000,LEFT_2000_US,1,1,0,48,-373.7988,-373.7988
15552,1972,173.3203,2000,LEFT_2000_US,1,1,0,48,-374.9414,-374.9414
15592,1960,172.2656,2000,LEFT_2000_US,1,1,0,48,-375.9961,-375.9961
15632,1945,170.9473,2000,LEFT_2000_US,1,1,0,48,-377.3145,-377.3145
15672,1933,169.8926,2000,LEFT_2000_US,1,1,0,48,-378.3691,-378.3691
15712,1925,169.1895,2000,LEFT_2000_US,1,1,0,48,-379.0723,-379.0723
15752,1912,168.0469,2000,LEFT_2000_US,1,1,0,48,-380.2148,-380.2148
15792,1901,167.0801,2000,LEFT_2000_US,1,1,0,48,-381.1816,-381.1816
15832,1886,165.7617,2000,LEFT_2000_US,1,1,0,48,-382.5000,-382.5000
15872,1878,165.0586,2000,LEFT_2000_US,1,1,0,48,-383.2031,-383.2031
15912,1864,163.8281,2000,LEFT_2000_US,1,1,0,48,-384.4336,-384.4336
15952,1846,162.2461,2000,LEFT_2000_US,1,1,0,48,-386.0156,-386.0156
15992,1837,161.4551,2000,LEFT_2000_US,1,1,0,48,-386.8066,-386.8066
16032,1826,160.4883,2000,LEFT_2000_US,1,1,0,48,-387.7734,-387.7734
16072,1812,159.2578,2000,LEFT_2000_US,1,1,0,48,-389.0039,-389.0039
16112,1808,158.9062,2000,LEFT_2000_US,1,1,0,48,-389.3555,-389.3555
16152,1791,157.4121,2000,LEFT_2000_US,1,1,0,48,-390.8496,-390.8496
16192,1782,156.6211,2000,LEFT_2000_US,1,1,0,48,-391.6406,-391.6406
16232,1771,155.6543,2000,LEFT_2000_US,1,1,0,48,-392.6074,-392.6074
16272,1753,154.0723,2000,LEFT_2000_US,1,1,0,48,-394.1895,-394.1895
16312,1738,152.7539,2000,LEFT_2000_US,1,1,0,48,-395.5078,-395.5078
16352,1730,152.0508,2000,LEFT_2000_US,1,1,0,48,-396.2109,-396.2109
16392,1727,151.7871,2000,LEFT_2000_US,1,1,0,48,-396.4746,-396.4746
16432,1705,149.8535,2000,LEFT_2000_US,1,1,0,48,-398.4082,-398.4082
16472,1703,149.6777,2000,LEFT_2000_US,1,1,0,48,-398.5840,-398.5840
16512,1693,148.7988,2000,LEFT_2000_US,1,1,0,48,-399.4629,-399.4629
16552,1675,147.2168,2000,LEFT_2000_US,1,1,0,48,-401.0449,-401.0449
16592,1669,146.6895,2000,LEFT_2000_US,1,1,0,48,-401.5723,-401.5723
16632,1658,145.7227,2000,LEFT_2000_US,1,1,0,48,-402.5391,-402.5391
16672,1636,143.7891,2000,LEFT_2000_US,1,1,0,48,-404.4727,-404.4727
16712,1625,142.8223,2000,LEFT_2000_US,1,1,0,48,-405.4395,-405.4395
16752,1622,142.5586,2000,LEFT_2000_US,1,1,0,48,-405.7031,-405.7031
16792,1600,140.6250,2000,LEFT_2000_US,1,1,0,48,-407.6367,-407.6367
16832,1598,140.4492,2000,LEFT_2000_US,1,1,0,48,-407.8125,-407.8125
16872,1594,140.0977,2000,LEFT_2000_US,1,1,0,48,-408.1641,-408.1641
16912,1584,139.2188,2000,LEFT_2000_US,1,1,0,48,-409.0430,-409.0430
16952,1562,137.2852,2000,LEFT_2000_US,1,1,0,48,-410.9766,-410.9766
16992,1559,137.0215,2000,LEFT_2000_US,1,1,0,48,-411.2402,-411.2402
17032,1537,135.0879,2000,LEFT_2000_US,1,1,0,48,-413.1738,-413.1738
17072,1525,134.0332,2000,LEFT_2000_US,1,1,0,48,-414.2285,-414.2285
17112,1512,132.8906,2000,LEFT_2000_US,1,1,0,48,-415.3711,-415.3711
17152,1518,133.4180,2000,LEFT_2000_US,1,1,0,48,-414.8438,-414.8438
17192,1492,131.1328,2000,LEFT_2000_US,1,1,0,48,-417.1289,-417.1289
17232,1491,131.0449,2000,LEFT_2000_US,1,1,0,48,-417.2168,-417.2168
17272,1485,130.5176,2000,LEFT_2000_US,1,1,0,48,-417.7441,-417.7441
17312,1456,127.9688,2000,LEFT_2000_US,1,1,0,48,-420.2930,-420.2930
17352,1456,127.9688,2000,LEFT_2000_US,1,1,0,48,-420.2930,-420.2930
17392,1440,126.5625,2000,LEFT_2000_US,1,1,0,48,-421.6992,-421.6992
17432,1424,125.1562,2000,LEFT_2000_US,1,1,0,48,-423.1055,-423.1055
17472,1411,124.0137,2000,LEFT_2000_US,1,1,0,48,-424.2480,-424.2480
17512,1400,123.0469,2000,LEFT_2000_US,1,1,0,48,-425.2148,-425.2148
17552,1389,122.0801,2000,LEFT_2000_US,1,1,0,48,-426.1816,-426.1816
17592,1392,122.3438,2000,LEFT_2000_US,1,1,0,48,-425.9180,-425.9180
17632,1392,122.3438,2000,LEFT_2000_US,1,1,0,48,-425.9180,-425.9180
17672,1382,121.4648,2000,LEFT_2000_US,1,1,0,48,-426.7969,-426.7969
17712,1373,120.6738,2000,LEFT_2000_US,1,1,0,48,-427.5879,-427.5879
17752,1361,119.6191,2000,LEFT_2000_US,1,1,0,48,-428.6426,-428.6426
17792,1330,116.8945,2000,LEFT_2000_US,1,1,0,48,-431.3672,-431.3672
17832,1319,115.9277,2000,LEFT_2000_US,1,1,0,48,-432.3340,-432.3340
17872,1311,115.2246,2000,LEFT_2000_US,1,1,0,48,-433.0371,-433.0371
17912,1293,113.6426,2000,LEFT_2000_US,1,1,0,48,-434.6191,-434.6191
17952,1282,112.6758,2000,LEFT_2000_US,1,1,0,48,-435.5859,-435.5859
17992,1300,114.2578,2000,LEFT_2000_US,1,1,0,48,-434.0039,-434.0039
18032,1286,113.0273,2000,LEFT_2000_US,1,1,0,48,-435.2344,-435.2344
18072,1257,110.4785,2000,LEFT_2000_US,1,1,0,48,-437.7832,-437.7832
18112,1270,111.6211,2000,LEFT_2000_US,1,1,0,48,-436.6406,-436.6406
18152,1255,110.3027,2000,LEFT_2000_US,1,1,0,48,-437.9590,-437.9590
18192,1222,107.4023,2000,LEFT_2000_US,1,1,0,48,-440.8594,-440.8594
18232,1213,106.6113,2000,LEFT_2000_US,1,1,0,48,-441.6504,-441.6504
18272,1217,106.9629,2000,LEFT_2000_US,1,1,0,48,-441.2988,-441.2988
18312,1194,104.9414,2000,LEFT_2000_US,1,1,0,48,-443.3203,-443.3203
18352,1207,106.0840,2000,LEFT_2000_US,1,1,0,48,-442.1777,-442.1777
18392,1197,105.2051,2000,LEFT_2000_US,1,1,0,48,-443.0566,-443.0566
18432,1179,103.6230,2000,LEFT_2000_US,1,1,0,48,-444.6387,-444.6387
18472,1176,103.3594,2000,LEFT_2000_US,1,1,0,48,-444.9023,-444.9023
18512,1164,102.3047,2000,LEFT_2000_US,1,1,0,48,-445.9570,-445.9570
18552,1141,100.2832,2000,LEFT_2000_US,1,1,0,48,-447.9785,-447.9785
18592,1130,99.3164,2000,LEFT_2000_US,1,1,0,48,-448.9453,-448.9453
18632,1103,96.9434,2000,LEFT_2000_US,1,1,0,48,-451.3184,-451.3184
18672,1090,95.8008,2000,LEFT_2000_US,1,1,0,48,-452.4609,-452.4609
18712,1103,96.9434,2000,LEFT_2000_US,1,1,0,48,-451.3184,-451.3184
18752,1069,93.9551,2000,LEFT_2000_US,1,1,0,48,-454.3066,-454.3066
18792,1063,93.4277,2000,LEFT_2000_US,1,1,0,48,-454.8340,-454.8340
18832,1077,94.6582,2000,LEFT_2000_US,1,1,0,48,-453.6035,-453.6035
18872,1056,92.8125,2000,LEFT_2000_US,1,1,0,48,-455.4492,-455.4492
18912,1023,89.9121,2000,LEFT_2000_US,1,1,0,48,-458.3496,-458.3496
18952,1034,90.8789,2000,LEFT_2000_US,1,1,0,48,-457.3828,-457.3828
18992,997,87.6270,2000,LEFT_2000_US,1,1,0,48,-460.6348,-460.6348
19032,984,86.4844,2000,LEFT_2000_US,1,1,0,48,-461.7773,-461.7773
19072,973,85.5176,2000,LEFT_2000_US,1,1,0,48,-462.7441,-462.7441
19112,994,87.3633,2000,LEFT_2000_US,1,1,0,48,-460.8984,-460.8984
19152,973,85.5176,2000,LEFT_2000_US,1,1,0,48,-462.7441,-462.7441
19192,4095,359.9121,2000,LEFT_2000_US,1,0,1,8,-462.7441,-462.7441
19232,926,81.3867,2000,LEFT_2000_US,1,1,0,48,-466.8750,-466.8750
19272,944,82.9688,2000,LEFT_2000_US,1,1,0,48,-465.2930,-465.2930
19312,914,80.3320,2000,LEFT_2000_US,1,1,0,48,-467.9297,-467.9297
19352,910,79.9805,2000,LEFT_2000_US,1,1,0,48,-468.2812,-468.2812
19392,881,77.4316,2000,LEFT_2000_US,1,1,0,48,-470.8301,-470.8301
19432,862,75.7617,2000,LEFT_2000_US,1,1,0,48,-472.5000,-472.5000
19472,849,74.6191,2000,LEFT_2000_US,1,1,0,48,-473.6426,-473.6426
19512,834,73.3008,2000,LEFT_2000_US,1,1,0,48,-474.9609,-474.9609
19552,823,72.3340,2000,LEFT_2000_US,1,1,0,48,-475.9277,-475.9277
19592,831,73.0371,2000,LEFT_2000_US,1,1,0,48,-475.2246,-475.2246
19632,828,72.7734,2000,LEFT_2000_US,1,1,0,48,-475.4883,-475.4883
19672,813,71.4551,2000,LEFT_2000_US,1,1,0,48,-476.8066,-476.8066
19712,791,69.5215,2000,LEFT_2000_US,1,1,0,48,-478.7402,-478.7402
19752,779,68.4668,2000,LEFT_2000_US,1,1,0,48,-479.7949,-479.7949
19792,763,67.0605,2000,LEFT_2000_US,1,1,0,48,-481.2012,-481.2012
19832,729,64.0723,2000,LEFT_2000_US,1,1,0,48,-484.1895,-484.1895
19872,716,62.9297,2000,LEFT_2000_US,1,1,0,48,-485.3320,-485.3320
19912,723,63.5449,2000,LEFT_2000_US,1,1,0,48,-484.7168,-484.7168
19952,697,61.2598,2000,LEFT_2000_US,1,1,0,48,-487.0020,-487.0020
19992,695,61.0840,2000,LEFT_2000_US,1,1,0,48,-487.1777,-487.1777
20032,689,60.5566,2000,LEFT_2000_US,1,1,0,48,-487.7051,-487.7051
20072,673,59.1504,2000,LEFT_2000_US,1,1,0,48,-489.1113,-489.1113
20112,660,58.0078,2000,LEFT_2000_US,1,1,0,48,-490.2539,-490.2539
20152,641,56.3379,2000,LEFT_2000_US,1,1,0,48,-491.9238,-491.9238
20192,618,54.3164,2000,LEFT_2000_US,1,1,0,48,-493.9453,-493.9453
20232,609,53.5254,2000,LEFT_2000_US,1,1,0,48,-494.7363,-494.7363
20272,584,51.3281,2000,LEFT_2000_US,1,1,0,48,-496.9336,-496.9336
20312,569,50.0098,2000,LEFT_2000_US,1,1,0,48,-498.2520,-498.2520
20352,558,49.0430,2000,LEFT_2000_US,1,1,0,48,-499.2188,-499.2188
20392,539,47.3730,2000,LEFT_2000_US,1,1,0,48,-500.8887,-500.8887
20432,524,46.0547,2000,LEFT_2000_US,1,1,0,48,-502.2070,-502.2070
20472,517,45.4395,2000,LEFT_2000_US,1,1,0,48,-502.8223,-502.8223
20512,501,44.0332,2000,LEFT_2000_US,1,1,0,48,-504.2285,-504.2285
20552,465,40.8691,2000,LEFT_2000_US,1,1,0,48,-507.3926,-507.3926
20592,462,40.6055,2000,LEFT_2000_US,1,1,0,48,-507.6562,-507.6562
20632,433,38.0566,2000,LEFT_2000_US,1,1,0,48,-510.2051,-510.2051
20672,415,36.4746,2000,LEFT_2000_US,1,1,0,48,-511.7871,-511.7871
20712,399,35.0684,2000,LEFT_2000_US,1,1,0,48,-513.1934,-513.1934
20752,396,34.8047,2000,LEFT_2000_US,1,1,0,48,-513.4570,-513.4570
20792,367,32.2559,2000,LEFT_2000_US,1,1,0,48,-516.0059,-516.0059
20832,362,31.8164,2000,LEFT_2000_US,1,1,0,48,-516.4453,-516.4453
20872,344,30.2344,2000,LEFT_2000_US,1,1,0,48,-518.0273,-518.0273
20912,327,28.7402,2000,LEFT_2000_US,1,1,0,48,-519.5215,-519.5215
20952,309,27.1582,2000,LEFT_2000_US,1,1,0,48,-521.1035,-521.1035
20992,292,25.6641,2000,LEFT_2000_US,1,1,0,16,-522.5977,-522.5977
21032,269,23.6426,2000,LEFT_2000_US,1,1,0,48,-524.6191,-524.6191
21072,247,21.7090,2000,LEFT_2000_US,1,1,0,48,-526.5527,-526.5527
21112,229,20.1270,2000,LEFT_2000_US,1,1,0,48,-528.1348,-528.1348
21152,223,19.5996,2000,LEFT_2000_US,1,1,0,48,-528.6621,-528.6621
21192,197,17.3145,2000,LEFT_2000_US,1,1,0,48,-530.9473,-530.9473
21232,182,15.9961,2000,LEFT_2000_US,1,1,0,48,-532.2656,-532.2656
21272,163,14.3262,2000,LEFT_2000_US,1,1,0,48,-533.9355,-533.9355
21312,151,13.2715,2000,LEFT_2000_US,1,1,0,48,-534.9902,-534.9902
21352,122,10.7227,2000,LEFT_2000_US,1,1,0,48,-537.5391,-537.5391
21392,115,10.1074,2000,LEFT_2000_US,1,1,0,48,-538.1543,-538.1543
21432,95,8.3496,2000,LEFT_2000_US,1,1,0,48,-539.9121,-539.9121
21472,78,6.8555,2000,LEFT_2000_US,1,1,0,48,-541.4062,-541.4062
21512,60,5.2734,2000,LEFT_2000_US,1,1,0,48,-542.9883,-542.9883
21552,45,3.9551,2000,LEFT_2000_US,1,1,0,48,-544.3066,-544.3066
21592,29,2.5488,2000,LEFT_2000_US,1,1,0,48,-545.7129,-545.7129
21632,9,0.7910,2000,LEFT_2000_US,1,1,0,48,-547.4707,-547.4707
21672,0,0.0000,2000,LEFT_2000_US,1,1,0,48,-548.2617,-548.2617
21712,4072,357.8906,2000,LEFT_2000_US,1,1,0,48,-550.3711,-550.3711
21752,4057,356.5723,2000,LEFT_2000_US,1,1,0,48,-551.6895,-551.6895
21792,4047,355.6934,2000,LEFT_2000_US,1,1,0,48,-552.5684,-552.5684
21832,4032,354.3750,2000,LEFT_2000_US,1,1,0,48,-553.8867,-553.8867
21873,4007,352.1777,2000,LEFT_2000_US,1,1,0,48,-556.0840,-556.0840
21912,4000,351.5625,2000,LEFT_2000_US,1,1,0,48,-556.6992,-556.6992
21952,3984,350.1562,2000,LEFT_2000_US,1,1,0,48,-558.1055,-558.1055
21992,3958,347.8711,2000,LEFT_2000_US,1,1,0,48,-560.3906,-560.3906
22032,3942,346.4648,2000,LEFT_2000_US,1,1,0,48,-561.7969,-561.7969
22072,3937,346.0254,2000,LEFT_2000_US,1,1,0,48,-562.2363,-562.2363
22112,4095,359.9121,2000,LEFT_2000_US,1,0,1,48,-562.2363,-562.2363
22152,3898,342.5977,2000,LEFT_2000_US,1,1,0,48,-565.6641,-565.6641
22192,3892,342.0703,2000,LEFT_2000_US,1,1,0,48,-566.1914,-566.1914
22232,3873,340.4004,2000,LEFT_2000_US,1,1,0,48,-567.8613,-567.8613
22272,3858,339.0820,2000,LEFT_2000_US,1,1,0,48,-569.1797,-569.1797
22312,3844,337.8516,2000,LEFT_2000_US,1,1,0,48,-570.4102,-570.4102
22352,3827,336.3574,2000,LEFT_2000_US,1,1,0,48,-571.9043,-571.9043
22392,4095,359.9121,2000,LEFT_2000_US,1,0,1,48,-571.9043,-571.9043
22432,3783,332.4902,2000,LEFT_2000_US,1,1,0,48,-575.7715,-575.7715
22472,3772,331.5234,2000,LEFT_2000_US,1,1,0,48,-576.7383,-576.7383
22512,3757,330.2051,2000,LEFT_2000_US,1,1,0,48,-578.0566,-578.0566
22552,3743,328.9746,2000,LEFT_2000_US,1,1,0,48,-579.2871,-579.2871
22592,3739,328.6230,2000,LEFT_2000_US,1,1,0,48,-579.6387,-579.6387
22632,3723,327.2168,2000,LEFT_2000_US,1,1,0,48,-581.0449,-581.0449
22672,3709,325.9863,2000,LEFT_2000_US,1,1,0,48,-582.2754,-582.2754
22712,3692,324.4922,2000,LEFT_2000_US,1,1,0,48,-583.7695,-583.7695
22752,3669,322.4707,2000,LEFT_2000_US,1,1,0,48,-585.7910,-585.7910
22792,3650,320.8008,2000,LEFT_2000_US,1,1,0,48,-587.4609,-587.4609
22832,3628,318.8672,2000,LEFT_2000_US,1,1,0,48,-589.3945,-589.3945
22872,3614,317.6367,2000,LEFT_2000_US,1,1,0,48,-590.6250,-590.6250
22912,3618,317.9883,2000,LEFT_2000_US,1,1,0,48,-590.2734,-590.2734
22952,3589,315.4395,2000,LEFT_2000_US,1,1,0,48,-592.8223,-592.8223
22992,3591,315.6152,2000,LEFT_2000_US,1,1,0,48,-592.6465,-592.6465
23032,3575,314.2090,2000,LEFT_2000_US,1,1,0,48,-594.0527,-594.0527
23072,3561,312.9785,2000,LEFT_2000_US,1,1,0,48,-595.2832,-595.2832
23112,3525,309.8145,2000,LEFT_2000_US,1,1,0,48,-598.4473,-598.4473
23152,3530,310.2539,2000,LEFT_2000_US,1,1,0,48,-598.0078,-598.0078
23192,3502,307.7930,2000,LEFT_2000_US,1,1,0,48,-600.4688,-600.4688
23232,3480,305.8594,2000,LEFT_2000_US,1,1,0,48,-602.4023,-602.4023
23272,3464,304.4531,2000,LEFT_2000_US,1,1,0,48,-603.8086,-603.8086
23312,3464,304.4531,2000,LEFT_2000_US,1,1,0,48,-603.8086,-603.8086
23352,3436,301.9922,2000,LEFT_2000_US,1,1,0,48,-606.2695,-606.2695
23392,3431,301.5527,2000,LEFT_2000_US,1,1,0,48,-606.7090,-606.7090
23432,3433,301.7285,2000,LEFT_2000_US,1,1,0,48,-606.5332,-606.5332
23472,3419,300.4980,2000,LEFT_2000_US,1,1,0,48,-607.7637,-607.7637
23512,3383,297.3340,2000,LEFT_2000_US,1,1,0,48,-610.9277,-610.9277
23552,3373,296.4551,2000,LEFT_2000_US,1,1,0,48,-611.8066,-611.8066
23592,3355,294.8730,2000,LEFT_2000_US,1,1,0,48,-613.3887,-613.3887
23632,3346,294.0820,2000,LEFT_2000_US,1,1,0,48,-614.1797,-614.1797
23672,3332,292.8516,2000,LEFT_2000_US,1,1,0,48,-615.4102,-615.4102
23712,3341,293.6426,2000,LEFT_2000_US,1,1,0,48,-614.6191,-614.6191
23752,3327,292.4121,2000,LEFT_2000_US,1,1,0,48,-615.8496,-615.8496
23792,3315,291.3574,2000,LEFT_2000_US,1,1,0,48,-616.9043,-616.9043
23832,3280,288.2812,2000,LEFT_2000_US,1,1,0,48,-619.9805,-619.9805
23872,3290,289.1602,2000,LEFT_2000_US,1,1,0,48,-619.1016,-619.1016
23912,3250,285.6445,2000,LEFT_2000_US,1,1,0,48,-622.6172,-622.6172
23952,3241,284.8535,2000,LEFT_2000_US,1,1,0,48,-623.4082,-623.4082
23992,3227,283.6230,2000,LEFT_2000_US,1,1,0,48,-624.6387,-624.6387
24032,3228,283.7109,2000,LEFT_2000_US,1,1,0,48,-624.5508,-624.5508
24072,3201,281.3379,2000,LEFT_2000_US,1,1,0,48,-626.9238,-626.9238
24112,3187,280.1074,2000,LEFT_2000_US,1,1,0,48,-628.1543,-628.1543
24152,3197,280.9863,2000,LEFT_2000_US,1,1,0,48,-627.2754,-627.2754
24192,3187,280.1074,2000,LEFT_2000_US,1,1,0,48,-628.1543,-628.1543
24233,3157,277.4707,2000,LEFT_2000_US,1,1,0,48,-630.7910,-630.7910
24272,3144,276.3281,2000,LEFT_2000_US,1,1,0,48,-631.9336,-631.9336
24312,3141,276.0645,2000,LEFT_2000_US,1,1,0,48,-632.1973,-632.1973
24352,3117,273.9551,2000,LEFT_2000_US,1,1,0,48,-634.3066,-634.3066
24392,3101,272.5488,2000,LEFT_2000_US,1,1,0,48,-635.7129,-635.7129
24432,3090,271.5820,2000,LEFT_2000_US,1,1,0,48,-636.6797,-636.6797
24472,3078,270.5273,2000,LEFT_2000_US,1,1,0,48,-637.7344,-637.7344
24512,3065,269.3848,2000,LEFT_2000_US,1,1,0,48,-638.8770,-638.8770
24552,3076,270.3516,2000,LEFT_2000_US,1,1,0,48,-637.9102,-637.9102
24592,3065,269.3848,2000,LEFT_2000_US,1,1,0,48,-638.8770,-638.8770
24632,3030,266.3086,2000,LEFT_2000_US,1,1,0,48,-641.9531,-641.9531
24672,3044,267.5391,2000,LEFT_2000_US,1,1,0,48,-640.7227,-640.7227
24712,3034,266.6602,2000,LEFT_2000_US,1,1,0,48,-641.6016,-641.6016
24752,2998,263.4961,2000,LEFT_2000_US,1,1,0,48,-644.7656,-644.7656
24792,2999,263.5840,2000,LEFT_2000_US,1,1,0,48,-644.6777,-644.6777
24832,2990,262.7930,2000,LEFT_2000_US,1,1,0,48,-645.4688,-645.4688
24872,2963,260.4199,2000,LEFT_2000_US,1,1,0,48,-647.8418,-647.8418
24912,2953,259.5410,2000,LEFT_2000_US,1,1,0,48,-648.7207,-648.7207
24952,2965,260.5957,2000,LEFT_2000_US,1,1,0,48,-647.6660,-647.6660
24992,2947,259.0137,2000,LEFT_2000_US,1,1,0,48,-649.2480,-649.2480
25032,2935,257.9590,2000,LEFT_2000_US,1,1,0,48,-650.3027,-650.3027
25072,2926,257.1680,2000,LEFT_2000_US,1,1,0,48,-651.0938,-651.0938
25112,2919,256.5527,2000,LEFT_2000_US,1,1,0,48,-651.7090,-651.7090
25152,2885,253.5645,2000,LEFT_2000_US,1,1,0,48,-654.6973,-654.6973
25192,2882,253.3008,2000,LEFT_2000_US,1,1,0,48,-654.9609,-654.9609
25232,2865,251.8066,2000,LEFT_2000_US,1,1,0,48,-656.4551,-656.4551
25273,2855,250.9277,2000,LEFT_2000_US,1,1,0,48,-657.3340,-657.3340
25312,2857,251.1035,2000,LEFT_2000_US,1,1,0,48,-657.1582,-657.1582
25352,2835,249.1699,2000,LEFT_2000_US,1,1,0,48,-659.0918,-659.0918
25392,2846,250.1367,2000,LEFT_2000_US,1,1,0,48,-658.1250,-658.1250
25432,2836,249.2578,2000,LEFT_2000_US,1,1,0,48,-659.0039,-659.0039
25472,2810,246.9727,2000,LEFT_2000_US,1,1,0,48,-661.2891,-661.2891
25512,2806,246.6211,2000,LEFT_2000_US,1,1,0,48,-661.6406,-661.6406
25552,2786,244.8633,2000,LEFT_2000_US,1,1,0,48,-663.3984,-663.3984
25592,2768,243.2812,2000,LEFT_2000_US,1,1,0,48,-664.9805,-664.9805
25632,2758,242.4023,2000,LEFT_2000_US,1,1,0,48,-665.8594,-665.8594
25672,2767,243.1934,2000,LEFT_2000_US,1,1,0,48,-665.0684,-665.0684
25712,2741,240.9082,2000,LEFT_2000_US,1,1,0,48,-667.3535,-667.3535
25752,2732,240.1172,2000,LEFT_2000_US,1,1,0,48,-668.1445,-668.1445
25792,2737,240.5566,2000,LEFT_2000_US,1,1,0,48,-667.7051,-667.7051
25832,2724,239.4141,2000,LEFT_2000_US,1,1,0,48,-668.8477,-668.8477
25872,2695,236.8652,2000,LEFT_2000_US,1,1,0,48,-671.3965,-671.3965
25912,2695,236.8652,2000,LEFT_2000_US,1,1,0,48,-671.3965,-671.3965
25952,2684,235.8984,2000,LEFT_2000_US,1,1,0,48,-672.3633,-672.3633
25992,2660,233.7891,2000,LEFT_2000_US,1,1,0,48,-674.4727,-674.4727
26032,2652,233.0859,2000,LEFT_2000_US,1,1,0,48,-675.1758,-675.1758
26072,2638,231.8555,2000,LEFT_2000_US,1,1,0,48,-676.4062,-676.4062
26112,2644,232.3828,2000,LEFT_2000_US,1,1,0,48,-675.8789,-675.8789
26152,2632,231.3281,2000,LEFT_2000_US,1,1,0,48,-676.9336,-676.9336
26192,2623,230.5371,2000,LEFT_2000_US,1,1,0,48,-677.7246,-677.7246
26232,2606,229.0430,2000,LEFT_2000_US,1,1,0,48,-679.2188,-679.2188
26272,2594,227.9883,2000,LEFT_2000_US,1,1,0,48,-680.2734,-680.2734
26312,2577,226.4941,2000,LEFT_2000_US,1,1,0,48,-681.7676,-681.7676
26352,2562,225.1758,2000,LEFT_2000_US,1,1,0,48,-683.0859,-683.0859
26392,2565,225.4395,2000,LEFT_2000_US,1,1,0,48,-682.8223,-682.8223
26432,2553,224.3848,2000,LEFT_2000_US,1,1,0,48,-683.8770,-683.8770
26472,2525,221.9238,2000,LEFT_2000_US,1,1,0,48,-686.3379,-686.3379
26512,2531,222.4512,2000,LEFT_2000_US,1,1,0,48,-685.8105,-685.8105
26552,-1,-1.0000,2000,LEFT_2000_US,0,0,0,0,-685.8105,-685.8105
26592,2495,219.2871,2000,LEFT_2000_US,1,1,0,48,-688.9746,-688.9746
26632,2492,219.0234,2000,LEFT_2000_US,1,1,0,48,-689.2383,-689.2383
26672,2484,218.3203,2000,LEFT_2000_US,1,1,0,48,-689.9414,-689.9414
26712,2457,215.9473,2000,LEFT_2000_US,1,1,0,48,-692.3145,-692.3145
26752,2444,214.8047,2000,LEFT_2000_US,1,1,0,48,-693.4570,-693.4570
26792,2448,215.1562,2000,LEFT_2000_US,1,1,0,48,-693.1055,-693.1055
26832,2419,212.6074,2000,LEFT_2000_US,1,1,0,48,-695.6543,-695.6543
26872,-1,-1.0000,2000,LEFT_2000_US,0,0,0,0,-695.6543,-695.6543
26912,2400,210.9375,2000,LEFT_2000_US,1,1,0,48,-697.3242,-697.3242
26952,2388,209.8828,2000,LEFT_2000_US,1,1,0,48,-698.3789,-698.3789
26992,2388,209.8828,2000,LEFT_2000_US,1,1,0,48,-698.3789,-698.3789
27032,2377,208.9160,2000,LEFT_2000_US,1,1,0,48,-699.3457,-699.3457
27072,2353,206.8066,2000,LEFT_2000_US,1,1,0,48,-701.4551,-701.4551
27112,2356,207.0703,2000,LEFT_2000_US,1,1,0,48,-701.1914,-701.1914
27152,2344,206.0156,2000,LEFT_2000_US,1,1,0,48,-702.2461,-702.2461
27192,2319,203.8184,2000,LEFT_2000_US,1,1,0,48,-704.4434,-704.4434
27232,2318,203.7305,2000,LEFT_2000_US,1,1,0,48,-704.5312,-704.5312
27272,2296,201.7969,2000,LEFT_2000_US,1,1,0,48,-706.4648,-706.4648
27312,2291,201.3574,2000,LEFT_2000_US,1,1,0,48,-706.9043,-706.9043
27352,2273,199.7754,2000,LEFT_2000_US,1,1,0,48,-708.4863,-708.4863
27392,2267,199.2480,2000,LEFT_2000_US,1,1,0,48,-709.0137,-709.0137
27432,2260,198.6328,2000,LEFT_2000_US,1,1,0,48,-709.6289,-709.6289
27472,2248,197.5781,2000,LEFT_2000_US,1,1,0,48,-710.6836,-710.6836
27512,2233,196.2598,2000,LEFT_2000_US,1,1,0,48,-712.0020,-712.0020
27552,2216,194.7656,2000,LEFT_2000_US,1,1,0,48,-713.4961,-713.4961
27592,2207,193.9746,2000,LEFT_2000_US,1,1,0,48,-714.2871,-714.2871
27632,2195,192.9199,2000,LEFT_2000_US,1,1,0,48,-715.3418,-715.3418
27672,2184,191.9531,2000,LEFT_2000_US,1,1,0,48,-716.3086,-716.3086
27712,2169,190.6348,2000,LEFT_2000_US,1,1,0,48,-717.6270,-717.6270
27752,2157,189.5801,2000,LEFT_2000_US,1,1,0,48,-718.6816,-718.6816
27792,2145,188.5254,2000,LEFT_2000_US,1,1,0,48,-719.7363,-719.7363
27832,2135,187.6465,2000,LEFT_2000_US,1,1,0,48,-720.6152,-720.6152
27872,2127,186.9434,2000,LEFT_2000_US,1,1,0,48,-721.3184,-721.3184
27912,2109,185.3613,2000,LEFT_2000_US,1,1,0,48,-722.9004,-722.9004
27952,2103,184.8340,2000,LEFT_2000_US,1,1,0,48,-723.4277,-723.4277
27992,2090,183.6914,2000,LEFT_2000_US,1,1,0,48,-724.5703,-724.5703
28032,2073,182.1973,2000,LEFT_2000_US,1,1,0,48,-726.0645,-726.0645
28072,2066,181.5820,2000,LEFT_2000_US,1,1,0,48,-726.6797,-726.6797
28112,2058,180.8789,2000,LEFT_2000_US,1,1,0,48,-727.3828,-727.3828
28152,2037,179.0332,2000,LEFT_2000_US,1,1,0,48,-729.2285,-729.2285
28192,2026,178.0664,2000,LEFT_2000_US,1,1,0,48,-730.1953,-730.1953
28232,2017,177.2754,2000,LEFT_2000_US,1,1,0,48,-730.9863,-730.9863
28272,2002,175.9570,2000,LEFT_2000_US,1,1,0,48,-732.3047,-732.3047
28312,1990,174.9023,2000,LEFT_2000_US,1,1,0,48,-733.3594,-733.3594
28352,1980,174.0234,2000,LEFT_2000_US,1,1,0,48,-734.2383,-734.2383
28392,1966,172.7930,2000,LEFT_2000_US,1,1,0,48,-735.4688,-735.4688
28432,1952,171.5625,2000,LEFT_2000_US,1,1,0,48,-736.6992,-736.6992
28472,1940,170.5078,2000,LEFT_2000_US,1,1,0,48,-737.7539,-737.7539
28512,1929,169.5410,2000,LEFT_2000_US,1,1,0,48,-738.7207,-738.7207
28552,1916,168.3984,2000,LEFT_2000_US,1,1,0,48,-739.8633,-739.8633
28592,1908,167.6953,2000,LEFT_2000_US,1,1,0,48,-740.5664,-740.5664
28632,1892,166.2891,2000,LEFT_2000_US,1,1,0,48,-741.9727,-741.9727
28672,1881,165.3223,2000,LEFT_2000_US,1,1,0,48,-742.9395,-742.9395
28712,1868,164.1797,2000,LEFT_2000_US,1,1,0,48,-744.0820,-744.0820
28752,1858,163.3008,2000,LEFT_2000_US,1,1,0,48,-744.9609,-744.9609
28792,1847,162.3340,2000,LEFT_2000_US,1,1,0,48,-745.9277,-745.9277
28832,1829,160.7520,2000,LEFT_2000_US,1,1,0,48,-747.5098,-747.5098
28872,1824,160.3125,2000,LEFT_2000_US,1,1,0,48,-747.9492,-747.9492
28912,1812,159.2578,2000,LEFT_2000_US,1,1,0,48,-749.0039,-749.0039
28952,1801,158.2910,2000,LEFT_2000_US,1,1,0,48,-749.9707,-749.9707
28992,-1,-1.0000,2000,LEFT_2000_US,0,0,0,0,-749.9707,-749.9707
29032,1775,156.0059,2000,LEFT_2000_US,1,1,0,48,-752.2559,-752.2559
29072,1767,155.3027,2000,LEFT_2000_US,1,1,0,48,-752.9590,-752.9590
29112,1750,153.8086,2000,LEFT_2000_US,1,1,0,48,-754.4531,-754.4531
29152,1733,152.3145,2000,LEFT_2000_US,1,1,0,48,-755.9473,-755.9473
29192,1725,151.6113,2000,LEFT_2000_US,1,1,0,48,-756.6504,-756.6504
29232,1714,150.6445,2000,LEFT_2000_US,1,1,0,48,-757.6172,-757.6172
29272,1701,149.5020,2000,LEFT_2000_US,1,1,0,48,-758.7598,-758.7598
29312,1691,148.6230,2000,LEFT_2000_US,1,1,0,48,-759.6387,-759.6387
29353,1680,147.6562,2000,LEFT_2000_US,1,1,0,48,-760.6055,-760.6055
29392,1672,146.9531,2000,LEFT_2000_US,1,1,0,48,-761.3086,-761.3086
29432,1658,145.7227,2000,LEFT_2000_US,1,1,0,48,-762.5391,-762.5391
29472,1648,144.8438,2000,LEFT_2000_US,1,1,0,48,-763.4180,-763.4180
29512,1636,143.7891,2000,LEFT_2000_US,1,1,0,48,-764.4727,-764.4727
29552,1616,142.0312,2000,LEFT_2000_US,1,1,0,48,-766.2305,-766.2305
29592,1605,141.0645,2000,LEFT_2000_US,1,1,0,48,-767.1973,-767.1973
29632,1592,139.9219,2000,LEFT_2000_US,1,1,0,48,-768.3398,-768.3398
29672,1599,140.5371,2000,LEFT_2000_US,1,1,0,48,-767.7246,-767.7246
29712,1587,139.4824,2000,LEFT_2000_US,1,1,0,48,-768.7793,-768.7793
29752,1561,137.1973,2000,LEFT_2000_US,1,1,0,48,-771.0645,-771.0645
29792,1564,137.4609,2000,LEFT_2000_US,1,1,0,48,-770.8008,-770.8008
29832,1548,136.0547,2000,LEFT_2000_US,1,1,0,48,-772.2070,-772.2070
29872,1525,134.0332,2000,LEFT_2000_US,1,1,0,48,-774.2285,-774.2285
29912,1521,133.6816,2000,LEFT_2000_US,1,1,0,48,-774.5801,-774.5801
29952,1506,132.3633,2000,LEFT_2000_US,1,1,0,48,-775.8984,-775.8984
29992,1512,132.8906,2000,LEFT_2000_US,1,1,0,48,-775.3711,-775.3711
30032,1499,131.7480,2000,LEFT_2000_US,1,1,0,48,-776.5137,-776.5137
30072,1483,130.3418,2000,LEFT_2000_US,1,1,0,48,-777.9199,-777.9199
30112,1475,129.6387,2000,LEFT_2000_US,1,1,0,48,-778.6230,-778.6230
30152,1455,127.8809,2000,LEFT_2000_US,1,1,0,48,-780.3809,-780.3809
30192,1459,128.2324,2000,LEFT_2000_US,1,1,0,48,-780.0293,-780.0293
30232,1449,127.3535,2000,LEFT_2000_US,1,1,0,48,-780.9082,-780.9082
30272,1422,124.9805,2000,LEFT_2000_US,1,1,0,48,-783.2812,-783.2812
30312,1403,123.3105,2000,LEFT_2000_US,1,1,0,48,-784.9512,-784.9512
30352,1404,123.3984,2000,LEFT_2000_US,1,1,0,48,-784.8633,-784.8633
30392,1382,121.4648,2000,LEFT_2000_US,1,1,0,48,-786.7969,-786.7969
30432,1372,120.5859,2000,LEFT_2000_US,1,1,0,48,-787.6758,-787.6758
30472,1368,120.2344,2000,LEFT_2000_US,1,1,0,48,-788.0273,-788.0273
30512,1360,119.5312,2000,LEFT_2000_US,1,1,0,48,-788.7305,-788.7305
30552,1363,119.7949,2000,LEFT_2000_US,1,1,0,48,-788.4668,-788.4668
30592,1331,116.9824,2000,LEFT_2000_US,1,1,0,48,-791.2793,-791.2793
30632,1322,116.1914,2000,LEFT_2000_US,1,1,0,48,-792.0703,-792.0703
30672,1334,117.2461,2000,LEFT_2000_US,1,1,0,48,-791.0156,-791.0156
30712,1303,114.5215,2000,LEFT_2000_US,1,1,0,48,-793.7402,-793.7402
30752,1290,113.3789,2000,LEFT_2000_US,1,1,0,48,-794.8828,-794.8828
30792,1297,113.9941,2000,LEFT_2000_US,1,1,0,48,-794.2676,-794.2676
30832,1269,111.5332,2000,LEFT_2000_US,1,1,0,48,-796.7285,-796.7285
30872,1272,111.7969,2000,LEFT_2000_US,1,1,0,48,-796.4648,-796.4648
30912,1275,112.0605,2000,LEFT_2000_US,1,1,0,48,-796.2012,-796.2012
30952,1244,109.3359,2000,LEFT_2000_US,1,1,0,48,-798.9258,-798.9258
30992,1231,108.1934,2000,LEFT_2000_US,1,1,0,48,-800.0684,-800.0684
31032,1232,108.2812,2000,LEFT_2000_US,1,1,0,48,-799.9805,-799.9805
31072,1222,107.4023,2000,LEFT_2000_US,1,1,0,48,-800.8594,-800.8594
31112,1194,104.9414,2000,LEFT_2000_US,1,1,0,48,-803.3203,-803.3203
31152,1182,103.8867,2000,LEFT_2000_US,1,1,0,48,-804.3750,-804.3750
31192,1202,105.6445,2000,LEFT_2000_US,1,1,0,48,-802.6172,-802.6172
31233,1163,102.2168,2000,LEFT_2000_US,1,1,0,48,-806.0449,-806.0449
31272,1177,103.4473,2000,LEFT_2000_US,1,1,0,48,-804.8145,-804.8145
31312,1170,102.8320,2000,LEFT_2000_US,1,1,0,48,-805.4297,-805.4297
31352,1158,101.7773,2000,LEFT_2000_US,1,1,0,48,-806.4844,-806.4844
31392,1118,98.2617,2000,LEFT_2000_US,1,1,0,48,-810.0000,-810.0000
31432,1129,99.2285,2000,LEFT_2000_US,1,1,0,48,-809.0332,-809.0332
31472,1110,97.5586,2000,LEFT_2000_US,1,1,0,48,-810.7031,-810.7031
31512,1098,96.5039,2000,LEFT_2000_US,1,1,0,48,-811.7578,-811.7578
31552,1090,95.8008,2000,LEFT_2000_US,1,1,0,48,-812.4609,-812.4609
31592,1065,93.6035,2000,LEFT_2000_US,1,1,0,48,-814.6582,-814.6582
31632,1078,94.7461,2000,LEFT_2000_US,1,1,0,48,-813.5156,-813.5156
31672,1060,93.1641,2000,LEFT_2000_US,1,1,0,48,-815.0977,-815.0977
31712,1054,92.6367,2000,LEFT_2000_US,1,1,0,48,-815.6250,-815.6250
31752,1040,91.4062,2000,LEFT_2000_US,1,1,0,48,-816.8555,-816.8555
31792,1029,90.4395,2000,LEFT_2000_US,1,1,0,48,-817.8223,-817.8223
31832,1016,89.2969,2000,LEFT_2000_US,1,1,0,48,-818.9648,-818.9648
31872,975,85.6934,2000,LEFT_2000_US,1,1,0,48,-822.5684,-822.5684
31912,995,87.4512,2000,LEFT_2000_US,1,1,0,48,-820.8105,-820.8105
31952,951,83.5840,2000,LEFT_2000_US,1,1,0,48,-824.6777,-824.6777
31992,946,83.1445,2000,LEFT_2000_US,1,1,0,48,-825.1172,-825.1172
32032,955,83.9355,2000,LEFT_2000_US,1,1,0,48,-824.3262,-824.3262
32072,944,82.9688,2000,LEFT_2000_US,1,1,0,48,-825.2930,-825.2930
32112,932,81.9141,2000,LEFT_2000_US,1,1,0,48,-826.3477,-826.3477
32152,914,80.3320,2000,LEFT_2000_US,1,1,0,48,-827.9297,-827.9297
32192,890,78.2227,2000,LEFT_2000_US,1,1,0,48,-830.0391,-830.0391
32232,866,76.1133,2000,LEFT_2000_US,1,1,0,48,-832.1484,-832.1484
32272,859,75.4980,2000,LEFT_2000_US,1,1,0,48,-832.7637,-832.7637
32312,852,74.8828,2000,LEFT_2000_US,1,1,0,48,-833.3789,-833.3789
32352,827,72.6855,2000,LEFT_2000_US,1,1,0,48,-835.5762,-835.5762
32392,816,71.7188,2000,LEFT_2000_US,1,1,0,48,-836.5430,-836.5430
32432,831,73.0371,2000,LEFT_2000_US,1,1,0,48,-835.2246,-835.2246
32472,820,72.0703,2000,LEFT_2000_US,1,1,0,48,-836.1914,-836.1914
32512,794,69.7852,2000,LEFT_2000_US,1,1,0,48,-838.4766,-838.4766
32552,774,68.0273,2000,LEFT_2000_US,1,1,0,48,-840.2344,-840.2344
32592,781,68.6426,2000,LEFT_2000_US,1,1,0,48,-839.6191,-839.6191
32632,753,66.1816,2000,LEFT_2000_US,1,1,0,48,-842.0801,-842.0801
32672,-1,-1.0000,2000,LEFT_2000_US,0,0,0,0,-842.0801,-842.0801
32712,709,62.3145,2000,LEFT_2000_US,1,1,0,48,-845.9473,-845.9473
32752,723,63.5449,2000,LEFT_2000_US,1,1,0,48,-844.7168,-844.7168
32792,691,60.7324,2000,LEFT_2000_US,1,1,0,48,-847.5293,-847.5293
32832,668,58.7109,2000,LEFT_2000_US,1,1,0,48,-849.5508,-849.5508
32872,652,57.3047,2000,LEFT_2000_US,1,1,0,48,-850.9570,-850.9570
32912,638,56.0742,2000,LEFT_2000_US,1,1,0,48,-852.1875,-852.1875
32952,624,54.8438,2000,LEFT_2000_US,1,1,0,48,-853.4180,-853.4180
32992,610,53.6133,2000,LEFT_2000_US,1,1,0,48,-854.6484,-854.6484
33032,617,54.2285,2000,LEFT_2000_US,1,1,0,48,-854.0332,-854.0332
33072,578,50.8008,2000,LEFT_2000_US,1,1,0,48,-857.4609,-857.4609
33112,574,50.4492,2000,LEFT_2000_US,1,1,0,48,-857.8125,-857.8125
33152,558,49.0430,2000,LEFT_2000_US,1,1,0,48,-859.2188,-859.2188
33192,554,48.6914,2000,LEFT_2000_US,1,1,0,48,-859.5703,-859.5703
33232,526,46.2305,2000,LEFT_2000_US,1,1,0,48,-862.0312,-862.0312
33272,501,44.0332,2000,LEFT_2000_US,1,1,0,48,-864.2285,-864.2285
33312,504,44.2969,2000,LEFT_2000_US,1,1,0,48,-863.9648,-863.9648
33352,485,42.6270,2000,LEFT_2000_US,1,1,0,48,-865.6348,-865.6348
33392,468,41.1328,2000,LEFT_2000_US,1,1,0,48,-867.1289,-867.1289
33432,454,39.9023,2000,LEFT_2000_US,1,1,0,48,-868.3594,-868.3594
33472,437,38.4082,2000,LEFT_2000_US,1,1,0,48,-869.8535,-869.8535
33512,419,36.8262,2000,LEFT_2000_US,1,1,0,48,-871.4355,-871.4355
33552,386,33.9258,2000,LEFT_2000_US,1,1,0,48,-874.3359,-874.3359
33592,479,42.0996,2000,LEFT_2000_US,1,0,1,48,-874.3359,-874.3359
33632,359,31.5527,2000,LEFT_2000_US,1,1,0,48,-876.7090,-876.7090
33672,335,29.4434,2000,LEFT_2000_US,1,1,0,48,-878.8184,-878.8184
33712,319,28.0371,2000,LEFT_2000_US,1,1,0,48,-880.2246,-880.2246
33752,312,27.4219,2000,LEFT_2000_US,1,1,0,48,-880.8398,-880.8398
33792,293,25.7520,2000,LEFT_2000_US,1,1,0,48,-882.5098,-882.5098
33832,277,24.3457,2000,LEFT_2000_US,1,1,0,48,-883.9160,-883.9160
33872,249,21.8848,2000,LEFT_2000_US,1,1,0,48,-886.3770,-886.3770
33912,240,21.0938,2000,LEFT_2000_US,1,1,0,48,-887.1680,-887.1680
33952,216,18.9844,2000,LEFT_2000_US,1,1,0,48,-889.2773,-889.2773
33992,197,17.3145,2000,LEFT_2000_US,1,1,0,48,-890.9473,-890.9473
34032,-1,-1.0000,2000,LEFT_2000_US,0,0,0,0,-890.9473,-890.9473
34072,-1,-1.0000,2000,LEFT_2000_US,0,0,0,0,-890.9473,-890.9473
34112,155,13.6230,2000,LEFT_2000_US,1,1,0,48,-894.6387,-894.6387
34152,128,11.2500,2000,LEFT_2000_US,1,1,0,48,-897.0117,-897.0117
34192,114,10.0195,2000,LEFT_2000_US,1,1,0,48,-898.2422,-898.2422
34232,100,8.7891,2000,LEFT_2000_US,1,1,0,48,-899.4727,-899.4727
34272,82,7.2070,2000,LEFT_2000_US,1,1,0,48,-901.0547,-901.0547
34312,67,5.8887,2000,LEFT_2000_US,1,1,0,48,-902.3730,-902.3730
34352,55,4.8340,2000,LEFT_2000_US,1,1,0,48,-903.4277,-903.4277
34392,33,2.9004,2000,LEFT_2000_US,1,1,0,48,-905.3613,-905.3613
34432,20,1.7578,2000,LEFT_2000_US,1,1,0,48,-906.5039,-906.5039
34472,2,0.1758,2000,LEFT_2000_US,1,1,0,48,-908.0859,-908.0859
34512,4082,358.7695,2000,LEFT_2000_US,1,1,0,48,-909.4922,-909.4922
34552,4067,357.4512,2000,LEFT_2000_US,1,1,0,48,-910.8105,-910.8105
34592,4050,355.9570,2000,LEFT_2000_US,1,1,0,48,-912.3047,-912.3047
34632,4027,353.9355,2000,LEFT_2000_US,1,1,0,48,-914.3262,-914.3262
34672,4013,352.7051,2000,LEFT_2000_US,1,1,0,48,-915.5566,-915.5566
34712,3993,350.9473,2000,LEFT_2000_US,1,1,0,48,-917.3145,-917.3145
34752,3977,349.5410,2000,LEFT_2000_US,1,1,0,48,-918.7207,-918.7207
34792,3965,348.4863,2000,LEFT_2000_US,1,1,0,48,-919.7754,-919.7754
34832,3955,347.6074,2000,LEFT_2000_US,1,1,0,48,-920.6543,-920.6543
34872,3929,345.3223,2000,LEFT_2000_US,1,1,0,48,-922.9395,-922.9395
34912,3922,344.7070,2000,LEFT_2000_US,1,1,0,48,-923.5547,-923.5547
34952,3907,343.3887,2000,LEFT_2000_US,1,1,0,48,-924.8730,-924.8730
34992,3878,340.8398,2000,LEFT_2000_US,1,1,0,48,-927.4219,-927.4219
35032,3863,339.5215,2000,LEFT_2000_US,1,1,0,48,-928.7402,-928.7402
35072,3854,338.7305,2000,LEFT_2000_US,1,1,0,48,-929.5312,-929.5312
35112,3830,336.6211,2000,LEFT_2000_US,1,1,0,48,-931.6406,-931.6406
35152,3826,336.2695,2000,LEFT_2000_US,1,1,0,48,-931.9922,-931.9922
35192,3800,333.9844,2000,LEFT_2000_US,1,1,0,48,-934.2773,-934.2773
35232,3798,333.8086,2000,LEFT_2000_US,1,1,0,48,-934.4531,-934.4531
35272,3782,332.4023,2000,LEFT_2000_US,1,1,0,48,-935.8594,-935.8594
35312,3758,330.2930,2000,LEFT_2000_US,1,1,0,48,-937.9688,-937.9688
35352,3735,328.2715,2000,LEFT_2000_US,1,1,0,48,-939.9902,-939.9902
35392,3734,328.1836,2000,LEFT_2000_US,1,1,0,48,-940.0781,-940.0781
35433,3719,326.8652,2000,LEFT_2000_US,1,1,0,48,-941.3965,-941.3965
35472,3697,324.9316,2000,LEFT_2000_US,1,1,0,48,-943.3301,-943.3301
35512,3690,324.3164,2000,LEFT_2000_US,1,1,0,48,-943.9453,-943.9453
35552,3677,323.1738,2000,LEFT_2000_US,1,1,0,48,-945.0879,-945.0879
35592,3658,321.5039,2000,LEFT_2000_US,1,1,0,48,-946.7578,-946.7578
35632,3646,320.4492,2000,LEFT_2000_US,1,1,0,48,-947.8125,-947.8125
35672,3630,319.0430,2000,LEFT_2000_US,1,1,0,48,-949.2188,-949.2188
35712,3615,317.7246,2000,LEFT_2000_US,1,1,0,48,-950.5371,-950.5371
35752,3592,315.7031,2000,LEFT_2000_US,1,1,0,48,-952.5586,-952.5586
35792,3583,314.9121,2000,LEFT_2000_US,1,1,0,48,-953.3496,-953.3496
35832,3569,313.6816,2000,LEFT_2000_US,1,1,0,48,-954.5801,-954.5801
35872,3560,312.8906,2000,LEFT_2000_US,1,1,0,48,-955.3711,-955.3711
35912,3535,310.6934,2000,LEFT_2000_US,1,1,0,48,-957.5684,-957.5684
35952,3533,310.5176,2000,LEFT_2000_US,1,1,0,48,-957.7441,-957.7441
35992,3506,308.1445,2000,LEFT_2000_US,1,1,0,48,-960.1172,-960.1172
36032,3488,306.5625,2000,LEFT_2000_US,1,1,0,48,-961.6992,-961.6992
36072,3486,306.3867,2000,LEFT_2000_US,1,1,0,48,-961.8750,-961.8750
36112,3472,305.1562,2000,LEFT_2000_US,1,1,0,48,-963.1055,-963.1055
36152,3453,303.4863,2000,LEFT_2000_US,1,1,0,48,-964.7754,-964.7754
36192,3432,301.6406,2000,LEFT_2000_US,1,1,0,48,-966.6211,-966.6211
36232,3434,301.8164,2000,LEFT_2000_US,1,1,0,48,-966.4453,-966.4453
36272,3420,300.5859,2000,LEFT_2000_US,1,1,0,48,-967.6758,-967.6758
36312,3391,298.0371,2000,LEFT_2000_US,1,1,0,48,-970.2246,-970.2246
36352,3369,296.1035,2000,LEFT_2000_US,1,1,0,48,-972.1582,-972.1582
36392,3354,294.7852,2000,LEFT_2000_US,1,1,0,48,-973.4766,-973.4766
36432,3363,295.5762,2000,LEFT_2000_US,1,1,0,48,-972.6855,-972.6855
36472,3331,292.7637,2000,LEFT_2000_US,1,1,0,48,-975.4980,-975.4980
36512,3318,291.6211,2000,LEFT_2000_US,1,1,0,48,-976.6406,-976.6406
36552,3322,291.9727,2000,LEFT_2000_US,1,1,0,48,-976.2891,-976.2891
36592,3315,291.3574,2000,LEFT_2000_US,1,1,0,48,-976.9043,-976.9043
36632,3285,288.7207,2000,LEFT_2000_US,1,1,0,48,-979.5410,-979.5410
36672,3265,286.9629,2000,LEFT_2000_US,1,1,0,48,-981.2988,-981.2988
36712,3258,286.3477,2000,LEFT_2000_US,1,1,0,48,-981.9141,-981.9141
36752,3235,284.3262,2000,LEFT_2000_US,1,1,0,48,-983.9355,-983.9355
36792,3222,283.1836,2000,LEFT_2000_US,1,1,0,48,-985.0781,-985.0781
36832,3210,282.1289,2000,LEFT_2000_US,1,1,0,48,-986.1328,-986.1328
36872,3207,281.8652,2000,LEFT_2000_US,1,1,0,48,-986.3965,-986.3965
36912,4095,359.9121,2000,LEFT_2000_US,1,0,1,48,-986.3965,-986.3965
36952,4095,359.9121,2000,LEFT_2000_US,1,0,1,56,-986.3965,-986.3965
36992,3265,286.9629,2000,LEFT_2000_US,1,0,1,48,-986.3965,-986.3965
37032,3149,276.7676,2000,LEFT_2000_US,1,0,1,48,-986.3965,-986.3965
37072,3159,277.6465,2000,LEFT_2000_US,1,1,0,48,-990.6152,-990.6152
37112,3129,275.0098,2000,LEFT_2000_US,1,1,0,48,-993.2520,-993.2520
37152,3128,274.9219,2000,LEFT_2000_US,1,1,0,48,-993.3398,-993.3398
37192,3108,273.1641,2000,LEFT_2000_US,1,1,0,48,-995.0977,-995.0977
37232,3113,273.6035,2000,LEFT_2000_US,1,1,0,48,-994.6582,-994.6582
37272,3099,272.3730,2000,LEFT_2000_US,1,1,0,48,-995.8887,-995.8887
37312,3089,271.4941,2000,LEFT_2000_US,1,1,0,48,-996.7676,-996.7676
37352,3058,268.7695,2000,LEFT_2000_US,1,1,0,48,-999.4922,-999.4922
37392,3056,268.5938,2000,LEFT_2000_US,1,1,0,48,-999.6680,-999.6680
37432,4095,359.9121,2000,LEFT_2000_US,1,0,1,48,-999.6680,-999.6680
37472,3017,265.1660,2000,LEFT_2000_US,1,1,0,48,-1003.0957,-1003.0957
37512,3005,264.1113,2000,LEFT_2000_US,1,1,0,48,-1004.1504,-1004.1504
37552,3019,265.3418,2000,LEFT_2000_US,1,1,0,48,-1002.9199,-1002.9199
37592,2984,262.2656,2000,LEFT_2000_US,1,1,0,48,-1005.9961,-1005.9961
37632,2987,262.5293,2000,LEFT_2000_US,1,1,0,48,-1005.7324,-1005.7324
37672,-1,-1.0000,2000,LEFT_2000_US,0,0,0,0,-1005.7324,-1005.7324
37712,2973,261.2988,2000,LEFT_2000_US,1,1,0,48,-1006.9629,-1006.9629
37752,2962,260.3320,2000,LEFT_2000_US,1,1,0,48,-1007.9297,-1007.9297
37792,2959,260.0684,2000,LEFT_2000_US,1,1,0,48,-1008.1934,-1008.1934
37832,2937,258.1348,2000,LEFT_2000_US,1,1,0,48,-1010.1270,-1010.1270
37872,2913,256.0254,2000,LEFT_2000_US,1,1,0,48,-1012.2363,-1012.2363
37912,2915,256.2012,2000,LEFT_2000_US,1,1,0,48,-1012.0605,-1012.0605
37952,2892,254.1797,2000,LEFT_2000_US,1,1,0,48,-1014.0820,-1014.0820
37992,2890,254.0039,2000,LEFT_2000_US,1,1,0,48,-1014.2578,-1014.2578
38032,2884,253.4766,2000,LEFT_2000_US,1,1,0,48,-1014.7852,-1014.7852
38072,2859,251.2793,2000,LEFT_2000_US,1,1,0,48,-1016.9824,-1016.9824
38112,2869,252.1582,2000,LEFT_2000_US,1,1,0,48,-1016.1035,-1016.1035
38152,2850,250.4883,2000,LEFT_2000_US,1,1,0,48,-1017.7734,-1017.7734
38192,2836,249.2578,2000,LEFT_2000_US,1,1,0,48,-1019.0039,-1019.0039
38232,2817,247.5879,2000,LEFT_2000_US,1,1,0,48,-1020.6738,-1020.6738
38272,2806,246.6211,2000,LEFT_2000_US,1,1,0,48,-1021.6406,-1021.6406
38312,2791,245.3027,2000,LEFT_2000_US,1,1,0,48,-1022.9590,-1022.9590
38352,2786,244.8633,2000,LEFT_2000_US,1,1,0,48,-1023.3984,-1023.3984
38392,2790,245.2148,2000,LEFT_2000_US,1,1,0,48,-1023.0469,-1023.0469
38432,2781,244.4238,2000,LEFT_2000_US,1,1,0,48,-1023.8379,-1023.8379
38472,2747,241.4355,2000,LEFT_2000_US,1,1,0,48,-1026.8262,-1026.8262
38512,2738,240.6445,2000,LEFT_2000_US,1,1,0,48,-1027.6172,-1027.6172
38552,2726,239.5898,2000,LEFT_2000_US,1,1,0,48,-1028.6719,-1028.6719
38592,2721,239.1504,2000,LEFT_2000_US,1,1,0,48,-1029.1113,-1029.1113
38632,2718,238.8867,2000,LEFT_2000_US,1,1,0,48,-1029.3750,-1029.3750
38672,2711,238.2715,2000,LEFT_2000_US,1,1,0,48,-1029.9902,-1029.9902
38712,2697,237.0410,2000,LEFT_2000_US,1,1,0,48,-1031.2207,-1031.2207
38752,2676,235.1953,2000,LEFT_2000_US,1,1,0,48,-1033.0664,-1033.0664
38792,2668,234.4922,2000,LEFT_2000_US,1,1,0,48,-1033.7695,-1033.7695
38832,2646,232.5586,2000,LEFT_2000_US,1,1,0,48,-1035.7031,-1035.7031
38872,2635,231.5918,2000,LEFT_2000_US,1,1,0,48,-1036.6699,-1036.6699
38912,2625,230.7129,2000,LEFT_2000_US,1,1,0,48,-1037.5488,-1037.5488
38952,2625,230.7129,2000,LEFT_2000_US,1,1,0,48,-1037.5488,-1037.5488
38992,2623,230.5371,2000,LEFT_2000_US,1,1,0,48,-1037.7246,-1037.7246
39032,-1,-1.0000,2000,LEFT_2000_US,0,0,0,0,-1037.7246,-1037.7246
39072,2582,226.9336,2000,LEFT_2000_US,1,1,0,48,-1041.3281,-1041.3281
39112,2566,225.5273,2000,LEFT_2000_US,1,1,0,48,-1042.7344,-1042.7344
39152,2558,224.8242,2000,LEFT_2000_US,1,1,0,48,-1043.4375,-1043.4375
39192,2545,223.6816,2000,LEFT_2000_US,1,1,0,48,-1044.5801,-1044.5801
39232,2539,223.1543,2000,LEFT_2000_US,1,1,0,48,-1045.1074,-1045.1074
39272,2521,221.5723,2000,LEFT_2000_US,1,1,0,48,-1046.6895,-1046.6895
39312,2514,220.9570,2000,LEFT_2000_US,1,1,0,48,-1047.3047,-1047.3047
39352,2509,220.5176,2000,LEFT_2000_US,1,1,0,48,-1047.7441,-1047.7441
39392,2492,219.0234,2000,LEFT_2000_US,1,1,0,48,-1049.2383,-1049.2383
39432,2493,219.1113,2000,LEFT_2000_US,1,1,0,48,-1049.1504,-1049.1504
39472,2481,218.0566,2000,LEFT_2000_US,1,1,0,48,-1050.2051,-1050.2051
39512,2460,216.2109,2000,LEFT_2000_US,1,1,0,48,-1052.0508,-1052.0508
39552,2444,214.8047,2000,LEFT_2000_US,1,1,0,48,-1053.4570,-1053.4570
39592,2437,214.1895,2000,LEFT_2000_US,1,1,0,48,-1054.0723,-1054.0723
39632,2422,212.8711,2000,LEFT_2000_US,1,1,0,48,-1055.3906,-1055.3906
39672,2415,212.2559,2000,LEFT_2000_US,1,1,0,48,-1056.0059,-1056.0059
39712,2414,212.1680,2000,LEFT_2000_US,1,1,0,48,-1056.0938,-1056.0938
39752,2401,211.0254,2000,LEFT_2000_US,1,1,0,48,-1057.2363,-1057.2363
39792,2379,209.0918,2000,LEFT_2000_US,1,1,0,48,-1059.1699,-1059.1699
39832,2378,209.0039,2000,LEFT_2000_US,1,1,0,48,-1059.2578,-1059.2578
39872,2366,207.9492,2000,LEFT_2000_US,1,1,0,48,-1060.3125,-1060.3125
39912,2343,205.9277,2000,LEFT_2000_US,1,1,0,48,-1062.3340,-1062.3340
39952,2331,204.8730,2000,LEFT_2000_US,1,1,0,48,-1063.3887,-1063.3887
39992,2320,203.9062,2000,LEFT_2000_US,1,1,0,48,-1064.3555,-1064.3555
40032,2318,203.7305,2000,LEFT_2000_US,1,1,0,48,-1064.5312,-1064.5312
40072,2302,202.3242,2000,LEFT_2000_US,1,1,0,48,-1065.9375,-1065.9375
40112,2285,200.8301,2000,LEFT_2000_US,1,1,0,48,-1067.4316,-1067.4316
40152,2284,200.7422,2000,LEFT_2000_US,1,1,0,48,-1067.5195,-1067.5195
40192,2264,198.9844,2000,LEFT_2000_US,1,1,0,48,-1069.2773,-1069.2773
40232,2254,198.1055,2000,LEFT_2000_US,1,1,0,48,-1070.1562,-1070.1562
40272,2241,196.9629,2000,LEFT_2000_US,1,1,0,48,-1071.2988,-1071.2988
40312,2228,195.8203,2000,LEFT_2000_US,1,1,0,48,-1072.4414,-1072.4414
40352,2213,194.5020,2000,LEFT_2000_US,1,1,0,48,-1073.7598,-1073.7598
40392,2206,193.8867,2000,LEFT_2000_US,1,1,0,48,-1074.3750,-1074.3750
40432,2199,193.2715,2000,LEFT_2000_US,1,1,0,48,-1074.9902,-1074.9902
40472,2186,192.1289,2000,LEFT_2000_US,1,1,0,48,-1076.1328,-1076.1328
40512,2167,190.4590,2000,LEFT_2000_US,1,1,0,48,-1077.8027,-1077.8027
40552,2162,190.0195,2000,LEFT_2000_US,1,1,0,48,-1078.2422,-1078.2422
40592,2143,188.3496,2000,LEFT_2000_US,1,1,0,48,-1079.9121,-1079.9121
40632,2132,187.3828,2000,LEFT_2000_US,1,1,0,48,-1080.8789,-1080.8789
40672,2120,186.3281,2000,LEFT_2000_US,1,1,0,48,-1081.9336,-1081.9336
40712,2108,185.2734,2000,LEFT_2000_US,1,1,0,48,-1082.9883,-1082.9883
40752,2102,184.7461,2000,LEFT_2000_US,1,1,0,48,-1083.5156,-1083.5156
40792,2090,183.6914,2000,LEFT_2000_US,1,1,0,48,-1084.5703,-1084.5703
40832,2065,181.4941,2000,LEFT_2000_US,1,1,0,48,-1086.7676,-1086.7676
40872,2062,181.2305,2000,LEFT_2000_US,1,1,0,48,-1087.0312,-1087.0312
40912,2050,180.1758,2000,LEFT_2000_US,1,1,0,48,-1088.0859,-1088.0859
40953,2038,179.1211,2000,LEFT_2000_US,1,1,0,48,-1089.1406,-1089.1406
40992,2024,177.8906,2000,LEFT_2000_US,1,1,0,48,-1090.3711,-1090.3711
41032,2016,177.1875,2000,LEFT_2000_US,1,1,0,48,-1091.0742,-1091.0742
41072,1999,175.6934,2000,LEFT_2000_US,1,1,0,48,-1092.5684,-1092.5684
41112,1992,175.0781,2000,LEFT_2000_US,1,1,0,48,-1093.1836,-1093.1836
41152,1975,173.5840,2000,LEFT_2000_US,1,1,0,48,-1094.6777,-1094.6777
41192,1963,172.5293,2000,LEFT_2000_US,1,1,0,48,-1095.7324,-1095.7324
41233,1955,171.8262,2000,LEFT_2000_US,1,1,0,48,-1096.4355,-1096.4355
41272,1950,171.3867,2000,LEFT_2000_US,1,1,0,48,-1096.8750,-1096.8750
41312,1933,169.8926,2000,LEFT_2000_US,1,1,0,48,-1098.3691,-1098.3691
41352,-1,-1.0000,2000,LEFT_2000_US,0,0,0,0,-1098.3691,-1098.3691
41392,1909,167.7832,2000,LEFT_2000_US,1,1,0,48,-1100.4785,-1100.4785
41432,1896,166.6406,2000,LEFT_2000_US,1,1,0,48,-1101.6211,-1101.6211
41472,1884,165.5859,2000,LEFT_2000_US,1,1,0,48,-1102.6758,-1102.6758
41512,1872,164.5312,2000,LEFT_2000_US,1,1,0,48,-1103.7305,-1103.7305
41552,1855,163.0371,2000,LEFT_2000_US,1,1,0,48,-1105.2246,-1105.2246
41592,1847,162.3340,2000,LEFT_2000_US,1,1,0,48,-1105.9277,-1105.9277
41632,1840,161.7188,2000,LEFT_2000_US,1,1,0,48,-1106.5430,-1106.5430
41672,1827,160.5762,2000,LEFT_2000_US,1,1,0,48,-1107.6855,-1107.6855
41712,1816,159.6094,2000,LEFT_2000_US,1,1,0,48,-1108.6523,-1108.6523
41752,1799,158.1152,2000,LEFT_2000_US,1,1,0,48,-1110.1465,-1110.1465
41792,1793,157.5879,2000,LEFT_2000_US,1,1,0,48,-1110.6738,-1110.6738
41832,-1,-1.0000,2000,LEFT_2000_US,0,0,0,0,-1110.6738,-1110.6738
41872,1762,154.8633,2000,LEFT_2000_US,1,1,0,48,-1113.3984,-1113.3984
41912,1754,154.1602,2000,LEFT_2000_US,1,1,0,48,-1114.1016,-1114.1016
41952,4095,359.9121,2000,LEFT_2000_US,1,0,1,56,-1114.1016,-1114.1016
41992,1722,151.3477,2000,LEFT_2000_US,1,1,0,48,-1116.9141,-1116.9141
42032,1710,150.2930,2000,LEFT_2000_US,1,1,0,48,-1117.9688,-1117.9688
42072,1707,150.0293,2000,LEFT_2000_US,1,1,0,48,-1118.2324,-1118.2324
42112,1701,149.5020,2000,LEFT_2000_US,1,1,0,48,-1118.7598,-1118.7598
42152,1675,147.2168,2000,LEFT_2000_US,1,1,0,48,-1121.0449,-1121.0449
42192,1675,147.2168,2000,LEFT_2000_US,1,1,0,48,-1121.0449,-1121.0449
42232,1659,145.8105,2000,LEFT_2000_US,1,1,0,48,-1122.4512,-1122.4512
42272,1646,144.6680,2000,LEFT_2000_US,1,1,0,48,-1123.5938,-1123.5938
42312,1631,143.3496,2000,LEFT_2000_US,1,1,0,48,-1124.9121,-1124.9121
42352,1632,143.4375,2000,LEFT_2000_US,1,1,0,48,-1124.8242,-1124.8242
42392,1610,141.5039,2000,LEFT_2000_US,1,1,0,48,-1126.7578,-1126.7578
42432,1610,141.5039,2000,LEFT_2000_US,1,1,0,48,-1126.7578,-1126.7578
42472,1590,139.7461,2000,LEFT_2000_US,1,1,0,48,-1128.5156,-1128.5156
42512,1572,138.1641,2000,LEFT_2000_US,1,1,0,48,-1130.0977,-1130.0977
42552,1558,136.9336,2000,LEFT_2000_US,1,1,0,48,-1131.3281,-1131.3281
42592,1550,136.2305,2000,LEFT_2000_US,1,1,0,48,-1132.0312,-1132.0312
42632,1537,135.0879,2000,LEFT_2000_US,1,1,0,48,-1133.1738,-1133.1738
42672,1532,134.6484,2000,LEFT_2000_US,1,1,0,48,-1133.6133,-1133.6133
42712,1513,132.9785,2000,LEFT_2000_US,1,1,0,48,-1135.2832,-1135.2832
42752,1508,132.5391,2000,LEFT_2000_US,1,1,0,48,-1135.7227,-1135.7227
42792,1498,131.6602,2000,LEFT_2000_US,1,1,0,48,-1136.6016,-1136.6016
42832,1501,131.9238,2000,LEFT_2000_US,1,1,0,48,-1136.3379,-1136.3379
42872,1470,129.1992,2000,LEFT_2000_US,1,1,0,48,-1139.0625,-1139.0625
42912,1473,129.4629,2000,LEFT_2000_US,1,1,0,48,-1138.7988,-1138.7988
42952,1456,127.9688,2000,LEFT_2000_US,1,1,0,48,-1140.2930,-1140.2930
42992,1438,126.3867,2000,LEFT_2000_US,1,1,0,48,-1141.8750,-1141.8750
43032,1427,125.4199,2000,LEFT_2000_US,1,1,0,48,-1142.8418,-1142.8418
43072,1429,125.5957,2000,LEFT_2000_US,1,1,0,48,-1142.6660,-1142.6660
43112,1429,125.5957,2000,LEFT_2000_US,1,1,0,48,-1142.6660,-1142.6660
43152,1420,124.8047,2000,LEFT_2000_US,1,1,0,48,-1143.4570,-1143.4570
43192,1401,123.1348,2000,LEFT_2000_US,1,1,0,48,-1145.1270,-1145.1270
43232,1374,120.7617,2000,LEFT_2000_US,1,1,0,48,-1147.5000,-1147.5000
43272,1365,119.9707,2000,LEFT_2000_US,1,1,0,48,-1148.2910,-1148.2910
43312,1354,119.0039,2000,LEFT_2000_US,1,1,0,48,-1149.2578,-1149.2578
43352,1343,118.0371,2000,LEFT_2000_US,1,1,0,48,-1150.2246,-1150.2246
43392,1353,118.9160,2000,LEFT_2000_US,1,1,0,48,-1149.3457,-1149.3457
43432,1343,118.0371,2000,LEFT_2000_US,1,1,0,48,-1150.2246,-1150.2246
43472,1331,116.9824,2000,LEFT_2000_US,1,1,0,48,-1151.2793,-1151.2793
43512,1320,116.0156,2000,LEFT_2000_US,1,1,0,48,-1152.2461,-1152.2461
43552,1318,115.8398,2000,LEFT_2000_US,1,1,0,48,-1152.4219,-1152.4219
43592,1283,112.7637,2000,LEFT_2000_US,1,1,0,48,-1155.4980,-1155.4980
43632,1269,111.5332,2000,LEFT_2000_US,1,1,0,48,-1156.7285,-1156.7285
43672,1264,111.0938,2000,LEFT_2000_US,1,1,0,48,-1157.1680,-1157.1680
43712,1248,109.6875,2000,LEFT_2000_US,1,1,0,48,-1158.5742,-1158.5742
43752,1237,108.7207,2000,LEFT_2000_US,1,1,0,48,-1159.5410,-1159.5410
43793,1228,107.9297,2000,LEFT_2000_US,1,1,0,48,-1160.3320,-1160.3320
43832,1223,107.4902,2000,LEFT_2000_US,1,1,0,48,-1160.7715,-1160.7715
43872,1226,107.7539,2000,LEFT_2000_US,1,1,0,48,-1160.5078,-1160.5078
43912,1223,107.4902,2000,LEFT_2000_US,1,1,0,48,-1160.7715,-1160.7715
43952,1195,105.0293,2000,LEFT_2000_US,1,1,0,48,-1163.2324,-1163.2324
43992,1172,103.0078,2000,LEFT_2000_US,1,1,0,48,-1165.2539,-1165.2539
44032,1166,102.4805,2000,LEFT_2000_US,1,1,0,48,-1165.7812,-1165.7812
44072,1165,102.3926,2000,LEFT_2000_US,1,1,0,48,-1165.8691,-1165.8691
44112,1160,101.9531,2000,LEFT_2000_US,1,1,0,48,-1166.3086,-1166.3086
44152,1141,100.2832,2000,LEFT_2000_US,1,1,0,48,-1167.9785,-1167.9785
44192,1116,98.0859,2000,LEFT_2000_US,1,1,0,48,-1170.1758,-1170.1758
44232,1135,99.7559,2000,LEFT_2000_US,1,1,0,48,-1168.5059,-1168.5059
44272,1125,98.8770,2000,LEFT_2000_US,1,1,0,48,-1169.3848,-1169.3848
44312,1092,95.9766,2000,LEFT_2000_US,1,1,0,48,-1172.2852,-1172.2852
44352,1098,96.5039,2000,LEFT_2000_US,1,1,0,48,-1171.7578,-1171.7578
44392,1091,95.8887,2000,LEFT_2000_US,1,1,0,48,-1172.3730,-1172.3730
44432,1052,92.4609,2000,LEFT_2000_US,1,1,0,48,-1175.8008,-1175.8008
44472,1040,91.4062,2000,LEFT_2000_US,1,1,0,48,-1176.8555,-1176.8555
44512,1056,92.8125,2000,LEFT_2000_US,1,1,0,48,-1175.4492,-1175.4492
44552,1042,91.5820,2000,LEFT_2000_US,1,1,0,48,-1176.6797,-1176.6797
44592,1032,90.7031,2000,LEFT_2000_US,1,1,0,48,-1177.5586,-1177.5586
44632,1017,89.3848,2000,LEFT_2000_US,1,1,0,48,-1178.8770,-1178.8770
44672,976,85.7812,2000,LEFT_2000_US,1,1,0,48,-1182.4805,-1182.4805
44712,992,87.1875,2000,LEFT_2000_US,1,1,0,48,-1181.0742,-1181.0742
44752,954,83.8477,2000,LEFT_2000_US,1,1,0,48,-1184.4141,-1184.4141
44792,959,84.2871,2000,LEFT_2000_US,1,1,0,48,-1183.9746,-1183.9746
44832,940,82.6172,2000,LEFT_2000_US,1,1,0,48,-1185.6445,-1185.6445
44872,949,83.4082,2000,LEFT_2000_US,1,1,0,48,-1184.8535,-1184.8535
44913,937,82.3535,2000,LEFT_2000_US,1,1,0,48,-1185.9082,-1185.9082
44952,925,81.2988,2000,LEFT_2000_US,1,1,0,48,-1186.9629,-1186.9629
44992,891,78.3105,2000,LEFT_2000_US,1,1,0,48,-1189.9512,-1189.9512
45032,868,76.2891,2000,LEFT_2000_US,1,1,0,48,-1191.9727,-1191.9727
45072,870,76.4648,2000,LEFT_2000_US,1,1,0,48,-1191.7969,-1191.7969
45112,-1,-1.0000,2000,LEFT_2000_US,0,0,0,0,-1191.7969,-1191.7969
45152,836,73.4766,2000,LEFT_2000_US,1,1,0,48,-1194.7852,-1194.7852
45192,821,72.1582,2000,LEFT_2000_US,1,1,0,48,-1196.1035,-1196.1035
45232,826,72.5977,2000,LEFT_2000_US,1,1,0,48,-1195.6641,-1195.6641
45272,822,72.2461,2000,LEFT_2000_US,1,1,0,48,-1196.0156,-1196.0156
45312,794,69.7852,2000,LEFT_2000_US,1,1,0,48,-1198.4766,-1198.4766
45352,797,70.0488,2000,LEFT_2000_US,1,1,0,48,-1198.2129,-1198.2129
45392,783,68.8184,2000,LEFT_2000_US,1,1,0,48,-1199.4434,-1199.4434
45432,742,65.2148,2000,LEFT_2000_US,1,1,0,48,-1203.0469,-1203.0469
45472,751,66.0059,2000,LEFT_2000_US,1,1,0,48,-1202.2559,-1202.2559
45512,713,62.6660,2000,LEFT_2000_US,1,1,0,48,-1205.5957,-1205.5957
45552,716,62.9297,2000,LEFT_2000_US,1,1,0,48,-1205.3320,-1205.3320
45592,688,60.4688,2000,LEFT_2000_US,1,1,0,48,-1207.7930,-1207.7930
45632,696,61.1719,2000,LEFT_2000_US,1,1,0,48,-1207.0898,-1207.0898
45672,681,59.8535,2000,LEFT_2000_US,1,1,0,48,-1208.4082,-1208.4082
45712,666,58.5352,2000,LEFT_2000_US,1,1,0,48,-1209.7266,-1209.7266
45752,651,57.2168,2000,LEFT_2000_US,1,1,0,48,-1211.0449,-1211.0449
45792,635,55.8105,2000,LEFT_2000_US,1,1,0,48,-1212.4512,-1212.4512
45832,601,52.8223,2000,LEFT_2000_US,1,1,0,48,-1215.4395,-1215.4395
45872,583,51.2402,2000,LEFT_2000_US,1,1,0,48,-1217.0215,-1217.0215
45912,562,49.3945,2000,LEFT_2000_US,1,1,0,48,-1218.8672,-1218.8672
45952,569,50.0098,2000,LEFT_2000_US,1,1,0,48,-1218.2520,-1218.2520
45992,534,46.9336,2000,LEFT_2000_US,1,1,0,48,-1221.3281,-1221.3281
46032,-1,-1.0000,2000,LEFT_2000_US,0,0,0,0,-1221.3281,-1221.3281
46072,521,45.7910,2000,LEFT_2000_US,1,1,0,48,-1222.4707,-1222.4707
46112,497,43.6816,2000,LEFT_2000_US,1,1,0,48,-1224.5801,-1224.5801
46152,489,42.9785,2000,LEFT_2000_US,1,1,0,48,-1225.2832,-1225.2832
46192,456,40.0781,2000,LEFT_2000_US,1,1,0,48,-1228.1836,-1228.1836
46232,446,39.1992,2000,LEFT_2000_US,1,1,0,48,-1229.0625,-1229.0625
46272,436,38.3203,2000,LEFT_2000_US,1,1,0,48,-1229.9414,-1229.9414
46312,404,35.5078,2000,LEFT_2000_US,1,1,0,48,-1232.7539,-1232.7539
46352,-1,-1.0000,2000,LEFT_2000_US,0,0,0,0,-1232.7539,-1232.7539
46392,386,33.9258,2000,LEFT_2000_US,1,1,0,48,-1234.3359,-1234.3359
46432,356,31.2891,2000,LEFT_2000_US,1,1,0,48,-1236.9727,-1236.9727
46472,350,30.7617,2000,LEFT_2000_US,1,1,0,48,-1237.5000,-1237.5000
46512,320,28.1250,2000,LEFT_2000_US,1,1,0,48,-1240.1367,-1240.1367
46552,314,27.5977,2000,LEFT_2000_US,1,1,0,48,-1240.6641,-1240.6641
46592,287,25.2246,2000,LEFT_2000_US,1,1,0,48,-1243.0371,-1243.0371
46632,272,23.9062,2000,LEFT_2000_US,1,1,0,48,-1244.3555,-1244.3555
46672,259,22.7637,2000,LEFT_2000_US,1,1,0,48,-1245.4980,-1245.4980
46712,242,21.2695,2000,LEFT_2000_US,1,1,0,48,-1246.9922,-1246.9922
46752,220,19.3359,2000,LEFT_2000_US,1,1,0,48,-1248.9258,-1248.9258
46792,205,18.0176,2000,LEFT_2000_US,1,1,0,48,-1250.2441,-1250.2441
46832,195,17.1387,2000,LEFT_2000_US,1,1,0,48,-1251.1230,-1251.1230
46872,171,15.0293,2000,LEFT_2000_US,1,1,0,48,-1253.2324,-1253.2324
46912,154,13.5352,2000,LEFT_2000_US,1,1,0,48,-1254.7266,-1254.7266
46952,138,12.1289,2000,LEFT_2000_US,1,1,0,48,-1256.1328,-1256.1328
46992,122,10.7227,2000,LEFT_2000_US,1,1,0,48,-1257.5391,-1257.5391
47032,105,9.2285,2000,LEFT_2000_US,1,1,0,48,-1259.0332,-1259.0332
47072,85,7.4707,2000,LEFT_2000_US,1,1,0,48,-1260.7910,-1260.7910
47112,70,6.1523,2000,LEFT_2000_US,1,1,0,48,-1262.1094,-1262.1094
47152,53,4.6582,2000,LEFT_2000_US,1,1,0,48,-1263.6035,-1263.6035
47192,41,3.6035,2000,LEFT_2000_US,1,1,0,48,-1264.6582,-1264.6582
47232,23,2.0215,2000,LEFT_2000_US,1,1,0,48,-1266.2402,-1266.2402
47272,6,0.5273,2000,LEFT_2000_US,1,1,0,48,-1267.7344,-1267.7344
47312,4084,358.9453,2000,LEFT_2000_US,1,1,0,48,-1269.3164,-1269.3164
47352,4072,357.8906,2000,LEFT_2000_US,1,1,0,48,-1270.3711,-1270.3711
47392,4049,355.8691,2000,LEFT_2000_US,1,1,0,48,-1272.3926,-1272.3926
47432,4037,354.8145,2000,LEFT_2000_US,1,1,0,48,-1273.4473,-1273.4473
47472,4022,353.4961,2000,LEFT_2000_US,1,1,0,48,-1274.7656,-1274.7656
47512,4006,352.0898,2000,LEFT_2000_US,1,1,0,48,-1276.1719,-1276.1719
47552,3990,350.6836,2000,LEFT_2000_US,1,1,0,48,-1277.5781,-1277.5781
47592,3962,348.2227,2000,LEFT_2000_US,1,1,0,48,-1280.0391,-1280.0391
47632,-1,-1.0000,2000,LEFT_2000_US,0,0,0,0,-1280.0391,-1280.0391
47672,3930,345.4102,2000,LEFT_2000_US,1,1,0,48,-1282.8516,-1282.8516
47712,3926,345.0586,2000,LEFT_2000_US,1,1,0,48,-1283.2031,-1283.2031
47752,3897,342.5098,2000,LEFT_2000_US,1,1,0,48,-1285.7520,-1285.7520
47792,3888,341.7188,2000,LEFT_2000_US,1,1,0,48,-1286.5430,-1286.5430
47832,3876,340.6641,2000,LEFT_2000_US,1,1,0,48,-1287.5977,-1287.5977
47872,3845,337.9395,2000,LEFT_2000_US,1,1,0,48,-1290.3223,-1290.3223
47912,3833,336.8848,2000,LEFT_2000_US,1,1,0,48,-1291.3770,-1291.3770
47952,3818,335.5664,2000,LEFT_2000_US,1,1,0,48,-1292.6953,-1292.6953
47992,3810,334.8633,2000,LEFT_2000_US,1,1,0,48,-1293.3984,-1293.3984
48032,3790,333.1055,2000,LEFT_2000_US,1,1,0,48,-1295.1562,-1295.1562
48072,3769,331.2598,2000,LEFT_2000_US,1,1,0,48,-1297.0020,-1297.0020
48112,3758,330.2930,2000,LEFT_2000_US,1,1,0,48,-1297.9688,-1297.9688
48152,3746,329.2383,2000,LEFT_2000_US,1,1,0,48,-1299.0234,-1299.0234
48192,3721,327.0410,2000,LEFT_2000_US,1,1,0,48,-1301.2207,-1301.2207
48232,3726,327.4805,2000,LEFT_2000_US,1,1,0,48,-1300.7812,-1300.7812
48272,3709,325.9863,2000,LEFT_2000_US,1,1,0,48,-1302.2754,-1302.2754
48312,3683,323.7012,2000,LEFT_2000_US,1,1,0,48,-1304.5605,-1304.5605
48352,3684,323.7891,2000,LEFT_2000_US,1,1,0,48,-1304.4727,-1304.4727
48392,3653,321.0645,2000,LEFT_2000_US,1,1,0,48,-1307.1973,-1307.1973
48432,3638,319.7461,2000,LEFT_2000_US,1,1,0,48,-1308.5156,-1308.5156
48472,3622,318.3398,2000,LEFT_2000_US,1,1,0,48,-1309.9219,-1309.9219
48512,3607,317.0215,2000,LEFT_2000_US,1,1,0,48,-1311.2402,-1311.2402
48552,3597,316.1426,2000,LEFT_2000_US,1,1,0,48,-1312.1191,-1312.1191
48592,3576,314.2969,2000,LEFT_2000_US,1,1,0,48,-1313.9648,-1313.9648
48632,3584,315.0000,2000,LEFT_2000_US,1,1,0,48,-1313.2617,-1313.2617
48672,3568,313.5938,2000,LEFT_2000_US,1,1,0,48,-1314.6680,-1314.6680
48712,3546,311.6602,2000,LEFT_2000_US,1,1,0,48,-1316.6016,-1316.6016
48752,3540,311.1328,2000,LEFT_2000_US,1,1,0,48,-1317.1289,-1317.1289
48792,3527,309.9902,2000,LEFT_2000_US,1,1,0,48,-1318.2715,-1318.2715
48832,3508,308.3203,2000,LEFT_2000_US,1,1,0,48,-1319.9414,-1319.9414
48872,3494,307.0898,2000,LEFT_2000_US,1,1,0,48,-1321.1719,-1321.1719
48912,3479,305.7715,2000,LEFT_2000_US,1,1,0,48,-1322.4902,-1322.4902
48952,3467,304.7168,2000,LEFT_2000_US,1,1,0,48,-1323.5449,-1323.5449
48992,3443,302.6074,2000,LEFT_2000_US,1,1,0,48,-1325.6543,-1325.6543
49032,3440,302.3438,2000,LEFT_2000_US,1,1,0,48,-1325.9180,-1325.9180
49072,3402,299.0039,2000,LEFT_2000_US,1,1,0,48,-1329.2578,-1329.2578
49112,3390,297.9492,2000,LEFT_2000_US,1,1,0,48,-1330.3125,-1330.3125
49152,3389,297.8613,2000,LEFT_2000_US,1,1,0,48,-1330.4004,-1330.4004
49192,3375,296.6309,2000,LEFT_2000_US,1,1,0,48,-1331.6309,-1331.6309
49232,3350,294.4336,2000,LEFT_2000_US,1,1,0,48,-1333.8281,-1333.8281
49272,3354,294.7852,2000,LEFT_2000_US,1,1,0,48,-1333.4766,-1333.4766
49312,3329,292.5879,2000,LEFT_2000_US,1,1,0,48,-1335.6738,-1335.6738
49352,3332,292.8516,2000,LEFT_2000_US,1,1,0,48,-1335.4102,-1335.4102
49392,3317,291.5332,2000,LEFT_2000_US,1,1,0,48,-1336.7285,-1336.7285
49432,3292,289.3359,2000,LEFT_2000_US,1,1,0,48,-1338.9258,-1338.9258
49472,3266,287.0508,2000,LEFT_2000_US,1,1,0,48,-1341.2109,-1341.2109
49512,3276,287.9297,2000,LEFT_2000_US,1,1,0,48,-1340.3320,-1340.3320
49552,3239,284.6777,2000,LEFT_2000_US,1,1,0,48,-1343.5840,-1343.5840
49592,3235,284.3262,2000,LEFT_2000_US,1,1,0,48,-1343.9355,-1343.9355
49632,3236,284.4141,2000,LEFT_2000_US,1,1,0,48,-1343.8477,-1343.8477
49672,3223,283.2715,2000,LEFT_2000_US,1,1,0,48,-1344.9902,-1344.9902
49712,3190,280.3711,2000,LEFT_2000_US,1,1,0,48,-1347.8906,-1347.8906
49752,3199,281.1621,2000,LEFT_2000_US,1,1,0,48,-1347.0996,-1347.0996
49792,3168,278.4375,2000,LEFT_2000_US,1,1,0,48,-1349.8242,-1349.8242
49832,3153,277.1191,2000,LEFT_2000_US,1,1,0,48,-1351.1426,-1351.1426
49872,3139,275.8887,2000,LEFT_2000_US,1,1,0,48,-1352.3730,-1352.3730
49912,3128,274.9219,2000,LEFT_2000_US,1,1,0,48,-1353.3398,-1353.3398
49952,3115,273.7793,2000,LEFT_2000_US,1,1,0,48,-1354.4824,-1354.4824
49992,3103,272.7246,2000,LEFT_2000_US,1,1,0,48,-1355.5371,-1355.5371
50033,3112,273.5156,2000,LEFT_2000_US,1,1,0,48,-1354.7461,-1354.7461
50072,3088,271.4062,2000,LEFT_2000_US,1,1,0,48,-1356.8555,-1356.8555
50112,3096,272.1094,2000,LEFT_2000_US,1,1,0,48,-1356.1523,-1356.1523
50152,3068,269.6484,2000,LEFT_2000_US,1,1,0,48,-1358.6133,-1358.6133
50192,3061,269.0332,2000,LEFT_2000_US,1,1,0,48,-1359.2285,-1359.2285
50232,3044,267.5391,2000,LEFT_2000_US,1,1,0,48,-1360.7227,-1360.7227
50272,3037,266.9238,2000,LEFT_2000_US,1,1,0,48,-1361.3379,-1361.3379
50312,3020,265.4297,2000,LEFT_2000_US,1,1,0,48,-1362.8320,-1362.8320
50352,3027,266.0449,2000,LEFT_2000_US,1,1,0,48,-1362.2168,-1362.2168
50392,3006,264.1992,2000,LEFT_2000_US,1,1,0,48,-1364.0625,-1364.0625
50432,2996,263.3203,2000,LEFT_2000_US,1,1,0,48,-1364.9414,-1364.9414
50472,2992,262.9688,2000,LEFT_2000_US,1,1,0,48,-1365.2930,-1365.2930
50512,2980,261.9141,2000,LEFT_2000_US,1,1,0,48,-1366.3477,-1366.3477
50552,2971,261.1230,2000,LEFT_2000_US,1,1,0,48,-1367.1387,-1367.1387
50592,2940,258.3984,2000,LEFT_2000_US,1,1,0,48,-1369.8633,-1369.8633
50632,2928,257.3438,2000,LEFT_2000_US,1,1,0,48,-1370.9180,-1370.9180
50672,2936,258.0469,2000,LEFT_2000_US,1,1,0,48,-1370.2148,-1370.2148
50712,2911,255.8496,2000,LEFT_2000_US,1,1,0,48,-1372.4121,-1372.4121
50752,2916,256.2891,2000,LEFT_2000_US,1,1,0,48,-1371.9727,-1371.9727
50792,2903,255.1465,2000,LEFT_2000_US,1,1,0,48,-1373.1152,-1373.1152
50832,2877,252.8613,2000,LEFT_2000_US,1,1,0,48,-1375.4004,-1375.4004
50872,2862,251.5430,2000,LEFT_2000_US,1,1,0,48,-1376.7188,-1376.7188
50912,2870,252.2461,2000,LEFT_2000_US,1,1,0,48,-1376.0156,-1376.0156
50952,2861,251.4551,2000,LEFT_2000_US,1,1,0,48,-1376.8066,-1376.8066
50992,2826,248.3789,2000,LEFT_2000_US,1,1,0,48,-1379.8828,-1379.8828
51032,2818,247.6758,2000,LEFT_2000_US,1,1,0,48,-1380.5859,-1380.5859
51072,2821,247.9395,2000,LEFT_2000_US,1,1,0,48,-1380.3223,-1380.3223
51112,2806,246.6211,2000,LEFT_2000_US,1,1,0,48,-1381.6406,-1381.6406
51152,2790,245.2148,2000,LEFT_2000_US,1,1,0,48,-1383.0469,-1383.0469
51192,2775,243.8965,2000,LEFT_2000_US,1,1,0,48,-1384.3652,-1384.3652
51232,2760,242.5781,2000,LEFT_2000_US,1,1,0,48,-1385.6836,-1385.6836
51272,2749,241.6113,2000,LEFT_2000_US,1,1,0,48,-1386.6504,-1386.6504
51312,2738,240.6445,2000,LEFT_2000_US,1,1,0,48,-1387.6172,-1387.6172
51352,2728,239.7656,2000,LEFT_2000_US,1,1,0,48,-1388.4961,-1388.4961
51392,2726,239.5898,2000,LEFT_2000_US,1,1,0,48,-1388.6719,-1388.6719
51432,2722,239.2383,2000,LEFT_2000_US,1,1,0,48,-1389.0234,-1389.0234
51473,2697,237.0410,2000,LEFT_2000_US,1,1,0,48,-1391.2207,-1391.2207
51512,2692,236.6016,2000,LEFT_2000_US,1,1,0,48,-1391.6602,-1391.6602
51552,2686,236.0742,2000,LEFT_2000_US,1,1,0,48,-1392.1875,-1392.1875
51592,2663,234.0527,2000,LEFT_2000_US,1,1,0,48,-1394.2090,-1394.2090
51632,2652,233.0859,2000,LEFT_2000_US,1,1,0,48,-1395.1758,-1395.1758
51672,2649,232.8223,2000,LEFT_2000_US,1,1,0,48,-1395.4395,-1395.4395
51712,2627,230.8887,2000,LEFT_2000_US,1,1,0,48,-1397.3730,-1397.3730
51752,2614,229.7461,2000,LEFT_2000_US,1,1,0,48,-1398.5156,-1398.5156
51792,2605,228.9551,2000,LEFT_2000_US,1,1,0,48,-1399.3066,-1399.3066
51832,2604,228.8672,2000,LEFT_2000_US,1,1,0,48,-1399.3945,-1399.3945
51872,2598,228.3398,2000,LEFT_2000_US,1,1,0,48,-1399.9219,-1399.9219
51912,2591,227.7246,2000,LEFT_2000_US,1,1,0,48,-1400.5371,-1400.5371
51952,2578,226.5820,2000,LEFT_2000_US,1,1,0,48,-1401.6797,-1401.6797
51992,2549,224.0332,2000,LEFT_2000_US,1,1,0,48,-1404.2285,-1404.2285
52032,2541,223.3301,2000,LEFT_2000_US,1,1,0,48,-1404.9316,-1404.9316
52072,2541,223.3301,2000,LEFT_2000_US,1,1,0,48,-1404.9316,-1404.9316
52112,2535,222.8027,2000,LEFT_2000_US,1,1,0,48,-1405.4590,-1405.4590
52152,2510,220.6055,2000,LEFT_2000_US,1,1,0,48,-1407.6562,-1407.6562
52192,2512,220.7812,2000,LEFT_2000_US,1,1,0,48,-1407.4805,-1407.4805
52232,2499,219.6387,2000,LEFT_2000_US,1,1,0,48,-1408.6230,-1408.6230
52272,2488,218.6719,2000,LEFT_2000_US,1,1,0,48,-1409.5898,-1409.5898
52312,2459,216.1230,2000,LEFT_2000_US,1,1,0,48,-1412.1387,-1412.1387
52352,2449,215.2441,2000,LEFT_2000_US,1,1,0,48,-1413.0176,-1413.0176
52392,2444,214.8047,2000,LEFT_2000_US,1,1,0,48,-1413.4570,-1413.4570
52432,2437,214.1895,2000,LEFT_2000_US,1,1,0,48,-1414.0723,-1414.0723
52472,2427,213.3105,2000,LEFT_2000_US,1,1,0,48,-1414.9512,-1414.9512
52512,2418,212.5195,2000,LEFT_2000_US,1,1,0,48,-1415.7422,-1415.7422
52552,2406,211.4648,2000,LEFT_2000_US,1,1,0,48,-1416.7969,-1416.7969
52593,2391,210.1465,2000,LEFT_2000_US,1,1,0,48,-1418.1152,-1418.1152
52632,2369,208.2129,2000,LEFT_2000_US,1,1,0,48,-1420.0488,-1420.0488
52672,2358,207.2461,2000,LEFT_2000_US,1,1,0,48,-1421.0156,-1421.0156
52712,2346,206.1914,2000,LEFT_2000_US,1,1,0,48,-1422.0703,-1422.0703
52752,2337,205.4004,2000,LEFT_2000_US,1,1,0,48,-1422.8613,-1422.8613
52792,2321,203.9941,2000,LEFT_2000_US,1,1,0,48,-1424.2676,-1424.2676
52832,2323,204.1699,2000,LEFT_2000_US,1,1,0,48,-1424.0918,-1424.0918
52872,2308,202.8516,2000,LEFT_2000_US,1,1,0,48,-1425.4102,-1425.4102
52912,2291,201.3574,2000,LEFT_2000_US,1,1,0,48,-1426.9043,-1426.9043
52952,2276,200.0391,2000,LEFT_2000_US,1,1,0,48,-1428.2227,-1428.2227
52992,2265,199.0723,2000,LEFT_2000_US,1,1,0,48,-1429.1895,-1429.1895
53032,2252,197.9297,2000,LEFT_2000_US,1,1,0,48,-1430.3320,-1430.3320
53072,2248,197.5781,2000,LEFT_2000_US,1,1,0,48,-1430.6836,-1430.6836
53112,2236,196.5234,2000,LEFT_2000_US,1,1,0,48,-1431.7383,-1431.7383
53152,2219,195.0293,2000,LEFT_2000_US,1,1,0,48,-1433.2324,-1433.2324
53192,2212,194.4141,2000,LEFT_2000_US,1,1,0,48,-1433.8477,-1433.8477
53232,2192,192.6562,2000,LEFT_2000_US,1,1,0,48,-1435.6055,-1435.6055
53272,2182,191.7773,2000,LEFT_2000_US,1,1,0,48,-1436.4844,-1436.4844
53312,2177,191.3379,2000,LEFT_2000_US,1,1,0,48,-1436.9238,-1436.9238
53352,2158,189.6680,2000,LEFT_2000_US,1,1,0,48,-1438.5938,-1438.5938
53392,2145,188.5254,2000,LEFT_2000_US,1,1,0,48,-1439.7363,-1439.7363
53432,2140,188.0859,2000,LEFT_2000_US,1,1,0,48,-1440.1758,-1440.1758
53472,-1,-1.0000,2000,LEFT_2000_US,0,0,0,0,-1440.1758,-1440.1758
53512,2115,185.8887,2000,LEFT_2000_US,1,1,0,48,-1442.3730,-1442.3730
53552,2103,184.8340,2000,LEFT_2000_US,1,1,0,48,-1443.4277,-1443.4277
53592,2086,183.3398,2000,LEFT_2000_US,1,1,0,48,-1444.9219,-1444.9219
53632,2075,182.3730,2000,LEFT_2000_US,1,1,0,48,-1445.8887,-1445.8887
53672,2068,181.7578,2000,LEFT_2000_US,1,1,0,48,-1446.5039,-1446.5039
53712,2053,180.4395,2000,LEFT_2000_US,1,1,0,48,-1447.8223,-1447.8223
53752,2040,179.2969,2000,LEFT_2000_US,1,1,0,48,-1448.9648,-1448.9648
53792,2030,178.4180,2000,LEFT_2000_US,1,1,0,48,-1449.8438,-1449.8438
53832,2021,177.6270,2000,LEFT_2000_US,1,1,0,48,-1450.6348,-1450.6348
53872,2008,176.4844,2000,LEFT_2000_US,1,1,0,48,-1451.7773,-1451.7773
53912,1995,175.3418,2000,LEFT_2000_US,1,1,0,48,-1452.9199,-1452.9199
53952,1984,174.3750,2000,LEFT_2000_US,1,1,0,48,-1453.8867,-1453.8867
53992,1973,173.4082,2000,LEFT_2000_US,1,1,0,48,-1454.8535,-1454.8535
54032,1958,172.0898,2000,LEFT_2000_US,1,1,0,48,-1456.1719,-1456.1719
54072,1948,171.2109,2000,LEFT_2000_US,1,1,0,48,-1457.0508,-1457.0508
54112,1931,169.7168,2000,LEFT_2000_US,1,1,0,48,-1458.5449,-1458.5449
54152,1924,169.1016,2000,LEFT_2000_US,1,1,0,48,-1459.1602,-1459.1602
54192,1918,168.5742,2000,LEFT_2000_US,1,1,0,48,-1459.6875,-1459.6875
54232,1896,166.6406,2000,LEFT_2000_US,1,1,0,48,-1461.6211,-1461.6211
54272,1887,165.8496,2000,LEFT_2000_US,1,1,0,48,-1462.4121,-1462.4121
54312,1871,164.4434,2000,LEFT_2000_US,1,1,0,48,-1463.8184,-1463.8184
54352,1867,164.0918,2000,LEFT_2000_US,1,1,0,48,-1464.1699,-1464.1699
54392,1853,162.8613,2000,LEFT_2000_US,1,1,0,48,-1465.4004,-1465.4004
54432,1846,162.2461,2000,LEFT_2000_US,1,1,0,48,-1466.0156,-1466.0156
54472,1827,160.5762,2000,LEFT_2000_US,1,1,0,48,-1467.6855,-1467.6855
54512,1822,160.1367,2000,LEFT_2000_US,1,1,0,48,-1468.1250,-1468.1250
54552,1801,158.2910,2000,LEFT_2000_US,1,1,0,48,-1469.9707,-1469.9707
54592,1788,157.1484,2000,LEFT_2000_US,1,1,0,48,-1471.1133,-1471.1133
54632,1781,156.5332,2000,LEFT_2000_US,1,1,0,48,-1471.7285,-1471.7285
54672,1760,154.6875,2000,LEFT_2000_US,1,1,0,48,-1473.5742,-1473.5742
54712,1747,153.5449,2000,LEFT_2000_US,1,1,0,48,-1474.7168,-1474.7168
54753,1747,153.5449,2000,LEFT_2000_US,1,1,0,48,-1474.7168,-1474.7168
54793,1725,151.6113,2000,LEFT_2000_US,1,1,0,48,-1476.6504,-1476.6504
54832,1715,150.7324,2000,LEFT_2000_US,1,1,0,48,-1477.5293,-1477.5293
54872,1709,150.2051,2000,LEFT_2000_US,1,1,0,48,-1478.0566,-1478.0566
54912,1698,149.2383,2000,LEFT_2000_US,1,1,0,48,-1479.0234,-1479.0234
54952,1678,147.4805,2000,LEFT_2000_US,1,1,0,48,-1480.7812,-1480.7812
54992,1667,146.5137,2000,LEFT_2000_US,1,1,0,48,-1481.7480,-1481.7480
55032,1653,145.2832,2000,LEFT_2000_US,1,1,0,48,-1482.9785,-1482.9785
55072,1646,144.6680,2000,LEFT_2000_US,1,1,0,48,-1483.5938,-1483.5938
55112,1643,144.4043,2000,LEFT_2000_US,1,1,0,48,-1483.8574,-1483.8574
55152,1619,142.2949,2000,LEFT_2000_US,1,1,0,48,-1485.9668,-1485.9668
55192,1623,142.6465,2000,LEFT_2000_US,1,1,0,48,-1485.6152,-1485.6152
55232,1609,141.4160,2000,LEFT_2000_US,1,1,0,48,-1486.8457,-1486.8457
55272,1594,140.0977,2000,LEFT_2000_US,1,1,0,48,-1488.1641,-1488.1641
55312,1582,139.0430,2000,LEFT_2000_US,1,1,0,48,-1489.2188,-1489.2188
55352,1559,137.0215,2000,LEFT_2000_US,1,1,0,48,-1491.2402,-1491.2402
55392,1560,137.1094,2000,LEFT_2000_US,1,1,0,48,-1491.1523,-1491.1523
55432,1558,136.9336,2000,LEFT_2000_US,1,1,0,48,-1491.3281,-1491.3281
55472,1541,135.4395,2000,LEFT_2000_US,1,1,0,48,-1492.8223,-1492.8223
55512,1538,135.1758,2000,LEFT_2000_US,1,1,0,48,-1493.0859,-1493.0859
55552,1531,134.5605,2000,LEFT_2000_US,1,1,0,48,-1493.7012,-1493.7012
55592,1501,131.9238,2000,LEFT_2000_US,1,1,0,48,-1496.3379,-1496.3379
55632,1485,130.5176,2000,LEFT_2000_US,1,1,0,48,-1497.7441,-1497.7441
55672,1484,130.4297,2000,LEFT_2000_US,1,1,0,48,-1497.8320,-1497.8320
55712,1462,128.4961,2000,LEFT_2000_US,1,1,0,48,-1499.7656,-1499.7656
55752,1464,128.6719,2000,LEFT_2000_US,1,1,0,48,-1499.5898,-1499.5898
55792,1464,128.6719,2000,LEFT_2000_US,1,1,0,48,-1499.5898,-1499.5898
55832,1453,127.7051,2000,LEFT_2000_US,1,1,0,48,-1500.5566,-1500.5566
55872,1429,125.5957,2000,LEFT_2000_US,1,1,0,48,-1502.6660,-1502.6660
55912,1410,123.9258,2000,LEFT_2000_US,1,1,0,48,-1504.3359,-1504.3359
55952,1400,123.0469,2000,LEFT_2000_US,1,1,0,48,-1505.2148,-1505.2148
55992,1396,122.6953,2000,LEFT_2000_US,1,1,0,48,-1505.5664,-1505.5664
56032,1384,121.6406,2000,LEFT_2000_US,1,1,0,48,-1506.6211,-1506.6211
56072,1371,120.4980,2000,LEFT_2000_US,1,1,0,48,-1507.7637,-1507.7637
56112,1382,121.4648,2000,LEFT_2000_US,1,1,0,48,-1506.7969,-1506.7969
56152,1372,120.5859,2000,LEFT_2000_US,1,1,0,48,-1507.6758,-1507.6758
56192,1359,119.4434,2000,LEFT_2000_US,1,1,0,48,-1508.8184,-1508.8184
56232,1329,116.8066,2000,LEFT_2000_US,1,1,0,48,-1511.4551,-1511.4551
56272,1337,117.5098,2000,LEFT_2000_US,1,1,0,48,-1510.7520,-1510.7520
56312,1304,114.6094,2000,LEFT_2000_US,1,1,0,48,-1513.6523,-1513.6523
56352,1306,114.7852,2000,LEFT_2000_US,1,1,0,48,-1513.4766,-1513.4766
56392,1309,115.0488,2000,LEFT_2000_US,1,1,0,48,-1513.2129,-1513.2129
56432,1299,114.1699,2000,LEFT_2000_US,1,1,0,48,-1514.0918,-1514.0918
56472,1267,111.3574,2000,LEFT_2000_US,1,1,0,48,-1516.9043,-1516.9043
56512,1278,112.3242,2000,LEFT_2000_US,1,1,0,48,-1515.9375,-1515.9375
56552,1267,111.3574,2000,LEFT_2000_US,1,1,0,48,-1516.9043,-1516.9043
56592,1230,108.1055,2000,LEFT_2000_US,1,1,0,48,-1520.1562,-1520.1562
56632,1216,106.8750,2000,LEFT_2000_US,1,1,0,48,-1521.3867,-1521.3867
56672,1220,107.2266,2000,LEFT_2000_US,1,1,0,48,-1521.0352,-1521.0352
56712,1224,107.5781,2000,LEFT_2000_US,1,1,0,48,-1520.6836,-1520.6836
56752,1198,105.2930,2000,LEFT_2000_US,1,1,0,48,-1522.9688,-1522.9688
56792,1203,105.7324,2000,LEFT_2000_US,1,1,0,48,-1522.5293,-1522.5293
56832,1192,104.7656,2000,LEFT_2000_US,1,1,0,48,-1523.4961,-1523.4961
56872,1172,103.0078,2000,LEFT_2000_US,1,1,0,48,-1525.2539,-1525.2539
56912,1140,100.1953,2000,LEFT_2000_US,1,1,0,48,-1528.0664,-1528.0664
56952,1131,99.4043,2000,LEFT_2000_US,1,1,0,48,-1528.8574,-1528.8574
56992,1117,98.1738,2000,LEFT_2000_US,1,1,0,48,-1530.0879,-1530.0879
57032,1107,97.2949,2000,LEFT_2000_US,1,1,0,48,-1530.9668,-1530.9668
57072,1126,98.9648,2000,LEFT_2000_US,1,1,0,48,-1529.2969,-1529.2969
57112,1109,97.4707,2000,LEFT_2000_US,1,1,0,48,-1530.7910,-1530.7910
57152,1075,94.4824,2000,LEFT_2000_US,1,1,0,48,-1533.7793,-1533.7793
57192,4095,359.9121,2000,LEFT_2000_US,1,0,1,32,-1533.7793,-1533.7793
57232,1055,92.7246,2000,LEFT_2000_US,1,1,0,48,-1535.5371,-1535.5371
57272,1042,91.5820,2000,LEFT_2000_US,1,1,0,48,-1536.6797,-1536.6797
57312,1029,90.4395,2000,LEFT_2000_US,1,1,0,48,-1537.8223,-1537.8223
57352,1017,89.3848,2000,LEFT_2000_US,1,1,0,48,-1538.8770,-1538.8770
57392,1004,88.2422,2000,LEFT_2000_US,1,1,0,48,-1540.0195,-1540.0195
57432,1010,88.7695,2000,LEFT_2000_US,1,1,0,48,-1539.4922,-1539.4922
57472,1005,88.3301,2000,LEFT_2000_US,1,1,0,48,-1539.9316,-1539.9316
57512,998,87.7148,2000,LEFT_2000_US,1,1,0,48,-1540.5469,-1540.5469
57552,990,87.0117,2000,LEFT_2000_US,1,1,0,48,-1541.2500,-1541.2500
57592,960,84.3750,2000,LEFT_2000_US,1,1,0,48,-1543.8867,-1543.8867
57632,959,84.2871,2000,LEFT_2000_US,1,1,0,48,-1543.9746,-1543.9746
57672,950,83.4961,2000,LEFT_2000_US,1,1,0,48,-1544.7656,-1544.7656
57712,911,80.0684,2000,LEFT_2000_US,1,1,0,48,-1548.1934,-1548.1934
57752,926,81.3867,2000,LEFT_2000_US,1,1,0,48,-1546.8750,-1546.8750
57792,912,80.1562,2000,LEFT_2000_US,1,1,0,48,-1548.1055,-1548.1055
57832,871,76.5527,2000,LEFT_2000_US,1,1,0,48,-1551.7090,-1551.7090
57872,891,78.3105,2000,LEFT_2000_US,1,1,0,48,-1549.9512,-1549.9512
57912,864,75.9375,2000,LEFT_2000_US,1,1,0,48,-1552.3242,-1552.3242
57952,856,75.2344,2000,LEFT_2000_US,1,1,0,48,-1553.0273,-1553.0273
57992,822,72.2461,2000,LEFT_2000_US,1,1,0,48,-1556.0156,-1556.0156
58032,823,72.3340,2000,LEFT_2000_US,1,1,0,48,-1555.9277,-1555.9277
58072,825,72.5098,2000,LEFT_2000_US,1,1,0,48,-1555.7520,-1555.7520
58112,795,69.8730,2000,LEFT_2000_US,1,1,0,48,-1558.3887,-1558.3887
58152,797,70.0488,2000,LEFT_2000_US,1,1,0,48,-1558.2129,-1558.2129
58192,784,68.9062,2000,LEFT_2000_US,1,1,0,48,-1559.3555,-1559.3555
58232,755,66.3574,2000,LEFT_2000_US,1,1,0,48,-1561.9043,-1561.9043
58273,751,66.0059,2000,LEFT_2000_US,1,1,0,48,-1562.2559,-1562.2559
58312,730,64.1602,2000,LEFT_2000_US,1,1,0,48,-1564.1016,-1564.1016
58352,703,61.7871,2000,LEFT_2000_US,1,1,0,48,-1566.4746,-1566.4746
58392,682,59.9414,2000,LEFT_2000_US,1,1,0,48,-1568.3203,-1568.3203
58432,695,61.0840,2000,LEFT_2000_US,1,1,0,48,-1567.1777,-1567.1777
58472,660,58.0078,2000,LEFT_2000_US,1,1,0,48,-1570.2539,-1570.2539
58512,657,57.7441,2000,LEFT_2000_US,1,1,0,48,-1570.5176,-1570.5176
58552,643,56.5137,2000,LEFT_2000_US,1,1,0,48,-1571.7480,-1571.7480
58592,638,56.0742,2000,LEFT_2000_US,1,1,0,48,-1572.1875,-1572.1875
58632,594,52.2070,2000,LEFT_2000_US,1,1,0,48,-1576.0547,-1576.0547
58672,597,52.4707,2000,LEFT_2000_US,1,1,0,48,-1575.7910,-1575.7910
58712,581,51.0645,2000,LEFT_2000_US,1,1,0,48,-1577.1973,-1577.1973
58752,550,48.3398,2000,LEFT_2000_US,1,1,0,48,-1579.9219,-1579.9219
58792,534,46.9336,2000,LEFT_2000_US,1,1,0,48,-1581.3281,-1581.3281
58832,532,46.7578,2000,LEFT_2000_US,1,1,0,48,-1581.5039,-1581.5039
58872,522,45.8789,2000,LEFT_2000_US,1,1,0,48,-1582.3828,-1582.3828
58912,507,44.5605,2000,LEFT_2000_US,1,1,0,48,-1583.7012,-1583.7012
58952,489,42.9785,2000,LEFT_2000_US,1,1,0,48,-1585.2832,-1585.2832
58992,475,41.7480,2000,LEFT_2000_US,1,1,0,48,-1586.5137,-1586.5137
59032,455,39.9902,2000,LEFT_2000_US,1,1,0,48,-1588.2715,-1588.2715
59072,423,37.1777,2000,LEFT_2000_US,1,1,0,48,-1591.0840,-1591.0840
59112,410,36.0352,2000,LEFT_2000_US,1,1,0,48,-1592.2266,-1592.2266
59153,392,34.4531,2000,LEFT_2000_US,1,1,0,48,-1593.8086,-1593.8086
59192,383,33.6621,2000,LEFT_2000_US,1,1,0,48,-1594.5996,-1594.5996
59232,511,44.9121,2000,LEFT_2000_US,1,0,1,48,-1594.5996,-1594.5996
59272,358,31.4648,2000,LEFT_2000_US,1,1,0,16,-1596.7969,-1596.7969
59312,341,29.9707,2000,LEFT_2000_US,1,1,0,48,-1598.2910,-1598.2910
59352,314,27.5977,2000,LEFT_2000_US,1,1,0,48,-1600.6641,-1600.6641
59392,306,26.8945,2000,LEFT_2000_US,1,1,0,16,-1601.3672,-1601.3672
59432,284,24.9609,2000,LEFT_2000_US,1,1,0,48,-1603.3008,-1603.3008
59472,259,22.7637,2000,LEFT_2000_US,1,1,0,48,-1605.4980,-1605.4980
59512,244,21.4453,2000,LEFT_2000_US,1,1,0,48,-1606.8164,-1606.8164
59552,230,20.2148,2000,LEFT_2000_US,1,1,0,48,-1608.0469,-1608.0469
59592,212,18.6328,2000,LEFT_2000_US,1,1,0,48,-1609.6289,-1609.6289
59632,195,17.1387,2000,LEFT_2000_US,1,1,0,48,-1611.1230,-1611.1230
59672,183,16.0840,2000,LEFT_2000_US,1,1,0,48,-1612.1777,-1612.1777
59712,160,14.0625,2000,LEFT_2000_US,1,1,0,48,-1614.1992,-1614.1992
59752,138,12.1289,2000,LEFT_2000_US,1,1,0,48,-1616.1328,-1616.1328
59792,127,11.1621,2000,LEFT_2000_US,1,1,0,48,-1617.0996,-1617.0996
59832,115,10.1074,2000,LEFT_2000_US,1,1,0,48,-1618.1543,-1618.1543
59872,90,7.9102,2000,LEFT_2000_US,1,1,0,48,-1620.3516,-1620.3516
59912,73,6.4160,2000,LEFT_2000_US,1,1,0,48,-1621.8457,-1621.8457
59952,54,4.7461,2000,LEFT_2000_US,1,1,0,48,-1623.5156,-1623.5156
59992,37,3.2520,2000,LEFT_2000_US,1,1,0,48,-1625.0098,-1625.0098
60032,21,1.8457,2000,LEFT_2000_US,1,1,0,48,-1626.4160,-1626.4160
60072,3,0.2637,2000,LEFT_2000_US,1,1,0,48,-1627.9980,-1627.9980
60112,4081,358.6816,2000,LEFT_2000_US,1,1,0,48,-1629.5801,-1629.5801
60152,4073,357.9785,2000,LEFT_2000_US,1,1,0,48,-1630.2832,-1630.2832
60192,4055,356.3965,2000,LEFT_2000_US,1,1,0,48,-1631.8652,-1631.8652
60232,4038,354.9023,2000,LEFT_2000_US,1,1,0,48,-1633.3594,-1633.3594
60272,4022,353.4961,2000,LEFT_2000_US,1,1,0,48,-1634.7656,-1634.7656
60312,3996,351.2109,2000,LEFT_2000_US,1,1,0,48,-1637.0508,-1637.0508
60352,3982,349.9805,2000,LEFT_2000_US,1,1,0,48,-1638.2812,-1638.2812
60392,3974,349.2773,2000,LEFT_2000_US,1,1,0,48,-1638.9844,-1638.9844
60432,3955,347.6074,2000,LEFT_2000_US,1,1,0,48,-1640.6543,-1640.6543
60472,3931,345.4980,2000,LEFT_2000_US,1,1,0,48,-1642.7637,-1642.7637
60512,3928,345.2344,2000,LEFT_2000_US,1,1,0,48,-1643.0273,-1643.0273
60552,3911,343.7402,2000,LEFT_2000_US,1,1,0,48,-1644.5215,-1644.5215
60592,3885,341.4551,2000,LEFT_2000_US,1,1,0,48,-1646.8066,-1646.8066
60633,3876,340.6641,2000,LEFT_2000_US,1,1,0,48,-1647.5977,-1647.5977
60672,3857,338.9941,2000,LEFT_2000_US,1,1,0,48,-1649.2676,-1649.2676
60712,3834,336.9727,2000,LEFT_2000_US,1,1,0,48,-1651.2891,-1651.2891
60752,3829,336.5332,2000,LEFT_2000_US,1,1,0,48,-1651.7285,-1651.7285
60792,3819,335.6543,2000,LEFT_2000_US,1,1,0,48,-1652.6074,-1652.6074
60832,3790,333.1055,2000,LEFT_2000_US,1,1,0,48,-1655.1562,-1655.1562
60872,3774,331.6992,2000,LEFT_2000_US,1,1,0,48,-1656.5625,-1656.5625
60912,3767,331.0840,2000,LEFT_2000_US,1,1,0,48,-1657.1777,-1657.1777
60952,3744,329.0625,2000,LEFT_2000_US,1,1,0,48,-1659.1992,-1659.1992
60992,3746,329.2383,2000,LEFT_2000_US,1,1,0,48,-1659.0234,-1659.0234
61032,3717,326.6895,2000,LEFT_2000_US,1,1,0,48,-1661.5723,-1661.5723
61072,3709,325.9863,2000,LEFT_2000_US,1,1,0,48,-1662.2754,-1662.2754
61112,3683,323.7012,2000,LEFT_2000_US,1,1,0,48,-1664.5605,-1664.5605
61152,3670,322.5586,2000,LEFT_2000_US,1,1,0,48,-1665.7031,-1665.7031
61192,3655,321.2402,2000,LEFT_2000_US,1,1,0,48,-1667.0215,-1667.0215
61232,3642,320.0977,2000,LEFT_2000_US,1,1,0,48,-1668.1641,-1668.1641
61272,3644,320.2734,2000,LEFT_2000_US,1,1,0,48,-1667.9883,-1667.9883
61312,3607,317.0215,2000,LEFT_2000_US,1,1,0,48,-1671.2402,-1671.2402
61352,3600,316.4062,2000,LEFT_2000_US,1,1,0,48,-1671.8555,-1671.8555
61392,3578,314.4727,2000,LEFT_2000_US,1,1,0,48,-1673.7891,-1673.7891
61432,3562,313.0664,2000,LEFT_2000_US,1,1,0,48,-1675.1953,-1675.1953
61472,3550,312.0117,2000,LEFT_2000_US,1,1,0,48,-1676.2500,-1676.2500
61512,3547,311.7480,2000,LEFT_2000_US,1,1,0,48,-1676.5137,-1676.5137
61552,3541,311.2207,2000,LEFT_2000_US,1,1,0,48,-1677.0410,-1677.0410
61592,3522,309.5508,2000,LEFT_2000_US,1,1,0,48,-1678.7109,-1678.7109
61632,3513,308.7598,2000,LEFT_2000_US,1,1,0,48,-1679.5020,-1679.5020
61672,3499,307.5293,2000,LEFT_2000_US,1,1,0,48,-1680.7324,-1680.7324
61712,3461,304.1895,2000,LEFT_2000_US,1,1,0,48,-1684.0723,-1684.0723
61752,3457,303.8379,2000,LEFT_2000_US,1,1,0,48,-1684.4238,-1684.4238
61792,3440,302.3438,2000,LEFT_2000_US,1,1,0,48,-1685.9180,-1685.9180
61832,3422,300.7617,2000,LEFT_2000_US,1,1,0,48,-1687.5000,-1687.5000
61873,3401,298.9160,2000,LEFT_2000_US,1,1,0,48,-1689.3457,-1689.3457
61912,3408,299.5312,2000,LEFT_2000_US,1,1,0,48,-1688.7305,-1688.7305
61952,3381,297.1582,2000,LEFT_2000_US,1,1,0,48,-1691.1035,-1691.1035
61992,3378,296.8945,2000,LEFT_2000_US,1,1,0,48,-1691.3672,-1691.3672
62032,3371,296.2793,2000,LEFT_2000_US,1,1,0,48,-1691.9824,-1691.9824
62072,3338,293.3789,2000,LEFT_2000_US,1,1,0,48,-1694.8828,-1694.8828
62112,3337,293.2910,2000,LEFT_2000_US,1,1,0,48,-1694.9707,-1694.9707
62152,3307,290.6543,2000,LEFT_2000_US,1,1,0,48,-1697.6074,-1697.6074
62192,3293,289.4238,2000,LEFT_2000_US,1,1,0,48,-1698.8379,-1698.8379
62232,3292,289.3359,2000,LEFT_2000_US,1,1,0,48,-1698.9258,-1698.9258
62272,3268,287.2266,2000,LEFT_2000_US,1,1,0,48,-1701.0352,-1701.0352
62312,3277,288.0176,2000,LEFT_2000_US,1,1,0,48,-1700.2441,-1700.2441
62352,3256,286.1719,2000,LEFT_2000_US,1,1,0,48,-1702.0898,-1702.0898
62392,3244,285.1172,2000,LEFT_2000_US,1,1,0,48,-1703.1445,-1703.1445
62432,3237,284.5020,2000,LEFT_2000_US,1,1,0,48,-1703.7598,-1703.7598
62472,3221,283.0957,2000,LEFT_2000_US,1,1,0,48,-1705.1660,-1705.1660
62512,3187,280.1074,2000,LEFT_2000_US,1,1,0,48,-1708.1543,-1708.1543
62552,3197,280.9863,2000,LEFT_2000_US,1,1,0,48,-1707.2754,-1707.2754
62592,-1,-1.0000,2000,LEFT_2000_US,0,0,0,0,-1707.2754,-1707.2754
62632,3160,277.7344,2000,LEFT_2000_US,1,1,0,48,-1710.5273,-1710.5273
62672,3165,278.1738,2000,LEFT_2000_US,1,1,0,48,-1710.0879,-1710.0879
62712,3155,277.2949,2000,LEFT_2000_US,1,1,0,48,-1710.9668,-1710.9668
62752,3124,274.5703,2000,LEFT_2000_US,1,1,0,48,-1713.6914,-1713.6914
62792,3105,272.9004,2000,LEFT_2000_US,1,1,0,48,-1715.3613,-1715.3613
62832,3105,272.9004,2000,LEFT_2000_US,1,1,0,48,-1715.3613,-1715.3613
62872,3082,270.8789,2000,LEFT_2000_US,1,1,0,48,-1717.3828,-1717.3828
62912,3070,269.8242,2000,LEFT_2000_US,1,1,0,48,-1718.4375,-1718.4375
62952,3073,270.0879,2000,LEFT_2000_US,1,1,0,48,-1718.1738,-1718.1738
62992,3052,268.2422,2000,LEFT_2000_US,1,1,0,48,-1720.0195,-1720.0195
63032,3054,268.4180,2000,LEFT_2000_US,1,1,0,48,-1719.8438,-1719.8438
63072,3025,265.8691,2000,LEFT_2000_US,1,1,0,48,-1722.3926,-1722.3926
63112,3025,265.8691,2000,LEFT_2000_US,1,1,0,48,-1722.3926,-1722.3926
63152,3002,263.8477,2000,LEFT_2000_US,1,1,0,48,-1724.4141,-1724.4141
63192,2999,263.5840,2000,LEFT_2000_US,1,1,0,48,-1724.6777,-1724.6777
63232,2988,262.6172,2000,LEFT_2000_US,1,1,0,48,-1725.6445,-1725.6445
63274,2972,261.2109,2000,LEFT_2000_US,1,1,0,48,-1727.0508,-1727.0508
63312,2973,261.2988,2000,LEFT_2000_US,1,1,0,48,-1726.9629,-1726.9629
63352,2972,261.2109,2000,LEFT_2000_US,1,1,0,48,-1727.0508,-1727.0508
63392,2955,259.7168,2000,LEFT_2000_US,1,1,0,48,-1728.5449,-1728.5449
63432,2942,258.5742,2000,LEFT_2000_US,1,1,0,48,-1729.6875,-1729.6875
63472,2937,258.1348,2000,LEFT_2000_US,1,1,0,48,-1730.1270,-1730.1270
63512,2926,257.1680,2000,LEFT_2000_US,1,1,0,48,-1731.0938,-1731.0938
63552,2904,255.2344,2000,LEFT_2000_US,1,1,0,48,-1733.0273,-1733.0273
63592,2887,253.7402,2000,LEFT_2000_US,1,1,0,48,-1734.5215,-1734.5215
63632,2880,253.1250,2000,LEFT_2000_US,1,1,0,48,-1735.1367,-1735.1367
63672,2878,252.9492,2000,LEFT_2000_US,1,1,0,48,-1735.3125,-1735.3125
63712,2848,250.3125,2000,LEFT_2000_US,1,1,0,48,-1737.9492,-1737.9492
63752,-1,-1.0000,2000,LEFT_2000_US,0,0,0,0,-1737.9492,-1737.9492
63792,-1,-1.0000,2000,LEFT_2000_US,0,0,0,0,-1737.9492,-1737.9492
63832,2828,248.5547,2000,LEFT_2000_US,1,1,0,48,-1739.7070,-1739.7070
63872,2803,246.3574,2000,LEFT_2000_US,1,1,0,48,-1741.9043,-1741.9043
63912,2812,247.1484,2000,LEFT_2000_US,1,1,0,48,-1741.1133,-1741.1133
63952,2799,246.0059,2000,LEFT_2000_US,1,1,0,48,-1742.2559,-1742.2559
63992,2789,245.1270,2000,LEFT_2000_US,1,1,0,48,-1743.1348,-1743.1348
64032,2779,244.2480,2000,LEFT_2000_US,1,1,0,48,-1744.0137,-1744.0137
64072,2756,242.2266,2000,LEFT_2000_US,1,1,0,48,-1746.0352,-1746.0352
64112,2761,242.6660,2000,LEFT_2000_US,1,1,0,48,-1745.5957,-1745.5957
64152,2749,241.6113,2000,LEFT_2000_US,1,1,0,48,-1746.6504,-1746.6504
64193,2717,238.7988,2000,LEFT_2000_US,1,1,0,48,-1749.4629,-1749.4629
64232,2714,238.5352,2000,LEFT_2000_US,1,1,0,48,-1749.7266,-1749.7266
64272,2707,237.9199,2000,LEFT_2000_US,1,1,0,48,-1750.3418,-1750.3418
64312,2696,236.9531,2000,LEFT_2000_US,1,1,0,48,-1751.3086,-1751.3086
64352,2685,235.9863,2000,LEFT_2000_US,1,1,0,48,-1752.2754,-1752.2754
64392,2679,235.4590,2000,LEFT_2000_US,1,1,0,48,-1752.8027,-1752.8027
64432,2668,234.4922,2000,LEFT_2000_US,1,1,0,48,-1753.7695,-1753.7695
64472,2652,233.0859,2000,LEFT_2000_US,1,1,0,48,-1755.1758,-1755.1758
64512,2649,232.8223,2000,LEFT_2000_US,1,1,0,48,-1755.4395,-1755.4395
64552,2639,231.9434,2000,LEFT_2000_US,1,1,0,48,-1756.3184,-1756.3184
64592,2610,229.3945,2000,LEFT_2000_US,1,1,0,48,-1758.8672,-1758.8672
64632,2599,228.4277,2000,LEFT_2000_US,1,1,0,48,-1759.8340,-1759.8340
64672,2592,227.8125,2000,LEFT_2000_US,1,1,0,48,-1760.4492,-1760.4492
64712,2574,226.2305,2000,LEFT_2000_US,1,1,0,48,-1762.0312,-1762.0312
64752,2579,226.6699,2000,LEFT_2000_US,1,1,0,48,-1761.5918,-1761.5918
64792,2551,224.2090,2000,LEFT_2000_US,1,1,0,48,-1764.0527,-1764.0527
64832,2551,224.2090,2000,LEFT_2000_US,1,1,0,48,-1764.0527,-1764.0527
64872,2539,223.1543,2000,LEFT_2000_US,1,1,0,48,-1765.1074,-1765.1074
64912,2537,222.9785,2000,LEFT_2000_US,1,1,0,48,-1765.2832,-1765.2832
64952,2525,221.9238,2000,LEFT_2000_US,1,1,0,48,-1766.3379,-1766.3379
64992,2509,220.5176,2000,LEFT_2000_US,1,1,0,48,-1767.7441,-1767.7441
65032,2484,218.3203,2000,LEFT_2000_US,1,1,0,48,-1769.9414,-1769.9414
65072,2476,217.6172,2000,LEFT_2000_US,1,1,0,48,-1770.6445,-1770.6445
65112,2461,216.2988,2000,LEFT_2000_US,1,1,0,48,-1771.9629,-1771.9629
65152,2449,215.2441,2000,LEFT_2000_US,1,1,0,48,-1773.0176,-1773.0176
65192,2437,214.1895,2000,LEFT_2000_US,1,1,0,48,-1774.0723,-1774.0723
65232,2425,213.1348,2000,LEFT_2000_US,1,1,0,48,-1775.1270,-1775.1270
65272,2431,213.6621,2000,LEFT_2000_US,1,1,0,48,-1774.5996,-1774.5996
65312,2409,211.7285,2000,LEFT_2000_US,1,1,0,48,-1776.5332,-1776.5332
65352,2400,210.9375,2000,LEFT_2000_US,1,1,0,48,-1777.3242,-1777.3242
65392,2391,210.1465,2000,LEFT_2000_US,1,1,0,48,-1778.1152,-1778.1152
65432,2368,208.1250,2000,LEFT_2000_US,1,1,0,48,-1780.1367,-1780.1367
65472,2358,207.2461,2000,LEFT_2000_US,1,1,0,48,-1781.0156,-1781.0156
65512,2351,206.6309,2000,LEFT_2000_US,1,1,0,48,-1781.6309,-1781.6309
65552,2346,206.1914,2000,LEFT_2000_US,1,1,0,48,-1782.0703,-1782.0703
65592,2333,205.0488,2000,LEFT_2000_US,1,1,0,48,-1783.2129,-1783.2129
65632,2323,204.1699,2000,LEFT_2000_US,1,1,0,48,-1784.0918,-1784.0918
65672,2311,203.1152,2000,LEFT_2000_US,1,1,0,48,-1785.1465,-1785.1465
65712,2292,201.4453,2000,LEFT_2000_US,1,1,0,48,-1786.8164,-1786.8164
65752,2285,200.8301,2000,LEFT_2000_US,1,1,0,48,-1787.4316,-1787.4316
65792,2303,202.4121,2000,LEFT_2000_US,1,1,0,48,-1785.8496,-1785.8496
65832,2256,198.2812,2000,LEFT_2000_US,1,1,0,48,-1789.9805,-1789.9805
65872,2241,196.9629,2000,LEFT_2000_US,1,1,0,48,-1791.2988,-1791.2988
65912,2237,196.6113,2000,LEFT_2000_US,1,1,0,48,-1791.6504,-1791.6504
65952,2216,194.7656,2000,LEFT_2000_US,1,1,0,48,-1793.4961,-1793.4961
65992,2207,193.9746,2000,LEFT_2000_US,1,1,0,48,-1794.2871,-1794.2871
66032,2202,193.5352,2000,LEFT_2000_US,1,1,0,48,-1794.7266,-1794.7266
66072,2184,191.9531,2000,LEFT_2000_US,1,1,0,48,-1796.3086,-1796.3086
66112,2175,191.1621,2000,LEFT_2000_US,1,1,0,48,-1797.0996,-1797.0996
66152,2167,190.4590,2000,LEFT_2000_US,1,1,0,48,-1797.8027,-1797.8027
66192,2153,189.2285,2000,LEFT_2000_US,1,1,0,48,-1799.0332,-1799.0332
66232,2136,187.7344,2000,LEFT_2000_US,1,1,0,48,-1800.5273,-1800.5273
66272,2125,186.7676,2000,LEFT_2000_US,1,1,0,48,-1801.4941,-1801.4941
66312,2114,185.8008,2000,LEFT_2000_US,1,1,0,48,-1802.4609,-1802.4609
66352,2107,185.1855,2000,LEFT_2000_US,1,1,0,48,-1803.0762,-1803.0762
66392,2096,184.2188,2000,LEFT_2000_US,1,1,0,48,-1804.0430,-1804.0430
66432,2080,182.8125,2000,LEFT_2000_US,1,1,0,48,-1805.4492,-1805.4492
66472,2067,181.6699,2000,LEFT_2000_US,1,1,0,48,-1806.5918,-1806.5918
66512,2058,180.8789,2000,LEFT_2000_US,1,1,0,48,-1807.3828,-1807.3828
66552,2043,179.5605,2000,LEFT_2000_US,1,1,0,48,-1808.7012,-1808.7012
66592,2032,178.5938,2000,LEFT_2000_US,1,1,0,48,-1809.6680,-1809.6680
66632,2020,177.5391,2000,LEFT_2000_US,1,1,0,48,-1810.7227,-1810.7227
66672,2009,176.5723,2000,LEFT_2000_US,1,1,0,48,-1811.6895,-1811.6895
66712,1998,175.6055,2000,LEFT_2000_US,1,1,0,48,-1812.6562,-1812.6562
66752,1985,174.4629,2000,LEFT_2000_US,1,1,0,48,-1813.7988,-1813.7988
66792,1975,173.5840,2000,LEFT_2000_US,1,1,0,48,-1814.6777,-1814.6777
66832,1960,172.2656,2000,LEFT_2000_US,1,1,0,48,-1815.9961,-1815.9961
66872,1949,171.2988,2000,LEFT_2000_US,1,1,0,48,-1816.9629,-1816.9629
66912,1940,170.5078,2000,LEFT_2000_US,1,1,0,48,-1817.7539,-1817.7539
66952,1925,169.1895,2000,LEFT_2000_US,1,1,0,48,-1819.0723,-1819.0723
66992,1914,168.2227,2000,LEFT_2000_US,1,1,0,48,-1820.0391,-1820.0391
67032,1903,167.2559,2000,LEFT_2000_US,1,1,0,48,-1821.0059,-1821.0059
67072,1887,165.8496,2000,LEFT_2000_US,1,1,0,48,-1822.4121,-1822.4121
67112,1882,165.4102,2000,LEFT_2000_US,1,1,0,48,-1822.8516,-1822.8516
67152,1864,163.8281,2000,LEFT_2000_US,1,1,0,48,-1824.4336,-1824.4336
67192,1850,162.5977,2000,LEFT_2000_US,1,1,0,48,-1825.6641,-1825.6641
67232,1841,161.8066,2000,LEFT_2000_US,1,1,0,48,-1826.4551,-1826.4551
67272,1830,160.8398,2000,LEFT_2000_US,1,1,0,48,-1827.4219,-1827.4219
67312,1815,159.5215,2000,LEFT_2000_US,1,1,0,48,-1828.7402,-1828.7402
67352,1809,158.9941,2000,LEFT_2000_US,1,1,0,48,-1829.2676,-1829.2676
67392,1787,157.0605,2000,LEFT_2000_US,1,1,0,48,-1831.2012,-1831.2012
67432,1778,156.2695,2000,LEFT_2000_US,1,1,0,48,-1831.9922,-1831.9922
67472,1774,155.9180,2000,LEFT_2000_US,1,1,0,48,-1832.3438,-1832.3438
67512,1761,154.7754,2000,LEFT_2000_US,1,1,0,48,-1833.4863,-1833.4863
67552,1740,152.9297,2000,LEFT_2000_US,1,1,0,48,-1835.3320,-1835.3320
67592,1727,151.7871,2000,LEFT_2000_US,1,1,0,48,-1836.4746,-1836.4746
67632,1718,150.9961,2000,LEFT_2000_US,1,1,0,48,-1837.2656,-1837.2656
67672,1704,149.7656,2000,LEFT_2000_US,1,1,0,48,-1838.4961,-1838.4961
67712,1691,148.6230,2000,LEFT_2000_US,1,1,0,48,-1839.6387,-1839.6387
67752,1691,148.6230,2000,LEFT_2000_US,1,1,0,48,-1839.6387,-1839.6387
67792,1679,147.5684,2000,LEFT_2000_US,1,1,0,48,-1840.6934,-1840.6934
67832,1667,146.5137,2000,LEFT_2000_US,1,1,0,48,-1841.7480,-1841.7480
67872,1657,145.6348,2000,LEFT_2000_US,1,1,0,48,-1842.6270,-1842.6270
67912,1646,144.6680,2000,LEFT_2000_US,1,1,0,48,-1843.5938,-1843.5938
67952,1637,143.8770,2000,LEFT_2000_US,1,1,0,48,-1844.3848,-1844.3848
67992,1612,141.6797,2000,LEFT_2000_US,1,1,0,48,-1846.5820,-1846.5820
68032,1599,140.5371,2000,LEFT_2000_US,1,1,0,48,-1847.7246,-1847.7246
68072,1592,139.9219,2000,LEFT_2000_US,1,1,0,48,-1848.3398,-1848.3398
68112,1596,140.2734,2000,LEFT_2000_US,1,1,0,48,-1847.9883,-1847.9883
68152,1583,139.1309,2000,LEFT_2000_US,1,1,0,48,-1849.1309,-1849.1309
68192,4095,359.9121,2000,LEFT_2000_US,1,0,1,48,-1849.1309,-1849.1309
68232,1559,137.0215,2000,LEFT_2000_US,1,1,0,48,-1851.2402,-1851.2402
68272,1537,135.0879,2000,LEFT_2000_US,1,1,0,48,-1853.1738,-1853.1738
68312,1523,133.8574,2000,LEFT_2000_US,1,1,0,48,-1854.4043,-1854.4043
68352,1524,133.9453,2000,LEFT_2000_US,1,1,0,48,-1854.3164,-1854.3164
68392,1503,132.0996,2000,LEFT_2000_US,1,1,0,48,-1856.1621,-1856.1621
68432,1509,132.6270,2000,LEFT_2000_US,1,1,0,48,-1855.6348,-1855.6348
68472,1500,131.8359,2000,LEFT_2000_US,1,1,0,48,-1856.4258,-1856.4258
68512,1488,130.7812,2000,LEFT_2000_US,1,1,0,48,-1857.4805,-1857.4805
68552,1471,129.2871,2000,LEFT_2000_US,1,1,0,48,-1858.9746,-1858.9746
68592,1454,127.7930,2000,LEFT_2000_US,1,1,0,48,-1860.4688,-1860.4688
68632,1435,126.1230,2000,LEFT_2000_US,1,1,0,48,-1862.1387,-1862.1387
68672,1429,125.5957,2000,LEFT_2000_US,1,1,0,48,-1862.6660,-1862.6660
68712,1414,124.2773,2000,LEFT_2000_US,1,1,0,48,-1863.9844,-1863.9844
68752,1408,123.7500,2000,LEFT_2000_US,1,1,0,48,-1864.5117,-1864.5117
68792,1411,124.0137,2000,LEFT_2000_US,1,1,0,48,-1864.2480,-1864.2480
68832,1404,123.3984,2000,LEFT_2000_US,1,1,0,48,-1864.8633,-1864.8633
68872,1376,120.9375,2000,LEFT_2000_US,1,1,0,48,-1867.3242,-1867.3242
68912,1385,121.7285,2000,LEFT_2000_US,1,1,0,48,-1866.5332,-1866.5332
68952,1365,119.9707,2000,LEFT_2000_US,1,1,0,48,-1868.2910,-1868.2910
68992,1338,117.5977,2000,LEFT_2000_US,1,1,0,48,-1870.6641,-1870.6641
69032,1331,116.9824,2000,LEFT_2000_US,1,1,0,48,-1871.2793,-1871.2793
69072,1339,117.6855,2000,LEFT_2000_US,1,1,0,48,-1870.5762,-1870.5762
69112,1306,114.7852,2000,LEFT_2000_US,1,1,0,48,-1873.4766,-1873.4766
69152,1300,114.2578,2000,LEFT_2000_US,1,1,0,48,-1874.0039,-1874.0039
69192,1297,113.9941,2000,LEFT_2000_US,1,1,0,48,-1874.2676,-1874.2676
69232,3071,269.9121,2000,LEFT_2000_US,1,0,1,48,-1874.2676,-1874.2676
69272,1287,113.1152,2000,LEFT_2000_US,1,1,0,48,-1875.1465,-1875.1465
69312,1269,111.5332,2000,LEFT_2000_US,1,1,0,48,-1876.7285,-1876.7285
69352,1265,111.1816,2000,LEFT_2000_US,1,1,0,48,-1877.0801,-1877.0801
69392,1232,108.2812,2000,LEFT_2000_US,1,1,0,48,-1879.9805,-1879.9805
69432,1224,107.5781,2000,LEFT_2000_US,1,1,0,48,-1880.6836,-1880.6836
69472,1227,107.8418,2000,LEFT_2000_US,1,1,0,48,-1880.4199,-1880.4199
69512,1213,106.6113,2000,LEFT_2000_US,1,1,0,48,-1881.6504,-1881.6504
69552,1194,104.9414,2000,LEFT_2000_US,1,1,0,48,-1883.3203,-1883.3203
69592,-1,-1.0000,2000,LEFT_2000_US,0,0,0,0,-1883.3203,-1883.3203
69632,1166,102.4805,2000,LEFT_2000_US,1,1,0,48,-1885.7812,-1885.7812
69672,1156,101.6016,2000,LEFT_2000_US,1,1,0,48,-1886.6602,-1886.6602
69712,1152,101.2500,2000,LEFT_2000_US,1,1,0,48,-1887.0117,-1887.0117
69752,1153,101.3379,2000,LEFT_2000_US,1,1,0,48,-1886.9238,-1886.9238
69792,1139,100.1074,2000,LEFT_2000_US,1,1,0,48,-1888.1543,-1888.1543
69832,1130,99.3164,2000,LEFT_2000_US,1,1,0,48,-1888.9453,-1888.9453
69872,1106,97.2070,2000,LEFT_2000_US,1,1,0,48,-1891.0547,-1891.0547
69912,1092,95.9766,2000,LEFT_2000_US,1,1,0,48,-1892.2852,-1892.2852
69952,1093,96.0645,2000,LEFT_2000_US,1,1,0,48,-1892.1973,-1892.1973
69992,1099,96.5918,2000,LEFT_2000_US,1,1,0,48,-1891.6699,-1891.6699
70032,1058,92.9883,2000,LEFT_2000_US,1,1,0,48,-1895.2734,-1895.2734
70072,1076,94.5703,2000,LEFT_2000_US,1,1,0,48,-1893.6914,-1893.6914
70112,1067,93.7793,2000,LEFT_2000_US,1,1,0,48,-1894.4824,-1894.4824
70152,1054,92.6367,2000,LEFT_2000_US,1,1,0,48,-1895.6250,-1895.6250
70192,1029,90.4395,2000,LEFT_2000_US,1,1,0,48,-1897.8223,-1897.8223
70232,1032,90.7031,2000,LEFT_2000_US,1,1,0,48,-1897.5586,-1897.5586
70272,992,87.1875,2000,LEFT_2000_US,1,1,0,48,-1901.0742,-1901.0742
70312,987,86.7480,2000,LEFT_2000_US,1,1,0,48,-1901.5137,-1901.5137
70352,969,85.1660,2000,LEFT_2000_US,1,1,0,48,-1903.0957,-1903.0957
70392,967,84.9902,2000,LEFT_2000_US,1,1,0,48,-1903.2715,-1903.2715
70432,976,85.7812,2000,LEFT_2000_US,1,1,0,48,-1902.4805,-1902.4805
70472,929,81.6504,2000,LEFT_2000_US,1,1,0,48,-1906.6113,-1906.6113
70512,926,81.3867,2000,LEFT_2000_US,1,1,0,48,-1906.8750,-1906.8750
70552,928,81.5625,2000,LEFT_2000_US,1,1,0,48,-1906.6992,-1906.6992
70592,891,78.3105,2000,LEFT_2000_US,1,1,0,48,-1909.9512,-1909.9512
70632,879,77.2559,2000,LEFT_2000_US,1,1,0,48,-1911.0059,-1911.0059
70672,866,76.1133,2000,LEFT_2000_US,1,1,0,48,-1912.1484,-1912.1484
70712,868,76.2891,2000,LEFT_2000_US,1,1,0,48,-1911.9727,-1911.9727
70752,847,74.4434,2000,LEFT_2000_US,1,1,0,48,-1913.8184,-1913.8184
70792,859,75.4980,2000,LEFT_2000_US,1,1,0,48,-1912.7637,-1912.7637
70832,820,72.0703,2000,LEFT_2000_US,1,1,0,48,-1916.1914,-1916.1914
70872,825,72.5098,2000,LEFT_2000_US,1,1,0,48,-1915.7520,-1915.7520
70912,808,71.0156,2000,LEFT_2000_US,1,1,0,48,-1917.2461,-1917.2461
70952,776,68.2031,2000,LEFT_2000_US,1,1,0,48,-1920.0586,-1920.0586
70992,762,66.9727,2000,LEFT_2000_US,1,1,0,48,-1921.2891,-1921.2891
71032,758,66.6211,2000,LEFT_2000_US,1,1,0,48,-1921.6406,-1921.6406
71072,765,67.2363,2000,LEFT_2000_US,1,1,0,48,-1921.0254,-1921.0254
71112,739,64.9512,2000,LEFT_2000_US,1,1,0,48,-1923.3105,-1923.3105
71152,736,64.6875,2000,LEFT_2000_US,1,1,0,48,-1923.5742,-1923.5742
71192,716,62.9297,2000,LEFT_2000_US,1,1,0,48,-1925.3320,-1925.3320
71232,687,60.3809,2000,LEFT_2000_US,1,1,0,48,-1927.8809,-1927.8809
71272,685,60.2051,2000,LEFT_2000_US,1,1,0,48,-1928.0566,-1928.0566
71312,667,58.6230,2000,LEFT_2000_US,1,1,0,48,-1929.6387,-1929.6387
71352,658,57.8320,2000,LEFT_2000_US,1,1,0,48,-1930.4297,-1930.4297
71392,647,56.8652,2000,LEFT_2000_US,1,1,0,48,-1931.3965,-1931.3965
71432,610,53.6133,2000,LEFT_2000_US,1,1,0,48,-1934.6484,-1934.6484
71472,617,54.2285,2000,LEFT_2000_US,1,1,0,48,-1934.0332,-1934.0332
71512,581,51.0645,2000,LEFT_2000_US,1,1,0,48,-1937.1973,-1937.1973
71552,582,51.1523,2000,LEFT_2000_US,1,1,0,48,-1937.1094,-1937.1094
71592,546,47.9883,2000,LEFT_2000_US,1,1,0,48,-1940.2734,-1940.2734
71632,532,46.7578,2000,LEFT_2000_US,1,1,0,48,-1941.5039,-1941.5039
71672,537,47.1973,2000,LEFT_2000_US,1,1,0,48,-1941.0645,-1941.0645
71712,517,45.4395,2000,LEFT_2000_US,1,1,0,48,-1942.8223,-1942.8223
71752,508,44.6484,2000,LEFT_2000_US,1,1,0,48,-1943.6133,-1943.6133
71792,470,41.3086,2000,LEFT_2000_US,1,1,0,48,-1946.9531,-1946.9531
71832,454,39.9023,2000,LEFT_2000_US,1,1,0,48,-1948.3594,-1948.3594
71872,438,38.4961,2000,LEFT_2000_US,1,1,0,48,-1949.7656,-1949.7656
71912,424,37.2656,2000,LEFT_2000_US,1,1,0,48,-1950.9961,-1950.9961
71952,418,36.7383,2000,LEFT_2000_US,1,1,0,48,-1951.5234,-1951.5234
71992,390,34.2773,2000,LEFT_2000_US,1,1,0,48,-1953.9844,-1953.9844
72032,384,33.7500,2000,LEFT_2000_US,1,1,0,48,-1954.5117,-1954.5117
72072,364,31.9922,2000,LEFT_2000_US,1,1,0,48,-1956.2695,-1956.2695
72112,354,31.1133,2000,LEFT_2000_US,1,1,0,16,-1957.1484,-1957.1484
72152,326,28.6523,2000,LEFT_2000_US,1,1,0,48,-1959.6094,-1959.6094
72192,311,27.3340,2000,LEFT_2000_US,1,1,0,48,-1960.9277,-1960.9277
72232,294,25.8398,2000,LEFT_2000_US,1,1,0,48,-1962.4219,-1962.4219
72272,283,24.8730,2000,LEFT_2000_US,1,1,0,48,-1963.3887,-1963.3887
72312,266,23.3789,2000,LEFT_2000_US,1,1,0,16,-1964.8828,-1964.8828
72352,248,21.7969,2000,LEFT_2000_US,1,1,0,48,-1966.4648,-1966.4648
72392,229,20.1270,2000,LEFT_2000_US,1,1,0,48,-1968.1348,-1968.1348
72432,209,18.3691,2000,LEFT_2000_US,1,1,0,48,-1969.8926,-1969.8926
72472,190,16.6992,2000,LEFT_2000_US,1,1,0,48,-1971.5625,-1971.5625
72512,177,15.5566,2000,LEFT_2000_US,1,1,0,48,-1972.7051,-1972.7051
72552,155,13.6230,2000,LEFT_2000_US,1,1,0,48,-1974.6387,-1974.6387
72592,140,12.3047,2000,LEFT_2000_US,1,1,0,48,-1975.9570,-1975.9570
72632,121,10.6348,2000,LEFT_2000_US,1,1,0,48,-1977.6270,-1977.6270
72672,103,9.0527,2000,LEFT_2000_US,1,1,0,48,-1979.2090,-1979.2090
72712,88,7.7344,2000,LEFT_2000_US,1,1,0,48,-1980.5273,-1980.5273
72752,70,6.1523,2000,LEFT_2000_US,1,1,0,48,-1982.1094,-1982.1094
72792,56,4.9219,2000,LEFT_2000_US,1,1,0,48,-1983.3398,-1983.3398
72832,36,3.1641,2000,LEFT_2000_US,1,1,0,48,-1985.0977,-1985.0977
72872,16,1.4062,2000,LEFT_2000_US,1,1,0,48,-1986.8555,-1986.8555
72912,4,0.3516,2000,LEFT_2000_US,1,1,0,48,-1987.9102,-1987.9102
72952,4082,358.7695,2000,LEFT_2000_US,1,1,0,48,-1989.4922,-1989.4922
72992,4060,356.8359,2000,LEFT_2000_US,1,1,0,48,-1991.4258,-1991.4258
73032,4043,355.3418,2000,LEFT_2000_US,1,1,0,48,-1992.9199,-1992.9199
73072,4027,353.9355,2000,LEFT_2000_US,1,1,0,48,-1994.3262,-1994.3262
73112,4017,353.0566,2000,LEFT_2000_US,1,1,0,48,-1995.2051,-1995.2051
73152,4001,351.6504,2000,LEFT_2000_US,1,1,0,48,-1996.6113,-1996.6113
73192,3986,350.3320,2000,LEFT_2000_US,1,1,0,48,-1997.9297,-1997.9297
73232,3972,349.1016,2000,LEFT_2000_US,1,1,0,48,-1999.1602,-1999.1602
73272,3948,346.9922,2000,LEFT_2000_US,1,1,0,48,-2001.2695,-2001.2695
73312,3937,346.0254,2000,LEFT_2000_US,1,1,0,48,-2002.2363,-2002.2363
73352,3923,344.7949,2000,LEFT_2000_US,1,1,0,48,-2003.4668,-2003.4668
73392,3910,343.6523,2000,LEFT_2000_US,1,1,0,48,-2004.6094,-2004.6094
73432,3886,341.5430,2000,LEFT_2000_US,1,1,0,48,-2006.7188,-2006.7188
73472,3874,340.4883,2000,LEFT_2000_US,1,1,0,48,-2007.7734,-2007.7734
73512,4095,359.9121,2000,LEFT_2000_US,1,0,1,56,-2007.7734,-2007.7734
73552,3848,338.2031,2000,LEFT_2000_US,1,1,0,48,-2010.0586,-2010.0586
73592,3835,337.0605,2000,LEFT_2000_US,1,1,0,48,-2011.2012,-2011.2012
73632,3805,334.4238,2000,LEFT_2000_US,1,1,0,48,-2013.8379,-2013.8379
73672,3801,334.0723,2000,LEFT_2000_US,1,1,0,48,-2014.1895,-2014.1895
73712,3788,332.9297,2000,LEFT_2000_US,1,1,0,48,-2015.3320,-2015.3320
73752,3768,331.1719,2000,LEFT_2000_US,1,1,0,48,-2017.0898,-2017.0898
73792,3759,330.3809,2000,LEFT_2000_US,1,1,0,48,-2017.8809,-2017.8809
73832,3745,329.1504,2000,LEFT_2000_US,1,1,0,48,-2019.1113,-2019.1113
73872,3730,327.8320,2000,LEFT_2000_US,1,1,0,48,-2020.4297,-2020.4297
73912,3712,326.2500,2000,LEFT_2000_US,1,1,0,48,-2022.0117,-2022.0117
73952,3692,324.4922,2000,LEFT_2000_US,1,1,0,48,-2023.7695,-2023.7695
73992,3667,322.2949,2000,LEFT_2000_US,1,1,0,48,-2025.9668,-2025.9668
74032,3651,320.8887,2000,LEFT_2000_US,1,1,0,48,-2027.3730,-2027.3730
74072,3651,320.8887,2000,LEFT_2000_US,1,1,0,48,-2027.3730,-2027.3730
74112,3638,319.7461,2000,LEFT_2000_US,1,1,0,48,-2028.5156,-2028.5156
74152,3624,318.5156,2000,LEFT_2000_US,1,1,0,48,-2029.7461,-2029.7461
74192,3600,316.4062,2000,LEFT_2000_US,1,1,0,48,-2031.8555,-2031.8555
74233,3591,315.6152,2000,LEFT_2000_US,1,1,0,48,-2032.6465,-2032.6465
74272,3560,312.8906,2000,LEFT_2000_US,1,1,0,48,-2035.3711,-2035.3711
74312,3550,312.0117,2000,LEFT_2000_US,1,1,0,48,-2036.2500,-2036.2500
74352,3529,310.1660,2000,LEFT_2000_US,1,1,0,48,-2038.0957,-2038.0957
74392,3520,309.3750,2000,LEFT_2000_US,1,1,0,48,-2038.8867,-2038.8867
74432,3500,307.6172,2000,LEFT_2000_US,1,1,0,48,-2040.6445,-2040.6445
74472,3502,307.7930,2000,LEFT_2000_US,1,1,0,48,-2040.4688,-2040.4688
74512,3479,305.7715,2000,LEFT_2000_US,1,1,0,48,-2042.4902,-2042.4902
74552,3480,305.8594,2000,LEFT_2000_US,1,1,0,48,-2042.4023,-2042.4023
74592,3447,302.9590,2000,LEFT_2000_US,1,1,0,48,-2045.3027,-2045.3027
74632,3432,301.6406,2000,LEFT_2000_US,1,1,0,48,-2046.6211,-2046.6211
74672,3414,300.0586,2000,LEFT_2000_US,1,1,0,48,-2048.2031,-2048.2031
74712,3396,298.4766,2000,LEFT_2000_US,1,1,0,48,-2049.7852,-2049.7852
74752,3404,299.1797,2000,LEFT_2000_US,1,1,0,48,-2049.0820,-2049.0820
74792,3396,298.4766,2000,LEFT_2000_US,1,1,0,48,-2049.7852,-2049.7852
74832,3381,297.1582,2000,LEFT_2000_US,1,1,0,48,-2051.1035,-2051.1035
74872,3367,295.9277,2000,LEFT_2000_US,1,1,0,48,-2052.3340,-2052.3340
74912,3345,293.9941,2000,LEFT_2000_US,1,1,0,48,-2054.2676,-2054.2676
74952,3337,293.2910,2000,LEFT_2000_US,1,1,0,48,-2054.9707,-2054.9707
74992,3313,291.1816,2000,LEFT_2000_US,1,1,0,48,-2057.0801,-2057.0801
75032,3293,289.4238,2000,LEFT_2000_US,1,1,0,48,-2058.8379,-2058.8379
75072,3295,289.5996,2000,LEFT_2000_US,1,1,0,48,-2058.6621,-2058.6621
75112,3269,287.3145,2000,LEFT_2000_US,1,1,0,48,-2060.9473,-2060.9473
75152,3253,285.9082,2000,LEFT_2000_US,1,1,0,48,-2062.3535,-2062.3535
75192,3261,286.6113,2000,LEFT_2000_US,1,1,0,48,-2061.6504,-2061.6504
75232,3250,285.6445,2000,LEFT_2000_US,1,1,0,48,-2062.6172,-2062.6172
75272,3227,283.6230,2000,LEFT_2000_US,1,1,0,48,-2064.6387,-2064.6387
75312,3227,283.6230,2000,LEFT_2000_US,1,1,0,48,-2064.6387,-2064.6387
75352,3192,280.5469,2000,LEFT_2000_US,1,1,0,48,-2067.7148,-2067.7148
75392,3180,279.4922,2000,LEFT_2000_US,1,1,0,48,-2068.7695,-2068.7695
75432,3185,279.9316,2000,LEFT_2000_US,1,1,0,48,-2068.3301,-2068.3301
75472,3161,277.8223,2000,LEFT_2000_US,1,1,0,48,-2070.4395,-2070.4395
75512,-1,-1.0000,2000,LEFT_2000_US,0,0,0,0,-2070.4395,-2070.4395
75552,3139,275.8887,2000,LEFT_2000_US,1,1,0,48,-2072.3730,-2072.3730
75592,3143,276.2402,2000,LEFT_2000_US,1,1,0,48,-2072.0215,-2072.0215
75632,3113,273.6035,2000,LEFT_2000_US,1,1,0,48,-2074.6582,-2074.6582
75672,3118,274.0430,2000,LEFT_2000_US,1,1,0,48,-2074.2188,-2074.2188
75712,3110,273.3398,2000,LEFT_2000_US,1,1,0,48,-2074.9219,-2074.9219
75752,3090,271.5820,2000,LEFT_2000_US,1,1,0,48,-2076.6797,-2076.6797
75792,3061,269.0332,2000,LEFT_2000_US,1,1,0,48,-2079.2285,-2079.2285
75832,3050,268.0664,2000,LEFT_2000_US,1,1,0,48,-2080.1953,-2080.1953
75872,3036,266.8359,2000,LEFT_2000_US,1,1,0,48,-2081.4258,-2081.4258
75912,3025,265.8691,2000,LEFT_2000_US,1,1,0,48,-2082.3926,-2082.3926
75952,3037,266.9238,2000,LEFT_2000_US,1,1,0,48,-2081.3379,-2081.3379
75992,3013,264.8145,2000,LEFT_2000_US,1,1,0,48,-2083.4473,-2083.4473
76032,2994,263.1445,2000,LEFT_2000_US,1,1,0,48,-2085.1172,-2085.1172
76072,2985,262.3535,2000,LEFT_2000_US,1,1,0,48,-2085.9082,-2085.9082
76112,2978,261.7383,2000,LEFT_2000_US,1,1,0,48,-2086.5234,-2086.5234
76152,2957,259.8926,2000,LEFT_2000_US,1,1,0,48,-2088.3691,-2088.3691
76192,2952,259.4531,2000,LEFT_2000_US,1,1,0,48,-2088.8086,-2088.8086
76232,2944,258.7500,2000,LEFT_2000_US,1,1,0,48,-2089.5117,-2089.5117
76272,2938,258.2227,2000,LEFT_2000_US,1,1,0,48,-2090.0391,-2090.0391
76312,2931,257.6074,2000,LEFT_2000_US,1,1,0,48,-2090.6543,-2090.6543
76352,2911,255.8496,2000,LEFT_2000_US,1,1,0,48,-2092.4121,-2092.4121
76392,2909,255.6738,2000,LEFT_2000_US,1,1,0,48,-2092.5879,-2092.5879
76432,2896,254.5312,2000,LEFT_2000_US,1,1,0,48,-2093.7305,-2093.7305
76472,2872,252.4219,2000,LEFT_2000_US,1,1,0,48,-2095.8398,-2095.8398
76512,2863,251.6309,2000,LEFT_2000_US,1,1,0,48,-2096.6309,-2096.6309
76552,2848,250.3125,2000,LEFT_2000_US,1,1,0,48,-2097.9492,-2097.9492
76592,2836,249.2578,2000,LEFT_2000_US,1,1,0,48,-2099.0039,-2099.0039
76632,2847,250.2246,2000,LEFT_2000_US,1,1,0,48,-2098.0371,-2098.0371
76672,2837,249.3457,2000,LEFT_2000_US,1,1,0,48,-2098.9160,-2098.9160
76712,2826,248.3789,2000,LEFT_2000_US,1,1,0,48,-2099.8828,-2099.8828
76752,2795,245.6543,2000,LEFT_2000_US,1,1,0,48,-2102.6074,-2102.6074
76792,2798,245.9180,2000,LEFT_2000_US,1,1,0,48,-2102.3438,-2102.3438
76832,2780,244.3359,2000,LEFT_2000_US,1,1,0,48,-2103.9258,-2103.9258
76872,2777,244.0723,2000,LEFT_2000_US,1,1,0,48,-2104.1895,-2104.1895
76912,2765,243.0176,2000,LEFT_2000_US,1,1,0,48,-2105.2441,-2105.2441
76952,2743,241.0840,2000,LEFT_2000_US,1,1,0,48,-2107.1777,-2107.1777
76992,1535,134.9121,2000,LEFT_2000_US,1,0,1,48,-2107.1777,-2107.1777
77032,2742,240.9961,2000,LEFT_2000_US,1,1,0,48,-2107.2656,-2107.2656
77074,2719,238.9746,2000,LEFT_2000_US,1,1,0,48,-2109.2871,-2109.2871
77112,2697,237.0410,2000,LEFT_2000_US,1,1,0,48,-2111.2207,-2111.2207
77152,2693,236.6895,2000,LEFT_2000_US,1,1,0,48,-2111.5723,-2111.5723
77192,2677,235.2832,2000,LEFT_2000_US,1,1,0,48,-2112.9785,-2112.9785
77232,2665,234.2285,2000,LEFT_2000_US,1,1,0,48,-2114.0332,-2114.0332
77272,2662,233.9648,2000,LEFT_2000_US,1,1,0,48,-2114.2969,-2114.2969
77312,2650,232.9102,2000,LEFT_2000_US,1,1,0,48,-2115.3516,-2115.3516
77353,2635,231.5918,2000,LEFT_2000_US,1,1,0,48,-2116.6699,-2116.6699
77392,2622,230.4492,2000,LEFT_2000_US,1,1,0,48,-2117.8125,-2117.8125
77432,2620,230.2734,2000,LEFT_2000_US,1,1,0,48,-2117.9883,-2117.9883
77472,2617,230.0098,2000,LEFT_2000_US,1,1,0,48,-2118.2520,-2118.2520
77512,2588,227.4609,2000,LEFT_2000_US,1,1,0,48,-2120.8008,-2120.8008
77552,-1,-1.0000,2000,LEFT_2000_US,0,0,0,0,-2120.8008,-2120.8008
77592,2569,225.7910,2000,LEFT_2000_US,1,1,0,48,-2122.4707,-2122.4707
77632,2571,225.9668,2000,LEFT_2000_US,1,1,0,48,-2122.2949,-2122.2949
77672,2544,223.5938,2000,LEFT_2000_US,1,1,0,48,-2124.6680,-2124.6680
77712,2549,224.0332,2000,LEFT_2000_US,1,1,0,48,-2124.2285,-2124.2285
77752,2537,222.9785,2000,LEFT_2000_US,1,1,0,48,-2125.2832,-2125.2832
77792,2512,220.7812,2000,LEFT_2000_US,1,1,0,48,-2127.4805,-2127.4805
77832,2512,220.7812,2000,LEFT_2000_US,1,1,0,48,-2127.4805,-2127.4805
77872,2503,219.9902,2000,LEFT_2000_US,1,1,0,48,-2128.2715,-2128.2715
77912,2473,217.3535,2000,LEFT_2000_US,1,1,0,48,-2130.9082,-2130.9082
77952,2462,216.3867,2000,LEFT_2000_US,1,1,0,48,-2131.8750,-2131.8750
77992,2464,216.5625,2000,LEFT_2000_US,1,1,0,48,-2131.6992,-2131.6992
78032,2445,214.8926,2000,LEFT_2000_US,1,1,0,48,-2133.3691,-2133.3691
78072,2440,214.4531,2000,LEFT_2000_US,1,1,0,48,-2133.8086,-2133.8086
78112,2431,213.6621,2000,LEFT_2000_US,1,1,0,48,-2134.5996,-2134.5996
78152,2419,212.6074,2000,LEFT_2000_US,1,1,0,48,-2135.6543,-2135.6543
78192,2403,211.2012,2000,LEFT_2000_US,1,1,0,48,-2137.0605,-2137.0605
78232,2380,209.1797,2000,LEFT_2000_US,1,1,0,48,-2139.0820,-2139.0820
78272,2370,208.3008,2000,LEFT_2000_US,1,1,0,48,-2139.9609,-2139.9609
78312,2364,207.7734,2000,LEFT_2000_US,1,1,0,48,-2140.4883,-2140.4883
78352,2359,207.3340,2000,LEFT_2000_US,1,1,0,48,-2140.9277,-2140.9277
78392,2341,205.7520,2000,LEFT_2000_US,1,1,0,48,-2142.5098,-2142.5098
78432,2336,205.3125,2000,LEFT_2000_US,1,1,0,48,-2142.9492,-2142.9492
78472,2323,204.1699,2000,LEFT_2000_US,1,1,0,48,-2144.0918,-2144.0918
78512,2308,202.8516,2000,LEFT_2000_US,1,1,0,48,-2145.4102,-2145.4102
78552,2289,201.1816,2000,LEFT_2000_US,1,1,0,48,-2147.0801,-2147.0801
78592,2280,200.3906,2000,LEFT_2000_US,1,1,0,48,-2147.8711,-2147.8711
78632,-1,-1.0000,2000,LEFT_2000_US,0,0,0,0,-2147.8711,-2147.8711
78672,2256,198.2812,2000,LEFT_2000_US,1,1,0,48,-2149.9805,-2149.9805
78712,2245,197.3145,2000,LEFT_2000_US,1,1,0,48,-2150.9473,-2150.9473
78752,2234,196.3477,2000,LEFT_2000_US,1,1,0,48,-2151.9141,-2151.9141
78792,2230,195.9961,2000,LEFT_2000_US,1,1,0,48,-2152.2656,-2152.2656
78832,2210,194.2383,2000,LEFT_2000_US,1,1,0,48,-2154.0234,-2154.0234
78872,2203,193.6230,2000,LEFT_2000_US,1,1,0,48,-2154.6387,-2154.6387
78912,2188,192.3047,2000,LEFT_2000_US,1,1,0,48,-2155.9570,-2155.9570
78953,-1,-1.0000,2000,LEFT_2000_US,0,0,0,0,-2155.9570,-2155.9570
78992,2172,190.8984,2000,LEFT_2000_US,1,1,0,48,-2157.3633,-2157.3633
79032,2154,189.3164,2000,LEFT_2000_US,1,1,0,48,-2158.9453,-2158.9453
79072,2140,188.0859,2000,LEFT_2000_US,1,1,0,48,-2160.1758,-2160.1758
79112,2130,187.2070,2000,LEFT_2000_US,1,1,0,48,-2161.0547,-2161.0547
79152,2119,186.2402,2000,LEFT_2000_US,1,1,0,48,-2162.0215,-2162.0215
79192,2107,185.1855,2000,LEFT_2000_US,1,1,0,48,-2163.0762,-2163.0762
79232,2100,184.5703,2000,LEFT_2000_US,1,1,0,48,-2163.6914,-2163.6914
79272,2083,183.0762,2000,LEFT_2000_US,1,1,0,48,-2165.1855,-2165.1855
79312,2071,182.0215,2000,LEFT_2000_US,1,1,0,48,-2166.2402,-2166.2402
79352,2064,181.4062,2000,LEFT_2000_US,1,1,0,48,-2166.8555,-2166.8555
79392,2052,180.3516,2000,LEFT_2000_US,1,1,0,48,-2167.9102,-2167.9102
79432,2038,179.1211,2000,LEFT_2000_US,1,1,0,48,-2169.1406,-2169.1406
79472,2021,177.6270,2000,LEFT_2000_US,1,1,0,48,-2170.6348,-2170.6348
79512,2016,177.1875,2000,LEFT_2000_US,1,1,0,48,-2171.0742,-2171.0742
79552,1999,175.6934,2000,LEFT_2000_US,1,1,0,48,-2172.5684,-2172.5684
79592,1990,174.9023,2000,LEFT_2000_US,1,1,0,48,-2173.3594,-2173.3594
79632,1977,173.7598,2000,LEFT_2000_US,1,1,0,48,-2174.5020,-2174.5020
79672,1964,172.6172,2000,LEFT_2000_US,1,1,0,48,-2175.6445,-2175.6445
79712,1956,171.9141,2000,LEFT_2000_US,1,1,0,48,-2176.3477,-2176.3477
79752,1941,170.5957,2000,LEFT_2000_US,1,1,0,48,-2177.6660,-2177.6660
79792,1927,169.3652,2000,LEFT_2000_US,1,1,0,48,-2178.8965,-2178.8965
79832,1913,168.1348,2000,LEFT_2000_US,1,1,0,48,-2180.1270,-2180.1270
79872,1906,167.5195,2000,LEFT_2000_US,1,1,0,48,-2180.7422,-2180.7422
79912,1895,166.5527,2000,LEFT_2000_US,1,1,0,48,-2181.7090,-2181.7090
79952,1882,165.4102,2000,LEFT_2000_US,1,1,0,48,-2182.8516,-2182.8516
79992,1870,164.3555,2000,LEFT_2000_US,1,1,0,48,-2183.9062,-2183.9062
80032,1850,162.5977,2000,LEFT_2000_US,1,1,0,48,-2185.6641,-2185.6641
80072,1840,161.7188,2000,LEFT_2000_US,1,1,0,48,-2186.5430,-2186.5430
80112,1828,160.6641,2000,LEFT_2000_US,1,1,0,48,-2187.5977,-2187.5977
80152,1820,159.9609,2000,LEFT_2000_US,1,1,0,48,-2188.3008,-2188.3008
80192,1812,159.2578,2000,LEFT_2000_US,1,1,0,48,-2189.0039,-2189.0039
80232,1789,157.2363,2000,LEFT_2000_US,1,1,0,48,-2191.0254,-2191.0254
80272,1777,156.1816,2000,LEFT_2000_US,1,1,0,48,-2192.0801,-2192.0801
80312,1773,155.8301,2000,LEFT_2000_US,1,1,0,48,-2192.4316,-2192.4316
80352,1754,154.1602,2000,LEFT_2000_US,1,1,0,48,-2194.1016,-2194.1016
80392,1750,153.8086,2000,LEFT_2000_US,1,1,0,48,-2194.4531,-2194.4531
80432,1742,153.1055,2000,LEFT_2000_US,1,1,0,48,-2195.1562,-2195.1562
80472,1725,151.6113,2000,LEFT_2000_US,1,1,0,48,-2196.6504,-2196.6504
80512,1713,150.5566,2000,LEFT_2000_US,1,1,0,48,-2197.7051,-2197.7051
80552,1696,149.0625,2000,LEFT_2000_US,1,1,0,48,-2199.1992,-2199.1992
80592,1685,148.0957,2000,LEFT_2000_US,1,1,0,48,-2200.1660,-2200.1660
80632,1679,147.5684,2000,LEFT_2000_US,1,1,0,48,-2200.6934,-2200.6934
80672,1667,146.5137,2000,LEFT_2000_US,1,1,0,48,-2201.7480,-2201.7480
80712,1657,145.6348,2000,LEFT_2000_US,1,1,0,48,-2202.6270,-2202.6270
80752,1638,143.9648,2000,LEFT_2000_US,1,1,0,48,-2204.2969,-2204.2969
80792,1635,143.7012,2000,LEFT_2000_US,1,1,0,48,-2204.5605,-2204.5605
80832,1619,142.2949,2000,LEFT_2000_US,1,1,0,48,-2205.9668,-2205.9668
80872,1605,141.0645,2000,LEFT_2000_US,1,1,0,48,-2207.1973,-2207.1973
80912,1594,140.0977,2000,LEFT_2000_US,1,1,0,48,-2208.1641,-2208.1641
80952,1590,139.7461,2000,LEFT_2000_US,1,1,0,48,-2208.5156,-2208.5156
80992,1586,139.3945,2000,LEFT_2000_US,1,1,0,48,-2208.8672,-2208.8672
81032,1578,138.6914,2000,LEFT_2000_US,1,1,0,48,-2209.5703,-2209.5703
81072,1562,137.2852,2000,LEFT_2000_US,1,1,0,48,-2210.9766,-2210.9766
81112,1541,135.4395,2000,LEFT_2000_US,1,1,0,48,-2212.8223,-2212.8223
81152,1533,134.7363,2000,LEFT_2000_US,1,1,0,48,-2213.5254,-2213.5254
81192,1518,133.4180,2000,LEFT_2000_US,1,1,0,48,-2214.8438,-2214.8438
81232,1503,132.0996,2000,LEFT_2000_US,1,1,0,48,-2216.1621,-2216.1621
81272,1507,132.4512,2000,LEFT_2000_US,1,1,0,48,-2215.8105,-2215.8105
81312,1482,130.2539,2000,LEFT_2000_US,1,1,0,48,-2218.0078,-2218.0078
81352,1479,129.9902,2000,LEFT_2000_US,1,1,0,48,-2218.2715,-2218.2715
81392,1472,129.3750,2000,LEFT_2000_US,1,1,0,48,-2218.8867,-2218.8867
81432,1448,127.2656,2000,LEFT_2000_US,1,1,0,48,-2220.9961,-2220.9961
81472,1456,127.9688,2000,LEFT_2000_US,1,1,0,48,-2220.2930,-2220.2930
81512,1433,125.9473,2000,LEFT_2000_US,1,1,0,48,-2222.3145,-2222.3145
81552,1438,126.3867,2000,LEFT_2000_US,1,1,0,48,-2221.8750,-2221.8750
81592,1421,124.8926,2000,LEFT_2000_US,1,1,0,48,-2223.3691,-2223.3691
81632,1394,122.5195,2000,LEFT_2000_US,1,1,0,48,-2225.7422,-2225.7422
81672,1408,123.7500,2000,LEFT_2000_US,1,1,0,48,-2224.5117,-2224.5117
81712,1374,120.7617,2000,LEFT_2000_US,1,1,0,48,-2227.5000,-2227.5000
81752,1362,119.7070,2000,LEFT_2000_US,1,1,0,48,-2228.5547,-2228.5547
81792,1376,120.9375,2000,LEFT_2000_US,1,1,0,48,-2227.3242,-2227.3242
81832,1535,134.9121,2000,LEFT_2000_US,1,0,1,48,-2227.3242,-2227.3242
81872,1352,118.8281,2000,LEFT_2000_US,1,1,0,48,-2229.4336,-2229.4336
81912,1337,117.5098,2000,LEFT_2000_US,1,1,0,48,-2230.7520,-2230.7520
81952,1332,117.0703,2000,LEFT_2000_US,1,1,0,48,-2231.1914,-2231.1914
81992,1300,114.2578,2000,LEFT_2000_US,1,1,0,48,-2234.0039,-2234.0039
82032,1292,113.5547,2000,LEFT_2000_US,1,1,0,48,-2234.7070,-2234.7070
82072,1280,112.5000,2000,LEFT_2000_US,1,1,0,48,-2235.7617,-2235.7617
82112,-1,-1.0000,2000,LEFT_2000_US,0,0,0,0,-2235.7617,-2235.7617
82152,1258,110.5664,2000,LEFT_2000_US,1,1,0,48,-2237.6953,-2237.6953
82192,1256,110.3906,2000,LEFT_2000_US,1,1,0,48,-2237.8711,-2237.8711
82232,-1,-1.0000,2000,LEFT_2000_US,0,0,0,0,-2237.8711,-2237.8711
82272,1245,109.4238,2000,LEFT_2000_US,1,1,0,48,-2238.8379,-2238.8379
82312,1238,108.8086,2000,LEFT_2000_US,1,1,0,48,-2239.4531,-2239.4531
82352,1212,106.5234,2000,LEFT_2000_US,1,1,0,48,-2241.7383,-2241.7383
82392,1224,107.5781,2000,LEFT_2000_US,1,1,0,48,-2240.6836,-2240.6836
82432,1212,106.5234,2000,LEFT_2000_US,1,1,0,48,-2241.7383,-2241.7383
82472,1203,105.7324,2000,LEFT_2000_US,1,1,0,48,-2242.5293,-2242.5293
82512,1173,103.0957,2000,LEFT_2000_US,1,1,0,48,-2245.1660,-2245.1660
82552,1151,101.1621,2000,LEFT_2000_US,1,1,0,48,-2247.0996,-2247.0996
82592,1267,111.3574,2000,LEFT_2000_US,1,0,1,48,-2247.0996,-2247.0996
82632,1129,99.2285,2000,LEFT_2000_US,1,1,0,48,-2249.0332,-2249.0332
82672,4095,359.9121,2000,LEFT_2000_US,1,0,1,56,-2249.0332,-2249.0332
82712,1138,100.0195,2000,LEFT_2000_US,1,1,0,48,-2248.2422,-2248.2422
82752,1112,97.7344,2000,LEFT_2000_US,1,1,0,48,-2250.5273,-2250.5273
82792,-1,-1.0000,2000,LEFT_2000_US,0,0,0,0,-2250.5273,-2250.5273
82832,1088,95.6250,2000,LEFT_2000_US,1,1,0,48,-2252.6367,-2252.6367
82872,1095,96.2402,2000,LEFT_2000_US,1,1,0,48,-2252.0215,-2252.0215
82912,1051,92.3730,2000,LEFT_2000_US,1,1,0,48,-2255.8887,-2255.8887
82952,1071,94.1309,2000,LEFT_2000_US,1,1,0,48,-2254.1309,-2254.1309
82992,1058,92.9883,2000,LEFT_2000_US,1,1,0,48,-2255.2734,-2255.2734
83032,1045,91.8457,2000,LEFT_2000_US,1,1,0,48,-2256.4160,-2256.4160
83072,1004,88.2422,2000,LEFT_2000_US,1,1,0,48,-2260.0195,-2260.0195
83112,1017,89.3848,2000,LEFT_2000_US,1,1,0,48,-2258.8770,-2258.8770
83152,991,87.0996,2000,LEFT_2000_US,1,1,0,48,-2261.1621,-2261.1621
83192,987,86.7480,2000,LEFT_2000_US,1,1,0,48,-2261.5137,-2261.5137
83232,-1,-1.0000,2000,LEFT_2000_US,0,0,0,0,-2261.5137,-2261.5137
83272,966,84.9023,2000,LEFT_2000_US,1,1,0,48,-2263.3594,-2263.3594
83312,931,81.8262,2000,LEFT_2000_US,1,1,0,48,-2266.4355,-2266.4355
83352,918,80.6836,2000,LEFT_2000_US,1,1,0,48,-2267.5781,-2267.5781
83392,931,81.8262,2000,LEFT_2000_US,1,1,0,48,-2266.4355,-2266.4355
83432,909,79.8926,2000,LEFT_2000_US,1,1,0,48,-2268.3691,-2268.3691
83472,887,77.9590,2000,LEFT_2000_US,1,1,0,48,-2270.3027,-2270.3027
83512,900,79.1016,2000,LEFT_2000_US,1,1,0,48,-2269.1602,-2269.1602
83552,861,75.6738,2000,LEFT_2000_US,1,1,0,48,-2272.5879,-2272.5879
83592,847,74.4434,2000,LEFT_2000_US,1,1,0,48,-2273.8184,-2273.8184
83632,847,74.4434,2000,LEFT_2000_US,1,1,0,48,-2273.8184,-2273.8184
83672,816,71.7188,2000,LEFT_2000_US,1,1,0,48,-2276.5430,-2276.5430
83712,833,73.2129,2000,LEFT_2000_US,1,1,0,48,-2275.0488,-2275.0488
83752,793,69.6973,2000,LEFT_2000_US,1,1,0,48,-2278.5645,-2278.5645
83792,810,71.1914,2000,LEFT_2000_US,1,1,0,48,-2277.0703,-2277.0703
83832,772,67.8516,2000,LEFT_2000_US,1,1,0,48,-2280.4102,-2280.4102
83872,776,68.2031,2000,LEFT_2000_US,1,1,0,48,-2280.0586,-2280.0586
83912,733,64.4238,2000,LEFT_2000_US,1,1,0,48,-2283.8379,-2283.8379
83952,725,63.7207,2000,LEFT_2000_US,1,1,0,48,-2284.5410,-2284.5410
83992,711,62.4902,2000,LEFT_2000_US,1,1,0,48,-2285.7715,-2285.7715
84032,727,63.8965,2000,LEFT_2000_US,1,1,0,48,-2284.3652,-2284.3652
84072,709,62.3145,2000,LEFT_2000_US,1,1,0,48,-2285.9473,-2285.9473
84112,691,60.7324,2000,LEFT_2000_US,1,1,0,48,-2287.5293,-2287.5293
84152,684,60.1172,2000,LEFT_2000_US,1,1,0,48,-2288.1445,-2288.1445
84192,669,58.7988,2000,LEFT_2000_US,1,1,0,48,-2289.4629,-2289.4629
84232,653,57.3926,2000,LEFT_2000_US,1,1,0,48,-2290.8691,-2290.8691
84272,619,54.4043,2000,LEFT_2000_US,1,1,0,48,-2293.8574,-2293.8574
84312,608,53.4375,2000,LEFT_2000_US,1,1,0,48,-2294.8242,-2294.8242
84352,589,51.7676,2000,LEFT_2000_US,1,1,0,48,-2296.4941,-2296.4941
84392,577,50.7129,2000,LEFT_2000_US,1,1,0,48,-2297.5488,-2297.5488
84432,554,48.6914,2000,LEFT_2000_US,1,1,0,48,-2299.5703,-2299.5703
84472,562,49.3945,2000,LEFT_2000_US,1,1,0,48,-2298.8672,-2298.8672
84512,541,47.5488,2000,LEFT_2000_US,1,1,0,48,-2300.7129,-2300.7129
84552,508,44.6484,2000,LEFT_2000_US,1,1,0,48,-2303.6133,-2303.6133
84592,507,44.5605,2000,LEFT_2000_US,1,1,0,48,-2303.7012,-2303.7012
84632,485,42.6270,2000,LEFT_2000_US,1,1,0,48,-2305.6348,-2305.6348
84672,470,41.3086,2000,LEFT_2000_US,1,1,0,48,-2306.9531,-2306.9531
84712,458,40.2539,2000,LEFT_2000_US,1,1,0,48,-2308.0078,-2308.0078
84752,443,38.9355,2000,LEFT_2000_US,1,1,0,48,-2309.3262,-2309.3262
84792,429,37.7051,2000,LEFT_2000_US,1,1,0,48,-2310.5566,-2310.5566
84832,405,35.5957,2000,LEFT_2000_US,1,1,0,48,-2312.6660,-2312.6660
84872,392,34.4531,2000,LEFT_2000_US,1,1,0,48,-2313.8086,-2313.8086
84912,363,31.9043,2000,LEFT_2000_US,1,1,0,48,-2316.3574,-2316.3574
84952,356,31.2891,2000,LEFT_2000_US,1,1,0,48,-2316.9727,-2316.9727
84992,328,28.8281,2000,LEFT_2000_US,1,1,0,48,-2319.4336,-2319.4336
85032,318,27.9492,2000,LEFT_2000_US,1,1,0,48,-2320.3125,-2320.3125
85072,298,26.1914,2000,LEFT_2000_US,1,1,0,16,-2322.0703,-2322.0703
85112,284,24.9609,2000,LEFT_2000_US,1,1,0,48,-2323.3008,-2323.3008
85152,264,23.2031,2000,LEFT_2000_US,1,1,0,48,-2325.0586,-2325.0586
85192,249,21.8848,2000,LEFT_2000_US,1,1,0,48,-2326.3770,-2326.3770
85232,228,20.0391,2000,LEFT_2000_US,1,1,0,48,-2328.2227,-2328.2227
85272,211,18.5449,2000,LEFT_2000_US,1,1,0,48,-2329.7168,-2329.7168
85312,195,17.1387,2000,LEFT_2000_US,1,1,0,48,-2331.1230,-2331.1230
85352,174,15.2930,2000,LEFT_2000_US,1,1,0,48,-2332.9688,-2332.9688
85392,71,6.2402,2000,LEFT_2000_US,1,0,1,48,-2332.9688,-2332.9688
85432,146,12.8320,2000,LEFT_2000_US,1,1,0,48,-2335.4297,-2335.4297
85472,126,11.0742,2000,LEFT_2000_US,1,1,0,48,-2337.1875,-2337.1875
85512,105,9.2285,2000,LEFT_2000_US,1,1,0,48,-2339.0332,-2339.0332
85552,93,8.1738,2000,LEFT_2000_US,1,1,0,48,-2340.0879,-2340.0879
85592,74,6.5039,2000,LEFT_2000_US,1,1,0,48,-2341.7578,-2341.7578
85632,53,4.6582,2000,LEFT_2000_US,1,1,0,48,-2343.6035,-2343.6035
85672,38,3.3398,2000,LEFT_2000_US,1,1,0,48,-2344.9219,-2344.9219
85712,19,1.6699,2000,LEFT_2000_US,1,1,0,48,-2346.5918,-2346.5918
85752,4,0.3516,2000,LEFT_2000_US,1,1,0,48,-2347.9102,-2347.9102
85792,4082,358.7695,2000,LEFT_2000_US,1,1,0,48,-2349.4922,-2349.4922
85832,4075,358.1543,2000,LEFT_2000_US,1,1,0,48,-2350.1074,-2350.1074
85872,4056,356.4844,2000,LEFT_2000_US,1,1,0,48,-2351.7773,-2351.7773
85912,4041,355.1660,2000,LEFT_2000_US,1,1,0,48,-2353.0957,-2353.0957
85952,4026,353.8477,2000,LEFT_2000_US,1,1,0,48,-2354.4141,-2354.4141
85992,4003,351.8262,2000,LEFT_2000_US,1,1,0,48,-2356.4355,-2356.4355
86032,3984,350.1562,2000,LEFT_2000_US,1,1,0,48,-2358.1055,-2358.1055
86072,4095,359.9121,2000,LEFT_2000_US,1,0,1,48,-2358.1055,-2358.1055
86112,3962,348.2227,2000,LEFT_2000_US,1,1,0,48,-2360.0391,-2360.0391
86152,3949,347.0801,2000,LEFT_2000_US,1,1,0,48,-2361.1816,-2361.1816
86192,3933,345.6738,2000,LEFT_2000_US,1,1,0,48,-2362.5879,-2362.5879
86232,3904,343.1250,2000,LEFT_2000_US,1,1,0,48,-2365.1367,-2365.1367
86272,3903,343.0371,2000,LEFT_2000_US,1,1,0,48,-2365.2246,-2365.2246
86312,3880,341.0156,2000,LEFT_2000_US,1,1,0,48,-2367.2461,-2367.2461
86352,3858,339.0820,2000,LEFT_2000_US,1,1,0,48,-2369.1797,-2369.1797
86392,3857,338.9941,2000,LEFT_2000_US,1,1,0,48,-2369.2676,-2369.2676
86432,3836,337.1484,2000,LEFT_2000_US,1,1,0,48,-2371.1133,-2371.1133
86472,3812,335.0391,2000,LEFT_2000_US,1,1,0,48,-2373.2227,-2373.2227
86512,3794,333.4570,2000,LEFT_2000_US,1,1,0,48,-2374.8047,-2374.8047
86552,3790,333.1055,2000,LEFT_2000_US,1,1,0,48,-2375.1562,-2375.1562
86592,3777,331.9629,2000,LEFT_2000_US,1,1,0,48,-2376.2988,-2376.2988
86632,3763,330.7324,2000,LEFT_2000_US,1,1,0,48,-2377.5293,-2377.5293
86672,3748,329.4141,2000,LEFT_2000_US,1,1,0,48,-2378.8477,-2378.8477
86712,3723,327.2168,2000,LEFT_2000_US,1,1,0,48,-2381.0449,-2381.0449
86752,3698,325.0195,2000,LEFT_2000_US,1,1,0,48,-2383.2422,-2383.2422
86792,3703,325.4590,2000,LEFT_2000_US,1,1,0,48,-2382.8027,-2382.8027
86832,3672,322.7344,2000,LEFT_2000_US,1,1,0,48,-2385.5273,-2385.5273
86872,3661,321.7676,2000,LEFT_2000_US,1,1,0,48,-2386.4941,-2386.4941
86912,3656,321.3281,2000,LEFT_2000_US,1,1,0,48,-2386.9336,-2386.9336
86952,3641,320.0098,2000,LEFT_2000_US,1,1,0,48,-2388.2520,-2388.2520
86992,3612,317.4609,2000,LEFT_2000_US,1,1,0,48,-2390.8008,-2390.8008
87032,3614,317.6367,2000,LEFT_2000_US,1,1,0,48,-2390.6250,-2390.6250
87072,3579,314.5605,2000,LEFT_2000_US,1,1,0,48,-2393.7012,-2393.7012
87112,4095,359.9121,2000,LEFT_2000_US,1,0,1,48,-2393.7012,-2393.7012
87152,3546,311.6602,2000,LEFT_2000_US,1,1,0,48,-2396.6016,-2396.6016
87192,3554,312.3633,2000,LEFT_2000_US,1,1,0,48,-2395.8984,-2395.8984
87232,3526,309.9023,2000,LEFT_2000_US,1,1,0,48,-2398.3594,-2398.3594
87272,3512,308.6719,2000,LEFT_2000_US,1,1,0,48,-2399.5898,-2399.5898
87315,3495,307.1777,2000,LEFT_2000_US,1,1,0,48,-2401.0840,-2401.0840
87353,3495,307.1777,2000,LEFT_2000_US,1,1,0,48,-2401.0840,-2401.0840
87392,3464,304.4531,2000,LEFT_2000_US,1,1,0,48,-2403.8086,-2403.8086
87432,3448,303.0469,2000,LEFT_2000_US,1,1,0,48,-2405.2148,-2405.2148
87472,3436,301.9922,2000,LEFT_2000_US,1,1,0,48,-2406.2695,-2406.2695
87512,3417,300.3223,2000,LEFT_2000_US,1,1,0,48,-2407.9395,-2407.9395
87552,3402,299.0039,2000,LEFT_2000_US,1,1,0,48,-2409.2578,-2409.2578
87592,3392,298.1250,2000,LEFT_2000_US,1,1,0,48,-2410.1367,-2410.1367
87632,4095,359.9121,2000,LEFT_2000_US,1,0,1,56,-2410.1367,-2410.1367
87672,3387,297.6855,2000,LEFT_2000_US,1,1,0,48,-2410.5762,-2410.5762
87712,3361,295.4004,2000,LEFT_2000_US,1,1,0,48,-2412.8613,-2412.8613
87752,3353,294.6973,2000,LEFT_2000_US,1,1,0,48,-2413.5645,-2413.5645
87792,3330,292.6758,2000,LEFT_2000_US,1,1,0,48,-2415.5859,-2415.5859
87832,3312,291.0938,2000,LEFT_2000_US,1,1,0,48,-2417.1680,-2417.1680
87872,3296,289.6875,2000,LEFT_2000_US,1,1,0,48,-2418.5742,-2418.5742
87912,3289,289.0723,2000,LEFT_2000_US,1,1,0,48,-2419.1895,-2419.1895
87952,3294,289.5117,2000,LEFT_2000_US,1,1,0,48,-2418.7500,-2418.7500
87992,3279,288.1934,2000,LEFT_2000_US,1,1,0,48,-2420.0684,-2420.0684
88032,3257,286.2598,2000,LEFT_2000_US,1,1,0,48,-2422.0020,-2422.0020
88072,3233,284.1504,2000,LEFT_2000_US,1,1,0,48,-2424.1113,-2424.1113
88112,3224,283.3594,2000,LEFT_2000_US,1,1,0,48,-2424.9023,-2424.9023
88152,3208,281.9531,2000,LEFT_2000_US,1,1,0,48,-2426.3086,-2426.3086
88192,3195,280.8105,2000,LEFT_2000_US,1,1,0,48,-2427.4512,-2427.4512
88232,3196,280.8984,2000,LEFT_2000_US,1,1,0,48,-2427.3633,-2427.3633
88272,3184,279.8438,2000,LEFT_2000_US,1,1,0,48,-2428.4180,-2428.4180
88312,3175,279.0527,2000,LEFT_2000_US,1,1,0,48,-2429.2090,-2429.2090
88352,3170,278.6133,2000,LEFT_2000_US,1,1,0,48,-2429.6484,-2429.6484
88392,3147,276.5918,2000,LEFT_2000_US,1,1,0,48,-2431.6699,-2431.6699
88432,3136,275.6250,2000,LEFT_2000_US,1,1,0,48,-2432.6367,-2432.6367
88472,3110,273.3398,2000,LEFT_2000_US,1,1,0,48,-2434.9219,-2434.9219
88512,3097,272.1973,2000,LEFT_2000_US,1,1,0,48,-2436.0645,-2436.0645
88553,3092,271.7578,2000,LEFT_2000_US,1,1,0,48,-2436.5039,-2436.5039
88592,3095,272.0215,2000,LEFT_2000_US,1,1,0,48,-2436.2402,-2436.2402
88632,3079,270.6152,2000,LEFT_2000_US,1,1,0,48,-2437.6465,-2437.6465
88672,3071,269.9121,2000,LEFT_2000_US,1,1,0,48,-2438.3496,-2438.3496
88712,3060,268.9453,2000,LEFT_2000_US,1,1,0,48,-2439.3164,-2439.3164
88752,3030,266.3086,2000,LEFT_2000_US,1,1,0,48,-2441.9531,-2441.9531
88792,3035,266.7480,2000,LEFT_2000_US,1,1,0,48,-2441.5137,-2441.5137
88832,3007,264.2871,2000,LEFT_2000_US,1,1,0,48,-2443.9746,-2443.9746
88872,3000,263.6719,2000,LEFT_2000_US,1,1,0,48,-2444.5898,-2444.5898
88912,2986,262.4414,2000,LEFT_2000_US,1,1,0,48,-2445.8203,-2445.8203
88952,2992,262.9688,2000,LEFT_2000_US,1,1,0,48,-2445.2930,-2445.2930
88992,2973,261.2988,2000,LEFT_2000_US,1,1,0,48,-2446.9629,-2446.9629
89032,2956,259.8047,2000,LEFT_2000_US,1,1,0,48,-2448.4570,-2448.4570
89072,2945,258.8379,2000,LEFT_2000_US,1,1,0,48,-2449.4238,-2449.4238
89112,-1,-1.0000,2000,LEFT_2000_US,0,0,0,0,-2449.4238,-2449.4238
89152,2935,257.9590,2000,LEFT_2000_US,1,1,0,48,-2450.3027,-2450.3027
89192,2914,256.1133,2000,LEFT_2000_US,1,1,0,48,-2452.1484,-2452.1484
89232,2913,256.0254,2000,LEFT_2000_US,1,1,0,48,-2452.2363,-2452.2363
89272,2901,254.9707,2000,LEFT_2000_US,1,1,0,48,-2453.2910,-2453.2910
89312,2895,254.4434,2000,LEFT_2000_US,1,1,0,48,-2453.8184,-2453.8184
89352,2866,251.8945,2000,LEFT_2000_US,1,1,0,48,-2456.3672,-2456.3672
89392,2866,251.8945,2000,LEFT_2000_US,1,1,0,48,-2456.3672,-2456.3672
89432,2846,250.1367,2000,LEFT_2000_US,1,1,0,48,-2458.1250,-2458.1250
89472,3071,269.9121,2000,LEFT_2000_US,1,0,1,48,-2458.1250,-2458.1250
89512,2840,249.6094,2000,LEFT_2000_US,1,1,0,48,-2458.6523,-2458.6523
89552,2809,246.8848,2000,LEFT_2000_US,1,1,0,48,-2461.3770,-2461.3770
89592,2818,247.6758,2000,LEFT_2000_US,1,1,0,48,-2460.5859,-2460.5859
89632,2808,246.7969,2000,LEFT_2000_US,1,1,0,48,-2461.4648,-2461.4648
89672,2777,244.0723,2000,LEFT_2000_US,1,1,0,48,-2464.1895,-2464.1895
89712,2788,245.0391,2000,LEFT_2000_US,1,1,0,48,-2463.2227,-2463.2227
89752,2760,242.5781,2000,LEFT_2000_US,1,1,0,48,-2465.6836,-2465.6836
89792,2763,242.8418,2000,LEFT_2000_US,1,1,0,48,-2465.4199,-2465.4199
89832,2733,240.2051,2000,LEFT_2000_US,1,1,0,48,-2468.0566,-2468.0566
89872,2740,240.8203,2000,LEFT_2000_US,1,1,0,48,-2467.4414,-2467.4414
89912,2711,238.2715,2000,LEFT_2000_US,1,1,0,48,-2469.9902,-2469.9902
89952,2709,238.0957,2000,LEFT_2000_US,1,1,0,48,-2470.1660,-2470.1660
89992,2705,237.7441,2000,LEFT_2000_US,1,1,0,48,-2470.5176,-2470.5176
90032,2698,237.1289,2000,LEFT_2000_US,1,1,0,48,-2471.1328,-2471.1328
90072,2688,236.2500,2000,LEFT_2000_US,1,1,0,48,-2472.0117,-2472.0117
90112,2659,233.7012,2000,LEFT_2000_US,1,1,0,48,-2474.5605,-2474.5605
90152,2650,232.9102,2000,LEFT_2000_US,1,1,0,48,-2475.3516,-2475.3516
90192,2641,232.1191,2000,LEFT_2000_US,1,1,0,48,-2476.1426,-2476.1426
90232,2622,230.4492,2000,LEFT_2000_US,1,1,0,48,-2477.8125,-2477.8125
90272,2612,229.5703,2000,LEFT_2000_US,1,1,0,48,-2478.6914,-2478.6914
90312,2619,230.1855,2000,LEFT_2000_US,1,1,0,48,-2478.0762,-2478.0762
90352,2593,227.9004,2000,LEFT_2000_US,1,1,0,48,-2480.3613,-2480.3613
90392,2581,226.8457,2000,LEFT_2000_US,1,1,0,48,-2481.4160,-2481.4160
90432,2581,226.8457,2000,LEFT_2000_US,1,1,0,48,-2481.4160,-2481.4160
90472,2558,224.8242,2000,LEFT_2000_US,1,1,0,48,-2483.4375,-2483.4375
90512,2560,225.0000,2000,LEFT_2000_US,1,1,0,48,-2483.2617,-2483.2617
90552,2531,222.4512,2000,LEFT_2000_US,1,1,0,48,-2485.8105,-2485.8105
90592,2535,222.8027,2000,LEFT_2000_US,1,1,0,48,-2485.4590,-2485.4590
90632,2516,221.1328,2000,LEFT_2000_US,1,1,0,48,-2487.1289,-2487.1289
90672,2509,220.5176,2000,LEFT_2000_US,1,1,0,48,-2487.7441,-2487.7441
90712,2498,219.5508,2000,LEFT_2000_US,1,1,0,48,-2488.7109,-2488.7109
90752,2478,217.7930,2000,LEFT_2000_US,1,1,0,48,-2490.4688,-2490.4688
90792,2479,217.8809,2000,LEFT_2000_US,1,1,0,48,-2490.3809,-2490.3809
90832,2459,216.1230,2000,LEFT_2000_US,1,1,0,48,-2492.1387,-2492.1387
90872,2444,214.8047,2000,LEFT_2000_US,1,1,0,48,-2493.4570,-2493.4570
90912,-1,-1.0000,2000,LEFT_2000_US,0,0,0,0,-2493.4570,-2493.4570
90952,2423,212.9590,2000,LEFT_2000_US,1,1,0,48,-2495.3027,-2495.3027
90992,2413,212.0801,2000,LEFT_2000_US,1,1,0,48,-2496.1816,-2496.1816
91032,2399,210.8496,2000,LEFT_2000_US,1,1,0,48,-2497.4121,-2497.4121
91072,2397,210.6738,2000,LEFT_2000_US,1,1,0,48,-2497.5879,-2497.5879
91112,2384,209.5312,2000,LEFT_2000_US,1,1,0,48,-2498.7305,-2498.7305
91152,2373,208.5645,2000,LEFT_2000_US,1,1,0,48,-2499.6973,-2499.6973
91192,2351,206.6309,2000,LEFT_2000_US,1,1,0,48,-2501.6309,-2501.6309
91232,2352,206.7188,2000,LEFT_2000_US,1,1,0,48,-2501.5430,-2501.5430
91272,2367,208.0371,2000,LEFT_2000_US,1,1,0,48,-2500.2246,-2500.2246
91312,2321,203.9941,2000,LEFT_2000_US,1,1,0,48,-2504.2676,-2504.2676
91352,2304,202.5000,2000,LEFT_2000_US,1,1,0,48,-2505.7617,-2505.7617
91392,2299,202.0605,2000,LEFT_2000_US,1,1,0,48,-2506.2012,-2506.2012
91432,2282,200.5664,2000,LEFT_2000_US,1,1,0,48,-2507.6953,-2507.6953
91472,2271,199.5996,2000,LEFT_2000_US,1,1,0,48,-2508.6621,-2508.6621
91512,2264,198.9844,2000,LEFT_2000_US,1,1,0,48,-2509.2773,-2509.2773
91552,2248,197.5781,2000,LEFT_2000_US,1,1,0,48,-2510.6836,-2510.6836
91592,2236,196.5234,2000,LEFT_2000_US,1,1,0,48,-2511.7383,-2511.7383
91632,2230,195.9961,2000,LEFT_2000_US,1,1,0,48,-2512.2656,-2512.2656
91672,2214,194.5898,2000,LEFT_2000_US,1,1,0,48,-2513.6719,-2513.6719
91712,-1,-1.0000,2000,LEFT_2000_US,0,0,0,0,-2513.6719,-2513.6719
91752,2198,193.1836,2000,LEFT_2000_US,1,1,0,48,-2515.0781,-2515.0781
91792,2187,192.2168,2000,LEFT_2000_US,1,1,0,48,-2516.0449,-2516.0449
91832,2166,190.3711,2000,LEFT_2000_US,1,1,0,48,-2517.8906,-2517.8906
91872,2158,189.6680,2000,LEFT_2000_US,1,1,0,48,-2518.5938,-2518.5938
91912,2147,188.7012,2000,LEFT_2000_US,1,1,0,48,-2519.5605,-2519.5605
91952,2131,187.2949,2000,LEFT_2000_US,1,1,0,48,-2520.9668,-2520.9668
91992,2123,186.5918,2000,LEFT_2000_US,1,1,0,48,-2521.6699,-2521.6699
92032,2112,185.6250,2000,LEFT_2000_US,1,1,0,48,-2522.6367,-2522.6367
92072,2101,184.6582,1500,NEUTRAL_MIDDLE,1,1,0,48,-2523.6035,-2523.6035
92112,2103,184.8340,1500,NEUTRAL_MIDDLE,1,1,0,48,-2523.4277,-2523.4277
92152,2103,184.8340,1500,NEUTRAL_MIDDLE,1,1,0,48,-2523.4277,-2523.4277
92192,2103,184.8340,1500,NEUTRAL_MIDDLE,1,1,0,48,-2523.4277,-2523.4277
92235,2101,184.6582,1500,NEUTRAL_MIDDLE,1,1,0,48,-2523.6035,-2523.6035
92272,2103,184.8340,1500,NEUTRAL_MIDDLE,1,1,0,48,-2523.4277,-2523.4277
92312,2101,184.6582,1500,NEUTRAL_MIDDLE,1,1,0,48,-2523.6035,-2523.6035
92352,2098,184.3945,1500,NEUTRAL_MIDDLE,1,1,0,48,-2523.8672,-2523.8672
92392,2099,184.4824,1500,NEUTRAL_MIDDLE,1,1,0,48,-2523.7793,-2523.7793
92432,2103,184.8340,1500,NEUTRAL_MIDDLE,1,1,0,48,-2523.4277,-2523.4277
92472,2103,184.8340,1500,NEUTRAL_MIDDLE,1,1,0,48,-2523.4277,-2523.4277
92512,2101,184.6582,1500,NEUTRAL_MIDDLE,1,1,0,48,-2523.6035,-2523.6035
92552,2097,184.3066,1500,NEUTRAL_MIDDLE,1,1,0,48,-2523.9551,-2523.9551
92592,2096,184.2188,1500,NEUTRAL_MIDDLE,1,1,0,48,-2524.0430,-2524.0430
92632,2096,184.2188,1500,NEUTRAL_MIDDLE,1,1,0,48,-2524.0430,-2524.0430
92672,2097,184.3066,1500,NEUTRAL_MIDDLE,1,1,0,48,-2523.9551,-2523.9551
92712,2097,184.3066,1500,NEUTRAL_MIDDLE,1,1,0,48,-2523.9551,-2523.9551
92752,2099,184.4824,1500,NEUTRAL_MIDDLE,1,1,0,48,-2523.7793,-2523.7793
92792,2097,184.3066,1500,NEUTRAL_MIDDLE,1,1,0,48,-2523.9551,-2523.9551
92832,2098,184.3945,1500,NEUTRAL_MIDDLE,1,1,0,48,-2523.8672,-2523.8672
92872,2102,184.7461,1500,NEUTRAL_MIDDLE,1,1,0,48,-2523.5156,-2523.5156
92912,2099,184.4824,1500,NEUTRAL_MIDDLE,1,1,0,48,-2523.7793,-2523.7793
92952,2098,184.3945,1500,NEUTRAL_MIDDLE,1,1,0,48,-2523.8672,-2523.8672
92992,2098,184.3945,1500,NEUTRAL_MIDDLE,1,1,0,48,-2523.8672,-2523.8672
93032,2100,184.5703,1500,NEUTRAL_MIDDLE,1,1,0,48,-2523.6914,-2523.6914
93072,2101,184.6582,1500,NEUTRAL_MIDDLE,1,1,0,48,-2523.6035,-2523.6035
93112,2098,184.3945,1500,NEUTRAL_MIDDLE,1,1,0,48,-2523.8672,-2523.8672
93152,2098,184.3945,1500,NEUTRAL_MIDDLE,1,1,0,48,-2523.8672,-2523.8672
93192,2106,185.0977,1500,NEUTRAL_MIDDLE,1,1,0,48,-2523.1641,-2523.1641
93232,2100,184.5703,1500,NEUTRAL_MIDDLE,1,1,0,48,-2523.6914,-2523.6914
93272,2100,184.5703,1500,NEUTRAL_MIDDLE,1,1,0,48,-2523.6914,-2523.6914
93312,2097,184.3066,1500,NEUTRAL_MIDDLE,1,1,0,48,-2523.9551,-2523.9551
93352,2097,184.3066,1500,NEUTRAL_MIDDLE,1,1,0,48,-2523.9551,-2523.9551
93392,2096,184.2188,1500,NEUTRAL_MIDDLE,1,1,0,48,-2524.0430,-2524.0430
93432,2097,184.3066,1500,NEUTRAL_MIDDLE,1,1,0,48,-2523.9551,-2523.9551
93472,2094,184.0430,1500,NEUTRAL_MIDDLE,1,1,0,48,-2524.2188,-2524.2188
93512,2102,184.7461,1500,NEUTRAL_MIDDLE,1,1,0,48,-2523.5156,-2523.5156
93552,2097,184.3066,1500,NEUTRAL_MIDDLE,1,1,0,48,-2523.9551,-2523.9551
93592,2103,184.8340,1500,NEUTRAL_MIDDLE,1,1,0,48,-2523.4277,-2523.4277
93632,2102,184.7461,1500,NEUTRAL_MIDDLE,1,1,0,48,-2523.5156,-2523.5156
93672,2099,184.4824,1500,NEUTRAL_MIDDLE,1,1,0,48,-2523.7793,-2523.7793
93712,2100,184.5703,1500,NEUTRAL_MIDDLE,1,1,0,48,-2523.6914,-2523.6914
93752,2100,184.5703,1500,NEUTRAL_MIDDLE,1,1,0,48,-2523.6914,-2523.6914
93792,2100,184.5703,1500,NEUTRAL_MIDDLE,1,1,0,48,-2523.6914,-2523.6914
93832,2097,184.3066,1500,NEUTRAL_MIDDLE,1,1,0,48,-2523.9551,-2523.9551
93872,2101,184.6582,1500,NEUTRAL_MIDDLE,1,1,0,48,-2523.6035,-2523.6035
93912,2102,184.7461,1500,NEUTRAL_MIDDLE,1,1,0,48,-2523.5156,-2523.5156
93952,2099,184.4824,1500,NEUTRAL_MIDDLE,1,1,0,48,-2523.7793,-2523.7793
93992,2102,184.7461,1500,NEUTRAL_MIDDLE,1,1,0,48,-2523.5156,-2523.5156
94032,2103,184.8340,1500,NEUTRAL_MIDDLE,1,1,0,48,-2523.4277,-2523.4277
94072,2098,184.3945,1500,NEUTRAL_MIDDLE,1,1,0,48,-2523.8672,-2523.8672
94112,2098,184.3945,1500,NEUTRAL_MIDDLE,1,1,0,48,-2523.8672,-2523.8672
94152,2100,184.5703,1500,NEUTRAL_MIDDLE,1,1,0,48,-2523.6914,-2523.6914
94192,2098,184.3945,1500,NEUTRAL_MIDDLE,1,1,0,48,-2523.8672,-2523.8672
94232,2097,184.3066,1500,NEUTRAL_MIDDLE,1,1,0,48,-2523.9551,-2523.9551
94272,2106,185.0977,1500,NEUTRAL_MIDDLE,1,1,0,48,-2523.1641,-2523.1641
94312,2100,184.5703,1500,NEUTRAL_MIDDLE,1,1,0,48,-2523.6914,-2523.6914
94352,2104,184.9219,1500,NEUTRAL_MIDDLE,1,1,0,48,-2523.3398,-2523.3398
94392,2097,184.3066,1500,NEUTRAL_MIDDLE,1,1,0,48,-2523.9551,-2523.9551
94432,2096,184.2188,1500,NEUTRAL_MIDDLE,1,1,0,48,-2524.0430,-2524.0430
94472,2097,184.3066,1500,NEUTRAL_MIDDLE,1,1,0,48,-2523.9551,-2523.9551
94512,2097,184.3066,1500,NEUTRAL_MIDDLE,1,1,0,48,-2523.9551,-2523.9551
94552,2097,184.3066,1500,NEUTRAL_MIDDLE,1,1,0,48,-2523.9551,-2523.9551
94592,2099,184.4824,1500,NEUTRAL_MIDDLE,1,1,0,48,-2523.7793,-2523.7793
94632,2102,184.7461,1500,NEUTRAL_MIDDLE,1,1,0,48,-2523.5156,-2523.5156
94672,2101,184.6582,1500,NEUTRAL_MIDDLE,1,1,0,48,-2523.6035,-2523.6035
94712,2103,184.8340,1500,NEUTRAL_MIDDLE,1,1,0,48,-2523.4277,-2523.4277
94752,2102,184.7461,1500,NEUTRAL_MIDDLE,1,1,0,48,-2523.5156,-2523.5156
94792,2097,184.3066,1500,NEUTRAL_MIDDLE,1,1,0,48,-2523.9551,-2523.9551
94832,2096,184.2188,1500,NEUTRAL_MIDDLE,1,1,0,48,-2524.0430,-2524.0430
94872,2103,184.8340,1500,NEUTRAL_MIDDLE,1,1,0,48,-2523.4277,-2523.4277
94912,2097,184.3066,1500,NEUTRAL_MIDDLE,1,1,0,48,-2523.9551,-2523.9551
94952,2096,184.2188,1500,NEUTRAL_MIDDLE,1,1,0,48,-2524.0430,-2524.0430
94992,2102,184.7461,1500,NEUTRAL_MIDDLE,1,1,0,48,-2523.5156,-2523.5156
95032,2097,184.3066,1040,RIGHT_1040_US,1,1,0,48,-2523.9551,-0.4395
95072,2095,184.1309,1040,RIGHT_1040_US,1,1,0,48,-2524.1309,-0.6152
95112,2103,184.8340,1040,RIGHT_1040_US,1,1,0,48,-2523.4277,0.0879
95152,2112,185.6250,1040,RIGHT_1040_US,1,1,0,48,-2522.6367,0.8789
95193,2122,186.5039,1040,RIGHT_1040_US,1,1,0,48,-2521.7578,1.7578
95232,2130,187.2070,1040,RIGHT_1040_US,1,1,0,48,-2521.0547,2.4609
95272,2146,188.6133,1040,RIGHT_1040_US,1,1,0,48,-2519.6484,3.8672
95312,2158,189.6680,1040,RIGHT_1040_US,1,1,0,48,-2518.5938,4.9219
95352,2173,190.9863,1040,RIGHT_1040_US,1,1,0,48,-2517.2754,6.2402
95392,2179,191.5137,1040,RIGHT_1040_US,1,1,0,48,-2516.7480,6.7676
95432,2193,192.7441,1040,RIGHT_1040_US,1,1,0,48,-2515.5176,7.9980
95472,2205,193.7988,1040,RIGHT_1040_US,1,1,0,48,-2514.4629,9.0527
95512,2223,195.3809,1040,RIGHT_1040_US,1,1,0,48,-2512.8809,10.6348
95552,2229,195.9082,1040,RIGHT_1040_US,1,1,0,48,-2512.3535,11.1621
95592,2233,196.2598,1040,RIGHT_1040_US,1,1,0,48,-2512.0020,11.5137
95632,2242,197.0508,1040,RIGHT_1040_US,1,1,0,48,-2511.2109,12.3047
95672,2256,198.2812,1040,RIGHT_1040_US,1,1,0,48,-2509.9805,13.5352
95712,2276,200.0391,1040,RIGHT_1040_US,1,1,0,48,-2508.2227,15.2930
95752,2286,200.9180,1040,RIGHT_1040_US,1,1,0,48,-2507.3438,16.1719
95792,2291,201.3574,1040,RIGHT_1040_US,1,1,0,48,-2506.9043,16.6113
95832,2302,202.3242,1040,RIGHT_1040_US,1,1,0,48,-2505.9375,17.5781
95872,2311,203.1152,1040,RIGHT_1040_US,1,1,0,48,-2505.1465,18.3691
95912,2320,203.9062,1040,RIGHT_1040_US,1,1,0,48,-2504.3555,19.1602
95952,2333,205.0488,1040,RIGHT_1040_US,1,1,0,48,-2503.2129,20.3027
95992,2349,206.4551,1040,RIGHT_1040_US,1,1,0,48,-2501.8066,21.7090
96032,2361,207.5098,1040,RIGHT_1040_US,1,1,0,48,-2500.7520,22.7637
96072,2380,209.1797,1040,RIGHT_1040_US,1,1,0,48,-2499.0820,24.4336
96112,2388,209.8828,1040,RIGHT_1040_US,1,1,0,48,-2498.3789,25.1367
96152,2400,210.9375,1040,RIGHT_1040_US,1,1,0,48,-2497.3242,26.1914
96193,2417,212.4316,1040,RIGHT_1040_US,1,1,0,48,-2495.8301,27.6855
96232,2412,211.9922,1040,RIGHT_1040_US,1,1,0,48,-2496.2695,27.2461
96272,2425,213.1348,1040,RIGHT_1040_US,1,1,0,48,-2495.1270,28.3887
96312,2435,214.0137,1040,RIGHT_1040_US,1,1,0,48,-2494.2480,29.2676
96352,2446,214.9805,1040,RIGHT_1040_US,1,1,0,48,-2493.2812,30.2344
96392,2457,215.9473,1040,RIGHT_1040_US,1,1,0,48,-2492.3145,31.2012
96432,2479,217.8809,1040,RIGHT_1040_US,1,1,0,48,-2490.3809,33.1348
96472,2496,219.3750,1040,RIGHT_1040_US,1,1,0,48,-2488.8867,34.6289
96512,2491,218.9355,1040,RIGHT_1040_US,1,1,0,48,-2489.3262,34.1895
96552,2519,221.3965,1040,RIGHT_1040_US,1,1,0,48,-2486.8652,36.6504
96592,2531,222.4512,1040,RIGHT_1040_US,1,1,0,48,-2485.8105,37.7051
96632,2527,222.0996,1040,RIGHT_1040_US,1,1,0,48,-2486.1621,37.3535
96672,2548,223.9453,1040,RIGHT_1040_US,1,1,0,48,-2484.3164,39.1992
96712,2546,223.7695,1040,RIGHT_1040_US,1,1,0,48,-2484.4922,39.0234
96752,2565,225.4395,1040,RIGHT_1040_US,1,1,0,48,-2482.8223,40.6934
96792,2585,227.1973,1040,RIGHT_1040_US,1,1,0,48,-2481.0645,42.4512
96832,2585,227.1973,1040,RIGHT_1040_US,1,1,0,48,-2481.0645,42.4512
96872,2604,228.8672,1040,RIGHT_1040_US,1,1,0,48,-2479.3945,44.1211
96912,2621,230.3613,1040,RIGHT_1040_US,1,1,0,48,-2477.9004,45.6152
96952,2634,231.5039,1040,RIGHT_1040_US,1,1,0,48,-2476.7578,46.7578
96992,2645,232.4707,1040,RIGHT_1040_US,1,1,0,48,-2475.7910,47.7246
97032,2643,232.2949,1040,RIGHT_1040_US,1,1,0,48,-2475.9668,47.5488
97072,2667,234.4043,1040,RIGHT_1040_US,1,1,0,48,-2473.8574,49.6582
97112,2677,235.2832,1040,RIGHT_1040_US,1,1,0,48,-2472.9785,50.5371
97152,2683,235.8105,1040,RIGHT_1040_US,1,1,0,48,-2472.4512,51.0645
97192,2678,235.3711,1040,RIGHT_1040_US,1,1,0,48,-2472.8906,50.6250
97232,2693,236.6895,1040,RIGHT_1040_US,1,1,0,48,-2471.5723,51.9434
97272,2718,238.8867,1040,RIGHT_1040_US,1,1,0,48,-2469.3750,54.1406
97312,2710,238.1836,1040,RIGHT_1040_US,1,1,0,48,-2470.0781,53.4375
97352,2720,239.0625,1040,RIGHT_1040_US,1,1,0,48,-2469.1992,54.3164
97392,2730,239.9414,1040,RIGHT_1040_US,1,1,0,48,-2468.3203,55.1953
97432,2763,242.8418,1040,RIGHT_1040_US,1,1,0,48,-2465.4199,58.0957
97472,2759,242.4902,1040,RIGHT_1040_US,1,1,0,48,-2465.7715,57.7441
97512,2773,243.7207,1040,RIGHT_1040_US,1,1,0,48,-2464.5410,58.9746
97553,2772,243.6328,1040,RIGHT_1040_US,1,1,0,48,-2464.6289,58.8867
97592,2782,244.5117,1040,RIGHT_1040_US,1,1,0,48,-2463.7500,59.7656
97632,2803,246.3574,1040,RIGHT_1040_US,1,1,0,48,-2461.9043,61.6113
97672,2806,246.6211,1040,RIGHT_1040_US,1,1,0,48,-2461.6406,61.8750
97712,2822,248.0273,1040,RIGHT_1040_US,1,1,0,48,-2460.2344,63.2812
97752,2824,248.2031,1040,RIGHT_1040_US,1,1,0,48,-2460.0586,63.4570
97792,2834,249.0820,1040,RIGHT_1040_US,1,1,0,48,-2459.1797,64.3359
97832,2847,250.2246,1040,RIGHT_1040_US,1,1,0,48,-2458.0371,65.4785
97872,2882,253.3008,1040,RIGHT_1040_US,1,1,0,48,-2454.9609,68.5547
97912,2885,253.5645,1040,RIGHT_1040_US,1,1,0,48,-2454.6973,68.8184
97952,2901,254.9707,1040,RIGHT_1040_US,1,1,0,48,-2453.2910,70.2246
97992,2904,255.2344,1040,RIGHT_1040_US,1,1,0,48,-2453.0273,70.4883
98032,2904,255.2344,1040,RIGHT_1040_US,1,1,0,48,-2453.0273,70.4883
98072,2917,256.3770,1040,RIGHT_1040_US,1,1,0,48,-2451.8848,71.6309
98112,2929,257.4316,1040,RIGHT_1040_US,1,1,0,48,-2450.8301,72.6855
98152,2939,258.3105,1040,RIGHT_1040_US,1,1,0,48,-2449.9512,73.5645
98192,2952,259.4531,1040,RIGHT_1040_US,1,1,0,48,-2448.8086,74.7070
98232,2971,261.1230,1040,RIGHT_1040_US,1,1,0,48,-2447.1387,76.3770
98272,2983,262.1777,1040,RIGHT_1040_US,1,1,0,48,-2446.0840,77.4316
98312,2990,262.7930,1040,RIGHT_1040_US,1,1,0,48,-2445.4688,78.0469
98352,2990,262.7930,1040,RIGHT_1040_US,1,1,0,48,-2445.4688,78.0469
98392,2998,263.4961,1040,RIGHT_1040_US,1,1,0,48,-2444.7656,78.7500
98432,3014,264.9023,1040,RIGHT_1040_US,1,1,0,48,-2443.3594,80.1562
98472,3031,266.3965,1040,RIGHT_1040_US,1,1,0,48,-2441.8652,81.6504
98512,3032,266.4844,1040,RIGHT_1040_US,1,1,0,48,-2441.7773,81.7383
98552,3050,268.0664,1040,RIGHT_1040_US,1,1,0,48,-2440.1953,83.3203
98592,3076,270.3516,1040,RIGHT_1040_US,1,1,0,48,-2437.9102,85.6055
98632,3086,271.2305,1040,RIGHT_1040_US,1,1,0,48,-2437.0312,86.4844
98672,3094,271.9336,1040,RIGHT_1040_US,1,1,0,48,-2436.3281,87.1875
98712,3091,271.6699,1040,RIGHT_1040_US,1,1,0,48,-2436.5918,86.9238
98752,3115,273.7793,1040,RIGHT_1040_US,1,1,0,48,-2434.4824,89.0332
98792,3110,273.3398,1040,RIGHT_1040_US,1,1,0,48,-2434.9219,88.5938
98832,3125,274.6582,1040,RIGHT_1040_US,1,1,0,48,-2433.6035,89.9121
98872,3155,277.2949,1040,RIGHT_1040_US,1,1,0,48,-2430.9668,92.5488
98912,3146,276.5039,1040,RIGHT_1040_US,1,1,0,48,-2431.7578,91.7578
98952,3156,277.3828,1040,RIGHT_1040_US,1,1,0,48,-2430.8789,92.6367
98992,3174,278.9648,1040,RIGHT_1040_US,1,1,0,48,-2429.2969,94.2188
99032,3182,279.6680,1040,RIGHT_1040_US,1,1,0,48,-2428.5938,94.9219
99072,3197,280.9863,1040,RIGHT_1040_US,1,1,0,48,-2427.2754,96.2402
99112,3204,281.6016,1040,RIGHT_1040_US,1,1,0,48,-2426.6602,96.8555
99152,3241,284.8535,1040,RIGHT_1040_US,1,1,0,48,-2423.4082,100.1074
99192,3229,283.7988,1040,RIGHT_1040_US,1,1,0,48,-2424.4629,99.0527
99232,3247,285.3809,1040,RIGHT_1040_US,1,1,0,48,-2422.8809,100.6348
99272,3267,287.1387,1040,RIGHT_1040_US,1,1,0,48,-2421.1230,102.3926
99312,3273,287.6660,1040,RIGHT_1040_US,1,1,0,48,-2420.5957,102.9199
99352,3283,288.5449,1040,RIGHT_1040_US,1,1,0,48,-2419.7168,103.7988
99392,3318,291.6211,1040,RIGHT_1040_US,1,1,0,48,-2416.6406,106.8750
99432,4095,359.9121,1040,RIGHT_1040_US,1,0,1,56,-2416.6406,106.8750
99472,3342,293.7305,1040,RIGHT_1040_US,1,1,0,48,-2414.5312,108.9844
99512,3332,292.8516,1040,RIGHT_1040_US,1,1,0,48,-2415.4102,108.1055
99552,3367,295.9277,1040,RIGHT_1040_US,1,1,0,48,-2412.3340,111.1816
99592,3366,295.8398,1040,RIGHT_1040_US,1,1,0,48,-2412.4219,111.0938
99632,3366,295.8398,1040,RIGHT_1040_US,1,1,0,48,-2412.4219,111.0938
99672,3385,297.5098,1040,RIGHT_1040_US,1,1,0,48,-2410.7520,112.7637
99712,3419,300.4980,1040,RIGHT_1040_US,1,1,0,48,-2407.7637,115.7520
99752,3419,300.4980,1040,RIGHT_1040_US,1,1,0,48,-2407.7637,115.7520
99792,3427,301.2012,1040,RIGHT_1040_US,1,1,0,48,-2407.0605,116.4551
99832,3463,304.3652,1040,RIGHT_1040_US,1,1,0,48,-2403.8965,119.6191
99872,3476,305.5078,1040,RIGHT_1040_US,1,1,0,48,-2402.7539,120.7617
99912,3469,304.8926,1040,RIGHT_1040_US,1,1,0,48,-2403.3691,120.1465
99953,3483,306.1230,1040,RIGHT_1040_US,1,1,0,48,-2402.1387,121.3770
99992,3512,308.6719,1040,RIGHT_1040_US,1,1,0,48,-2399.5898,123.9258
100032,3511,308.5840,1040,RIGHT_1040_US,1,1,0,48,-2399.6777,123.8379
100072,3546,311.6602,1040,RIGHT_1040_US,1,1,0,48,-2396.6016,126.9141
100112,3554,312.3633,1040,RIGHT_1040_US,1,1,0,48,-2395.8984,127.6172
100152,3567,313.5059,1040,RIGHT_1040_US,1,1,0,48,-2394.7559,128.7598
100192,3579,314.5605,1040,RIGHT_1040_US,1,1,0,48,-2393.7012,129.8145
100232,3595,315.9668,1040,RIGHT_1040_US,1,1,0,48,-2392.2949,131.2207
100272,3597,316.1426,1040,RIGHT_1040_US,1,1,0,48,-2392.1191,131.3965
100312,3622,318.3398,1040,RIGHT_1040_US,1,1,0,48,-2389.9219,133.5938
100352,3625,318.6035,1040,RIGHT_1040_US,1,1,0,48,-2389.6582,133.8574
100392,3644,320.2734,1040,RIGHT_1040_US,1,1,0,48,-2387.9883,135.5273
100432,3664,322.0312,1040,RIGHT_1040_US,1,1,0,48,-2386.2305,137.2852
100472,3678,323.2617,1040,RIGHT_1040_US,1,1,0,48,-2385.0000,138.5156
100512,3701,325.2832,1040,RIGHT_1040_US,1,1,0,48,-2382.9785,140.5371
100552,3714,326.4258,1040,RIGHT_1040_US,1,1,0,48,-2381.8359,141.6797
100592,3730,327.8320,1040,RIGHT_1040_US,1,1,0,48,-2380.4297,143.0859
100632,3731,327.9199,1040,RIGHT_1040_US,1,1,0,48,-2380.3418,143.1738
100672,3746,329.2383,1040,RIGHT_1040_US,1,1,0,48,-2379.0234,144.4922
100712,3775,331.7871,1040,RIGHT_1040_US,1,1,0,48,-2376.4746,147.0410
100752,3778,332.0508,1040,RIGHT_1040_US,1,1,0,48,-2376.2109,147.3047
100792,3797,333.7207,1040,RIGHT_1040_US,1,1,0,48,-2374.5410,148.9746
100832,3806,334.5117,1040,RIGHT_1040_US,1,1,0,48,-2373.7500,149.7656
100872,3837,337.2363,1040,RIGHT_1040_US,1,1,0,48,-2371.0254,152.4902
100912,3849,338.2910,1040,RIGHT_1040_US,1,1,0,48,-2369.9707,153.5449
100952,3855,338.8184,1040,RIGHT_1040_US,1,1,0,48,-2369.4434,154.0723
100992,3880,341.0156,1040,RIGHT_1040_US,1,1,0,48,-2367.2461,156.2695
101032,3883,341.2793,1040,RIGHT_1040_US,1,1,0,48,-2366.9824,156.5332
101072,3896,342.4219,1040,RIGHT_1040_US,1,1,0,48,-2365.8398,157.6758
101112,3912,343.8281,1040,RIGHT_1040_US,1,1,0,48,-2364.4336,159.0820
101152,3931,345.4980,1040,RIGHT_1040_US,1,1,0,48,-2362.7637,160.7520
101192,-1,-1.0000,1040,RIGHT_1040_US,0,0,0,0,-2362.7637,160.7520
101232,3968,348.7500,1040,RIGHT_1040_US,1,1,0,48,-2359.5117,164.0039
101272,3977,349.5410,1040,RIGHT_1040_US,1,1,0,48,-2358.7207,164.7949
101312,4000,351.5625,1040,RIGHT_1040_US,1,1,0,48,-2356.6992,166.8164
101352,4016,352.9688,1040,RIGHT_1040_US,1,1,0,48,-2355.2930,168.2227
101392,4031,354.2871,1040,RIGHT_1040_US,1,1,0,48,-2353.9746,169.5410
101432,4036,354.7266,1040,RIGHT_1040_US,1,1,0,48,-2353.5352,169.9805
101472,4054,356.3086,1040,RIGHT_1040_US,1,1,0,48,-2351.9531,171.5625
101512,4078,358.4180,1040,RIGHT_1040_US,1,1,0,48,-2349.8438,173.6719
101552,4089,359.3848,1040,RIGHT_1040_US,1,1,0,48,-2348.8770,174.6387
101592,15,1.3184,1040,RIGHT_1040_US,1,1,0,48,-2346.9434,176.5723
101632,33,2.9004,1040,RIGHT_1040_US,1,1,0,48,-2345.3613,178.1543
101672,44,3.8672,1040,RIGHT_1040_US,1,1,0,48,-2344.3945,179.1211
101712,61,5.3613,1040,RIGHT_1040_US,1,1,0,48,-2342.9004,180.6152
101752,87,7.6465,1040,RIGHT_1040_US,1,1,0,48,-2340.6152,182.9004
101792,98,8.6133,1040,RIGHT_1040_US,1,1,0,48,-2339.6484,183.8672
101832,116,10.1953,1040,RIGHT_1040_US,1,1,0,48,-2338.0664,185.4492
101872,127,11.1621,1040,RIGHT_1040_US,1,1,0,48,-2337.0996,186.4160
101912,143,12.5684,1040,RIGHT_1040_US,1,1,0,48,-2335.6934,187.8223
101952,165,14.5020,1040,RIGHT_1040_US,1,1,0,48,-2333.7598,189.7559
101992,177,15.5566,1040,RIGHT_1040_US,1,1,0,48,-2332.7051,190.8105
102032,198,17.4023,1040,RIGHT_1040_US,1,1,0,48,-2330.8594,192.6562
102072,212,18.6328,1040,RIGHT_1040_US,1,1,0,48,-2329.6289,193.8867
102112,227,19.9512,1040,RIGHT_1040_US,1,1,0,48,-2328.3105,195.2051
102152,249,21.8848,1040,RIGHT_1040_US,1,1,0,48,-2326.3770,197.1387
102192,271,23.8184,1040,RIGHT_1040_US,1,1,0,48,-2324.4434,199.0723
102232,279,24.5215,1040,RIGHT_1040_US,1,1,0,48,-2323.7402,199.7754
102272,296,26.0156,1040,RIGHT_1040_US,1,1,0,48,-2322.2461,201.2695
102312,311,27.3340,1040,RIGHT_1040_US,1,1,0,48,-2320.9277,202.5879
102352,338,29.7070,1040,RIGHT_1040_US,1,1,0,48,-2318.5547,204.9609
102392,349,30.6738,1040,RIGHT_1040_US,1,1,0,48,-2317.5879,205.9277
102432,367,32.2559,1040,RIGHT_1040_US,1,1,0,48,-2316.0059,207.5098
102472,394,34.6289,1040,RIGHT_1040_US,1,1,0,48,-2313.6328,209.8828
102512,411,36.1230,1040,RIGHT_1040_US,1,1,0,16,-2312.1387,211.3770
102552,413,36.2988,1040,RIGHT_1040_US,1,1,0,48,-2311.9629,211.5527
102592,442,38.8477,1040,RIGHT_1040_US,1,1,0,48,-2309.4141,214.1016
102632,452,39.7266,1040,RIGHT_1040_US,1,1,0,48,-2308.5352,214.9805
102672,471,41.3965,1040,RIGHT_1040_US,1,1,0,48,-2306.8652,216.6504
102712,-1,-1.0000,1040,RIGHT_1040_US,0,0,0,0,-2306.8652,216.6504
102752,489,42.9785,1040,RIGHT_1040_US,1,1,0,48,-2305.2832,218.2324
102792,505,44.3848,1040,RIGHT_1040_US,1,1,0,48,-2303.8770,219.6387
102832,517,45.4395,1040,RIGHT_1040_US,1,1,0,48,-2302.8223,220.6934
102872,550,48.3398,1040,RIGHT_1040_US,1,1,0,48,-2299.9219,223.5938
102912,553,48.6035,1040,RIGHT_1040_US,1,1,0,48,-2299.6582,223.8574
102952,571,50.1855,1040,RIGHT_1040_US,1,1,0,48,-2298.0762,225.4395
102992,601,52.8223,1040,RIGHT_1040_US,1,1,0,48,-2295.4395,228.0762
103032,613,53.8770,1040,RIGHT_1040_US,1,1,0,48,-2294.3848,229.1309
103072,628,55.1953,1040,RIGHT_1040_US,1,1,0,48,-2293.0664,230.4492
103112,647,56.8652,1040,RIGHT_1040_US,1,1,0,48,-2291.3965,232.1191
103152,659,57.9199,1040,RIGHT_1040_US,1,1,0,48,-2290.3418,233.1738
103192,646,56.7773,1040,RIGHT_1040_US,1,1,0,48,-2291.4844,232.0312
103232,-1,-1.0000,1040,RIGHT_1040_US,0,0,0,0,-2291.4844,232.0312
103272,691,60.7324,1040,RIGHT_1040_US,1,1,0,48,-2287.5293,235.9863
103312,695,61.0840,1040,RIGHT_1040_US,1,1,0,48,-2287.1777,236.3379
103352,700,61.5234,1040,RIGHT_1040_US,1,1,0,48,-2286.7383,236.7773
103392,717,63.0176,1040,RIGHT_1040_US,1,1,0,48,-2285.2441,238.2715
103432,730,64.1602,1040,RIGHT_1040_US,1,1,0,48,-2284.1016,239.4141
103472,764,67.1484,1040,RIGHT_1040_US,1,1,0,48,-2281.1133,242.4023
103512,4095,359.9121,1040,RIGHT_1040_US,1,0,1,40,-2281.1133,242.4023
103552,801,70.4004,1040,RIGHT_1040_US,1,1,0,48,-2277.8613,245.6543
103592,792,69.6094,1040,RIGHT_1040_US,1,1,0,48,-2278.6523,244.8633
103632,823,72.3340,1040,RIGHT_1040_US,1,1,0,48,-2275.9277,247.5879
103672,834,73.3008,1040,RIGHT_1040_US,1,1,0,48,-2274.9609,248.5547
103712,827,72.6855,1040,RIGHT_1040_US,1,1,0,48,-2275.5762,247.9395
103752,834,73.3008,1040,RIGHT_1040_US,1,1,0,48,-2274.9609,248.5547
103792,847,74.4434,1040,RIGHT_1040_US,1,1,0,48,-2273.8184,249.6973
103832,881,77.4316,1040,RIGHT_1040_US,1,1,0,48,-2270.8301,252.6855
103872,898,78.9258,1040,RIGHT_1040_US,1,1,0,48,-2269.3359,254.1797
103912,885,77.7832,1040,RIGHT_1040_US,1,1,0,48,-2270.4785,253.0371
103952,920,80.8594,1040,RIGHT_1040_US,1,1,0,48,-2267.4023,256.1133
103992,942,82.7930,1040,RIGHT_1040_US,1,1,0,48,-2265.4688,258.0469
104032,954,83.8477,1040,RIGHT_1040_US,1,1,0,48,-2264.4141,259.1016
104072,934,82.0898,1040,RIGHT_1040_US,1,1,0,48,-2266.1719,257.3438
104112,969,85.1660,1040,RIGHT_1040_US,1,1,0,48,-2263.0957,260.4199
104152,957,84.1113,1040,RIGHT_1040_US,1,1,0,48,-2264.1504,259.3652
104192,971,85.3418,1040,RIGHT_1040_US,1,1,0,48,-2262.9199,260.5957
104232,998,87.7148,1040,RIGHT_1040_US,1,1,0,48,-2260.5469,262.9688
104272,995,87.4512,1040,RIGHT_1040_US,1,1,0,48,-2260.8105,262.7051
104312,1033,90.7910,1040,RIGHT_1040_US,1,1,0,48,-2257.4707,266.0449
104352,1024,90.0000,1040,RIGHT_1040_US,1,1,0,48,-2258.2617,265.2539
104392,1055,92.7246,1040,RIGHT_1040_US,1,1,0,48,-2255.5371,267.9785
104432,1050,92.2852,1040,RIGHT_1040_US,1,1,0,48,-2255.9766,267.5391
104472,1050,92.2852,1040,RIGHT_1040_US,1,1,0,48,-2255.9766,267.5391
104512,1060,93.1641,1040,RIGHT_1040_US,1,1,0,48,-2255.0977,268.4180
104552,1074,94.3945,1040,RIGHT_1040_US,1,1,0,48,-2253.8672,269.6484
104592,1084,95.2734,1040,RIGHT_1040_US,1,1,0,48,-2252.9883,270.5273
104632,1091,95.8887,1040,RIGHT_1040_US,1,1,0,48,-2252.3730,271.1426
104672,1101,96.7676,1040,RIGHT_1040_US,1,1,0,48,-2251.4941,272.0215
104712,1140,100.1953,1040,RIGHT_1040_US,1,1,0,48,-2248.0664,275.4492
104752,1151,101.1621,1040,RIGHT_1040_US,1,1,0,48,-2247.0996,276.4160
104792,1165,102.3926,1040,RIGHT_1040_US,1,1,0,48,-2245.8691,277.6465
104832,1153,101.3379,1040,RIGHT_1040_US,1,1,0,48,-2246.9238,276.5918
104872,1184,104.0625,1040,RIGHT_1040_US,1,1,0,48,-2244.1992,279.3164
104912,1192,104.7656,1040,RIGHT_1040_US,1,1,0,48,-2243.4961,280.0195
104952,1180,103.7109,1040,RIGHT_1040_US,1,1,0,48,-2244.5508,278.9648
104992,1188,104.4141,1040,RIGHT_1040_US,1,1,0,48,-2243.8477,279.6680
105032,1218,107.0508,1040,RIGHT_1040_US,1,1,0,48,-2241.2109,282.3047
105072,1235,108.5449,1040,RIGHT_1040_US,1,1,0,48,-2239.7168,283.7988
105112,1248,109.6875,1040,RIGHT_1040_US,1,1,0,48,-2238.5742,284.9414
105152,1256,110.3906,1040,RIGHT_1040_US,1,1,0,48,-2237.8711,285.6445
105192,1266,111.2695,1040,RIGHT_1040_US,1,1,0,48,-2236.9922,286.5234
105234,1269,111.5332,1040,RIGHT_1040_US,1,1,0,48,-2236.7285,286.7871
105272,1290,113.3789,1040,RIGHT_1040_US,1,1,0,48,-2234.8828,288.6328
105312,1285,112.9395,1040,RIGHT_1040_US,1,1,0,48,-2235.3223,288.1934
105352,1282,112.6758,1040,RIGHT_1040_US,1,1,0,48,-2235.5859,287.9297
105392,1292,113.5547,1040,RIGHT_1040_US,1,1,0,48,-2234.7070,288.8086
105432,1324,116.3672,1040,RIGHT_1040_US,1,1,0,48,-2231.8945,291.6211
105472,1319,115.9277,1040,RIGHT_1040_US,1,1,0,48,-2232.3340,291.1816
105512,1343,118.0371,1040,RIGHT_1040_US,1,1,0,48,-2230.2246,293.2910
105552,1334,117.2461,1040,RIGHT_1040_US,1,1,0,48,-2231.0156,292.5000
105592,1350,118.6523,1040,RIGHT_1040_US,1,1,0,48,-2229.6094,293.9062
105632,1373,120.6738,1040,RIGHT_1040_US,1,1,0,48,-2227.5879,295.9277
105672,1374,120.7617,1040,RIGHT_1040_US,1,1,0,48,-2227.5000,296.0156
105712,1383,121.5527,1040,RIGHT_1040_US,1,1,0,48,-2226.7090,296.8066
105752,1385,121.7285,1040,RIGHT_1040_US,1,1,0,48,-2226.5332,296.9824
105792,1397,122.7832,1040,RIGHT_1040_US,1,1,0,48,-2225.4785,298.0371
105832,1429,125.5957,1040,RIGHT_1040_US,1,1,0,48,-2222.6660,300.8496
105872,1439,126.4746,1040,RIGHT_1040_US,1,1,0,48,-2221.7871,301.7285
105912,1452,127.6172,1040,RIGHT_1040_US,1,1,0,48,-2220.6445,302.8711
105952,1450,127.4414,1040,RIGHT_1040_US,1,1,0,48,-2220.8203,302.6953
105992,1471,129.2871,1040,RIGHT_1040_US,1,1,0,48,-2218.9746,304.5410
106032,1481,130.1660,1040,RIGHT_1040_US,1,1,0,48,-2218.0957,305.4199
106072,1471,129.2871,1040,RIGHT_1040_US,1,1,0,48,-2218.9746,304.5410
106112,1500,131.8359,1040,RIGHT_1040_US,1,1,0,48,-2216.4258,307.0898
106152,1504,132.1875,1040,RIGHT_1040_US,1,1,0,48,-2216.0742,307.4414
106192,1525,134.0332,1040,RIGHT_1040_US,1,1,0,48,-2214.2285,309.2871
106232,1534,134.8242,1040,RIGHT_1040_US,1,1,0,48,-2213.4375,310.0781
106272,1542,135.5273,1040,RIGHT_1040_US,1,1,0,48,-2212.7344,310.7812
106312,1541,135.4395,1040,RIGHT_1040_US,1,1,0,48,-2212.8223,310.6934
106352,1564,137.4609,1040,RIGHT_1040_US,1,1,0,48,-2210.8008,312.7148
106392,1560,137.1094,1040,RIGHT_1040_US,1,1,0,48,-2211.1523,312.3633
106432,1567,137.7246,1040,RIGHT_1040_US,1,1,0,48,-2210.5371,312.9785
106472,1592,139.9219,1040,RIGHT_1040_US,1,1,0,48,-2208.3398,315.1758
106512,1604,140.9766,1040,RIGHT_1040_US,1,1,0,48,-2207.2852,316.2305
106552,1603,140.8887,1040,RIGHT_1040_US,1,1,0,48,-2207.3730,316.1426
106592,1624,142.7344,1040,RIGHT_1040_US,1,1,0,48,-2205.5273,317.9883
106632,1637,143.8770,1040,RIGHT_1040_US,1,1,0,48,-2204.3848,319.1309
106672,1644,144.4922,1040,RIGHT_1040_US,1,1,0,48,-2203.7695,319.7461
106712,1658,145.7227,1040,RIGHT_1040_US,1,1,0,48,-2202.5391,320.9766
106752,1669,146.6895,1040,RIGHT_1040_US,1,1,0,48,-2201.5723,321.9434
106792,1671,146.8652,1040,RIGHT_1040_US,1,1,0,48,-2201.3965,322.1191
106832,1677,147.3926,1040,RIGHT_1040_US,1,1,0,48,-2200.8691,322.6465
106872,1706,149.9414,1040,RIGHT_1040_US,1,1,0,48,-2198.3203,325.1953
106912,1699,149.3262,1040,RIGHT_1040_US,1,1,0,48,-2198.9355,324.5801
106952,1717,150.9082,1040,RIGHT_1040_US,1,1,0,48,-2197.3535,326.1621
106992,1732,152.2266,1040,RIGHT_1040_US,1,1,0,48,-2196.0352,327.4805
107032,1745,153.3691,1040,RIGHT_1040_US,1,1,0,48,-2194.8926,328.6230
107072,1755,154.2480,1040,RIGHT_1040_US,1,1,0,48,-2194.0137,329.5020
107112,1760,154.6875,1040,RIGHT_1040_US,1,1,0,48,-2193.5742,329.9414
107152,1774,155.9180,1040,RIGHT_1040_US,1,1,0,48,-2192.3438,331.1719
107192,1781,156.5332,1040,RIGHT_1040_US,1,1,0,48,-2191.7285,331.7871
107232,1795,157.7637,1040,RIGHT_1040_US,1,1,0,48,-2190.4980,333.0176
107272,1809,158.9941,1040,RIGHT_1040_US,1,1,0,48,-2189.2676,334.2480
107312,1828,160.6641,1040,RIGHT_1040_US,1,1,0,48,-2187.5977,335.9180
107352,1830,160.8398,1040,RIGHT_1040_US,1,1,0,48,-2187.4219,336.0938
107392,1850,162.5977,1040,RIGHT_1040_US,1,1,0,48,-2185.6641,337.8516
107432,1855,163.0371,1040,RIGHT_1040_US,1,1,0,48,-2185.2246,338.2910
107472,1871,164.4434,1040,RIGHT_1040_US,1,1,0,48,-2183.8184,339.6973
107512,1876,164.8828,1040,RIGHT_1040_US,1,1,0,48,-2183.3789,340.1367
107552,1888,165.9375,1040,RIGHT_1040_US,1,1,0,48,-2182.3242,341.1914
107592,1906,167.5195,1040,RIGHT_1040_US,1,1,0,48,-2180.7422,342.7734
107632,1916,168.3984,1040,RIGHT_1040_US,1,1,0,48,-2179.8633,343.6523
107672,1930,169.6289,1040,RIGHT_1040_US,1,1,0,48,-2178.6328,344.8828
107712,1939,170.4199,1040,RIGHT_1040_US,1,1,0,48,-2177.8418,345.6738
107752,1952,171.5625,1040,RIGHT_1040_US,1,1,0,48,-2176.6992,346.8164
107792,1964,172.6172,1040,RIGHT_1040_US,1,1,0,48,-2175.6445,347.8711
107832,1976,173.6719,1040,RIGHT_1040_US,1,1,0,48,-2174.5898,348.9258
107872,1990,174.9023,1040,RIGHT_1040_US,1,1,0,48,-2173.3594,350.1562
107912,2004,176.1328,1040,RIGHT_1040_US,1,1,0,48,-2172.1289,351.3867
107952,2008,176.4844,1040,RIGHT_1040_US,1,1,0,48,-2171.7773,351.7383
107992,2021,177.6270,1040,RIGHT_1040_US,1,1,0,48,-2170.6348,352.8809
108032,2032,178.5938,1040,RIGHT_1040_US,1,1,0,48,-2169.6680,353.8477
108072,2046,179.8242,1040,RIGHT_1040_US,1,1,0,48,-2168.4375,355.0781
108112,2053,180.4395,1040,RIGHT_1040_US,1,1,0,48,-2167.8223,355.6934
108152,2067,181.6699,1040,RIGHT_1040_US,1,1,0,48,-2166.5918,356.9238
108192,2084,183.1641,1040,RIGHT_1040_US,1,1,0,48,-2165.0977,358.4180
108232,2094,184.0430,1040,RIGHT_1040_US,1,1,0,48,-2164.2188,359.2969
108272,2100,184.5703,1040,RIGHT_1040_US,1,1,0,48,-2163.6914,359.8242
108312,2112,185.6250,1040,RIGHT_1040_US,1,1,0,48,-2162.6367,360.8789
108352,2121,186.4160,1040,RIGHT_1040_US,1,1,0,48,-2161.8457,361.6699
108392,2136,187.7344,1040,RIGHT_1040_US,1,1,0,48,-2160.5273,362.9883
108432,2144,188.4375,1040,RIGHT_1040_US,1,1,0,48,-2159.8242,363.6914
108472,2156,189.4922,1040,RIGHT_1040_US,1,1,0,48,-2158.7695,364.7461
108512,2172,190.8984,1040,RIGHT_1040_US,1,1,0,48,-2157.3633,366.1523
108552,2181,191.6895,1040,RIGHT_1040_US,1,1,0,48,-2156.5723,366.9434
108592,2196,193.0078,1040,RIGHT_1040_US,1,1,0,48,-2155.2539,368.2617
108632,2210,194.2383,1040,RIGHT_1040_US,1,1,0,48,-2154.0234,369.4922
108672,2221,195.2051,1040,RIGHT_1040_US,1,1,0,48,-2153.0566,370.4590
108712,2228,195.8203,1040,RIGHT_1040_US,1,1,0,48,-2152.4414,371.0742
108752,2244,197.2266,1040,RIGHT_1040_US,1,1,0,48,-2151.0352,372.4805
108792,2253,198.0176,1040,RIGHT_1040_US,1,1,0,48,-2150.2441,373.2715
108832,2257,198.3691,1040,RIGHT_1040_US,1,1,0,48,-2149.8926,373.6230
108872,2269,199.4238,1040,RIGHT_1040_US,1,1,0,48,-2148.8379,374.6777
108912,2284,200.7422,1040,RIGHT_1040_US,1,1,0,48,-2147.5195,375.9961
108952,2290,201.2695,1040,RIGHT_1040_US,1,1,0,48,-2146.9922,376.5234
108992,2302,202.3242,1040,RIGHT_1040_US,1,1,0,48,-2145.9375,377.5781
109032,2327,204.5215,1040,RIGHT_1040_US,1,1,0,48,-2143.7402,379.7754
109072,2337,205.4004,1040,RIGHT_1040_US,1,1,0,48,-2142.8613,380.6543
109112,2345,206.1035,1040,RIGHT_1040_US,1,1,0,48,-2142.1582,381.3574
109152,2362,207.5977,1040,RIGHT_1040_US,1,1,0,48,-2140.6641,382.8516
109193,2369,208.2129,1040,RIGHT_1040_US,1,1,0,48,-2140.0488,383.4668
109232,2385,209.6191,1040,RIGHT_1040_US,1,1,0,48,-2138.6426,384.8730
109272,2382,209.3555,1040,RIGHT_1040_US,1,1,0,48,-2138.9062,384.6094
109312,2392,210.2344,1040,RIGHT_1040_US,1,1,0,48,-2138.0273,385.4883
109352,2404,211.2891,1040,RIGHT_1040_US,1,1,0,48,-2136.9727,386.5430
109392,2416,212.3438,1040,RIGHT_1040_US,1,1,0,48,-2135.9180,387.5977
109433,2430,213.5742,1040,RIGHT_1040_US,1,1,0,48,-2134.6875,388.8281
109472,2453,215.5957,1040,RIGHT_1040_US,1,1,0,48,-2132.6660,390.8496
109512,2453,215.5957,1040,RIGHT_1040_US,1,1,0,48,-2132.6660,390.8496
109552,2465,216.6504,1040,RIGHT_1040_US,1,1,0,48,-2131.6113,391.9043
109592,2488,218.6719,1040,RIGHT_1040_US,1,1,0,48,-2129.5898,393.9258
109632,2486,218.4961,1040,RIGHT_1040_US,1,1,0,48,-2129.7656,393.7500
109672,2506,220.2539,1040,RIGHT_1040_US,1,1,0,48,-2128.0078,395.5078
109712,2510,220.6055,1040,RIGHT_1040_US,1,1,0,48,-2127.6562,395.8594
109752,2522,221.6602,1040,RIGHT_1040_US,1,1,0,48,-2126.6016,396.9141
109792,2531,222.4512,1040,RIGHT_1040_US,1,1,0,48,-2125.8105,397.7051
109832,2557,224.7363,1040,RIGHT_1040_US,1,1,0,48,-2123.5254,399.9902
109872,2568,225.7031,1040,RIGHT_1040_US,1,1,0,48,-2122.5586,400.9570
109912,2574,226.2305,1040,RIGHT_1040_US,1,1,0,48,-2122.0312,401.4844
109952,2590,227.6367,1040,RIGHT_1040_US,1,1,0,48,-2120.6250,402.8906
109992,2601,228.6035,1040,RIGHT_1040_US,1,1,0,48,-2119.6582,403.8574
110032,2602,228.6914,1040,RIGHT_1040_US,1,1,0,48,-2119.5703,403.9453
110072,2622,230.4492,1040,RIGHT_1040_US,1,1,0,48,-2117.8125,405.7031
110112,4095,359.9121,1040,RIGHT_1040_US,1,0,1,24,-2117.8125,405.7031
110152,2629,231.0645,1040,RIGHT_1040_US,1,1,0,48,-2117.1973,406.3184
110192,2636,231.6797,1040,RIGHT_1040_US,1,1,0,48,-2116.5820,406.9336
110232,2645,232.4707,1040,RIGHT_1040_US,1,1,0,48,-2115.7910,407.7246
110272,2677,235.2832,1040,RIGHT_1040_US,1,1,0,48,-2112.9785,410.5371
110312,2686,236.0742,1040,RIGHT_1040_US,1,1,0,48,-2112.1875,411.3281
110352,2677,235.2832,1040,RIGHT_1040_US,1,1,0,48,-2112.9785,410.5371
110392,2689,236.3379,1040,RIGHT_1040_US,1,1,0,48,-2111.9238,411.5918
110432,2713,238.4473,1040,RIGHT_1040_US,1,1,0,48,-2109.8145,413.7012
110472,2709,238.0957,1040,RIGHT_1040_US,1,1,0,48,-2110.1660,413.3496
110512,2720,239.0625,1040,RIGHT_1040_US,1,1,0,48,-2109.1992,414.3164
110553,2730,239.9414,1040,RIGHT_1040_US,1,1,0,48,-2108.3203,415.1953
110592,2755,242.1387,1040,RIGHT_1040_US,1,1,0,48,-2106.1230,417.3926
110632,2760,242.5781,1040,RIGHT_1040_US,1,1,0,48,-2105.6836,417.8320
110672,2770,243.4570,1040,RIGHT_1040_US,1,1,0,48,-2104.8047,418.7109
110712,2793,245.4785,1040,RIGHT_1040_US,1,1,0,48,-2102.7832,420.7324
110752,2782,244.5117,1040,RIGHT_1040_US,1,1,0,48,-2103.7500,419.7656
110792,2797,245.8301,1040,RIGHT_1040_US,1,1,0,48,-2102.4316,421.0840
110832,2805,246.5332,1040,RIGHT_1040_US,1,1,0,48,-2101.7285,421.7871
110872,2824,248.2031,1040,RIGHT_1040_US,1,1,0,48,-2100.0586,423.4570
110912,2849,250.4004,1040,RIGHT_1040_US,1,1,0,48,-2097.8613,425.6543
110952,2847,250.2246,1040,RIGHT_1040_US,1,1,0,48,-2098.0371,425.4785
110992,2870,252.2461,1040,RIGHT_1040_US,1,1,0,48,-2096.0156,427.5000
111032,2882,253.3008,1040,RIGHT_1040_US,1,1,0,48,-2094.9609,428.5547
111072,2873,252.5098,1040,RIGHT_1040_US,1,1,0,48,-2095.7520,427.7637
111112,2900,254.8828,1040,RIGHT_1040_US,1,1,0,48,-2093.3789,430.1367
111152,2899,254.7949,1040,RIGHT_1040_US,1,1,0,48,-2093.4668,430.0488
111192,2925,257.0801,1040,RIGHT_1040_US,1,1,0,48,-2091.1816,432.3340
111232,2926,257.1680,1040,RIGHT_1040_US,1,1,0,48,-2091.0938,432.4219
111272,2929,257.4316,1040,RIGHT_1040_US,1,1,0,48,-2090.8301,432.6855
111312,4095,359.9121,1040,RIGHT_1040_US,1,0,1,48,-2090.8301,432.6855
111352,2961,260.2441,1040,RIGHT_1040_US,1,1,0,48,-2088.0176,435.4980
111392,2976,261.5625,1040,RIGHT_1040_US,1,1,0,48,-2086.6992,436.8164
111432,2988,262.6172,1040,RIGHT_1040_US,1,1,0,48,-2085.6445,437.8711
111472,2993,263.0566,1040,RIGHT_1040_US,1,1,0,48,-2085.2051,438.3105
111512,2988,262.6172,1040,RIGHT_1040_US,1,1,0,48,-2085.6445,437.8711
111552,3024,265.7812,1040,RIGHT_1040_US,1,1,0,48,-2082.4805,441.0352
111592,3009,264.4629,1040,RIGHT_1040_US,1,1,0,48,-2083.7988,439.7168
111632,3021,265.5176,1040,RIGHT_1040_US,1,1,0,48,-2082.7441,440.7715
111672,3037,266.9238,1040,RIGHT_1040_US,1,1,0,48,-2081.3379,442.1777
111712,3059,268.8574,1040,RIGHT_1040_US,1,1,0,48,-2079.4043,444.1113
111752,3075,270.2637,1040,RIGHT_1040_US,1,1,0,48,-2077.9980,445.5176
111792,3087,271.3184,1040,RIGHT_1040_US,1,1,0,48,-2076.9434,446.5723
111832,3101,272.5488,1040,RIGHT_1040_US,1,1,0,48,-2075.7129,447.8027
111872,3095,272.0215,1040,RIGHT_1040_US,1,1,0,48,-2076.2402,447.2754
111912,3098,272.2852,1040,RIGHT_1040_US,1,1,0,48,-2075.9766,447.5391
111952,3108,273.1641,1040,RIGHT_1040_US,1,1,0,48,-2075.0977,448.4180
111992,3138,275.8008,1040,RIGHT_1040_US,1,1,0,48,-2072.4609,451.0547
112032,3132,275.2734,1040,RIGHT_1040_US,1,1,0,48,-2072.9883,450.5273
112072,3152,277.0312,1040,RIGHT_1040_US,1,1,0,48,-2071.2305,452.2852
112112,3170,278.6133,1040,RIGHT_1040_US,1,1,0,48,-2069.6484,453.8672
112152,3189,280.2832,1040,RIGHT_1040_US,1,1,0,48,-2067.9785,455.5371
112192,3198,281.0742,1040,RIGHT_1040_US,1,1,0,48,-2067.1875,456.3281
112232,3196,280.8984,1040,RIGHT_1040_US,1,1,0,48,-2067.3633,456.1523
112272,3209,282.0410,1040,RIGHT_1040_US,1,1,0,48,-2066.2207,457.2949
112312,3221,283.0957,1040,RIGHT_1040_US,1,1,0,48,-2065.1660,458.3496
112352,3232,284.0625,1040,RIGHT_1040_US,1,1,0,48,-2064.1992,459.3164
112392,3241,284.8535,1040,RIGHT_1040_US,1,1,0,48,-2063.4082,460.1074
112432,3262,286.6992,1040,RIGHT_1040_US,1,1,0,48,-2061.5625,461.9531
112472,3286,288.8086,1040,RIGHT_1040_US,1,1,0,48,-2059.4531,464.0625
112512,3301,290.1270,1040,RIGHT_1040_US,1,1,0,48,-2058.1348,465.3809
112552,3314,291.2695,1040,RIGHT_1040_US,1,1,0,48,-2056.9922,466.5234
112592,3314,291.2695,1040,RIGHT_1040_US,1,1,0,48,-2056.9922,466.5234
112632,3341,293.6426,1040,RIGHT_1040_US,1,1,0,48,-2054.6191,468.8965
112672,3336,293.2031,1040,RIGHT_1040_US,1,1,0,48,-2055.0586,468.4570
112712,3360,295.3125,1040,RIGHT_1040_US,1,1,0,48,-2052.9492,470.5664
112752,3358,295.1367,1040,RIGHT_1040_US,1,1,0,48,-2053.1250,470.3906
112792,3370,296.1914,1040,RIGHT_1040_US,1,1,0,48,-2052.0703,471.4453
112832,3405,299.2676,1040,RIGHT_1040_US,1,1,0,48,-2048.9941,474.5215
112872,3402,299.0039,1040,RIGHT_1040_US,1,1,0,48,-2049.2578,474.2578
112913,3430,301.4648,1040,RIGHT_1040_US,1,1,0,48,-2046.7969,476.7188
112952,3447,302.9590,1040,RIGHT_1040_US,1,1,0,48,-2045.3027,478.2129
112992,3442,302.5195,1040,RIGHT_1040_US,1,1,0,48,-2045.7422,477.7734
113032,3454,303.5742,1040,RIGHT_1040_US,1,1,0,48,-2044.6875,478.8281
113072,3482,306.0352,1040,RIGHT_1040_US,1,1,0,48,-2042.2266,481.2891
113112,3495,307.1777,1040,RIGHT_1040_US,1,1,0,48,-2041.0840,482.4316
113152,3500,307.6172,1040,RIGHT_1040_US,1,1,0,48,-2040.6445,482.8711
113192,3528,310.0781,1040,RIGHT_1040_US,1,1,0,48,-2038.1836,485.3320
113232,3535,310.6934,1040,RIGHT_1040_US,1,1,0,48,-2037.5684,485.9473
113272,3537,310.8691,1040,RIGHT_1040_US,1,1,0,48,-2037.3926,486.1230
113312,3574,314.1211,1040,RIGHT_1040_US,1,1,0,48,-2034.1406,489.3750
113352,3582,314.8242,1040,RIGHT_1040_US,1,1,0,48,-2033.4375,490.0781
113392,3582,314.8242,1040,RIGHT_1040_US,1,1,0,48,-2033.4375,490.0781
113432,3594,315.8789,1040,RIGHT_1040_US,1,1,0,48,-2032.3828,491.1328
113472,3608,317.1094,1040,RIGHT_1040_US,1,1,0,48,-2031.1523,492.3633
113512,3635,319.4824,1040,RIGHT_1040_US,1,1,0,48,-2028.7793,494.7363
113552,3643,320.1855,1040,RIGHT_1040_US,1,1,0,48,-2028.0762,495.4395
113592,3665,322.1191,1040,RIGHT_1040_US,1,1,0,48,-2026.1426,497.3730
113632,3674,322.9102,1040,RIGHT_1040_US,1,1,0,48,-2025.3516,498.1641
113672,3700,325.1953,1040,RIGHT_1040_US,1,1,0,48,-2023.0664,500.4492
113712,3709,325.9863,1040,RIGHT_1040_US,1,1,0,48,-2022.2754,501.2402
113752,3710,326.0742,1040,RIGHT_1040_US,1,1,0,48,-2022.1875,501.3281
113792,3739,328.6230,1040,RIGHT_1040_US,1,1,0,48,-2019.6387,503.8770
113832,3756,330.1172,1040,RIGHT_1040_US,1,1,0,48,-2018.1445,505.3711
113872,3770,331.3477,1040,RIGHT_1040_US,1,1,0,48,-2016.9141,506.6016
113912,3785,332.6660,1040,RIGHT_1040_US,1,1,0,48,-2015.5957,507.9199
113952,3800,333.9844,1040,RIGHT_1040_US,1,1,0,48,-2014.2773,509.2383
113992,3799,333.8965,1040,RIGHT_1040_US,1,1,0,48,-2014.3652,509.1504
114032,3829,336.5332,1040,RIGHT_1040_US,1,1,0,48,-2011.7285,511.7871
114072,3849,338.2910,1040,RIGHT_1040_US,1,1,0,48,-2009.9707,513.5449
114112,3860,339.2578,1040,RIGHT_1040_US,1,1,0,48,-2009.0039,514.5117
114152,3874,340.4883,1040,RIGHT_1040_US,1,1,0,48,-2007.7734,515.7422
114192,3876,340.6641,1040,RIGHT_1040_US,1,1,0,48,-2007.5977,515.9180
114232,3895,342.3340,1040,RIGHT_1040_US,1,1,0,48,-2005.9277,517.5879
114272,3908,343.4766,1040,RIGHT_1040_US,1,1,0,48,-2004.7852,518.7305
114312,3935,345.8496,1040,RIGHT_1040_US,1,1,0,48,-2002.4121,521.1035
114352,3944,346.6406,1040,RIGHT_1040_US,1,1,0,48,-2001.6211,521.8945
114392,3967,348.6621,1040,RIGHT_1040_US,1,1,0,48,-1999.5996,523.9160
114432,3981,349.8926,1040,RIGHT_1040_US,1,1,0,48,-1998.3691,525.1465
114472,3995,351.1230,1040,RIGHT_1040_US,1,1,0,48,-1997.1387,526.3770
114512,4011,352.5293,1040,RIGHT_1040_US,1,1,0,48,-1995.7324,527.7832
114552,4027,353.9355,1040,RIGHT_1040_US,1,1,0,48,-1994.3262,529.1895
114592,4040,355.0781,1040,RIGHT_1040_US,1,1,0,48,-1993.1836,530.3320
114632,4057,356.5723,1040,RIGHT_1040_US,1,1,0,48,-1991.6895,531.8262
114672,4077,358.3301,1040,RIGHT_1040_US,1,1,0,48,-1989.9316,533.5840
114712,-1,-1.0000,1040,RIGHT_1040_US,0,0,0,0,-1989.9316,533.5840
114752,15,1.3184,1040,RIGHT_1040_US,1,1,0,48,-1986.9434,536.5723
114792,28,2.4609,1040,RIGHT_1040_US,1,1,0,48,-1985.8008,537.7148
114832,49,4.3066,1040,RIGHT_1040_US,1,1,0,48,-1983.9551,539.5605
114872,61,5.3613,1040,RIGHT_1040_US,1,1,0,48,-1982.9004,540.6152
114912,77,6.7676,1040,RIGHT_1040_US,1,1,0,48,-1981.4941,542.0215
114952,94,8.2617,1040,RIGHT_1040_US,1,1,0,48,-1980.0000,543.5156
114992,111,9.7559,1040,RIGHT_1040_US,1,1,0,48,-1978.5059,545.0098
115032,128,11.2500,1040,RIGHT_1040_US,1,1,0,48,-1977.0117,546.5039
115072,145,12.7441,1040,RIGHT_1040_US,1,1,0,48,-1975.5176,547.9980
115112,161,14.1504,1040,RIGHT_1040_US,1,1,0,48,-1974.1113,549.4043
115152,181,15.9082,1040,RIGHT_1040_US,1,1,0,48,-1972.3535,551.1621
115192,205,18.0176,1040,RIGHT_1040_US,1,1,0,48,-1970.2441,553.2715
115232,-1,-1.0000,1040,RIGHT_1040_US,0,0,0,0,-1970.2441,553.2715
115272,225,19.7754,1040,RIGHT_1040_US,1,1,0,48,-1968.4863,555.0293
115312,252,22.1484,1040,RIGHT_1040_US,1,1,0,48,-1966.1133,557.4023
115352,272,23.9062,1040,RIGHT_1040_US,1,1,0,48,-1964.3555,559.1602
115392,285,25.0488,1040,RIGHT_1040_US,1,1,0,16,-1963.2129,560.3027
115432,302,26.5430,1040,RIGHT_1040_US,1,1,0,48,-1961.7188,561.7969
115472,321,28.2129,1040,RIGHT_1040_US,1,1,0,16,-1960.0488,563.4668
115512,324,28.4766,1040,RIGHT_1040_US,1,1,0,48,-1959.7852,563.7305
115552,344,30.2344,1040,RIGHT_1040_US,1,1,0,48,-1958.0273,565.4883
115592,362,31.8164,1040,RIGHT_1040_US,1,1,0,48,-1956.4453,567.0703
115632,376,33.0469,1040,RIGHT_1040_US,1,1,0,48,-1955.2148,568.3008
115672,394,34.6289,1040,RIGHT_1040_US,1,1,0,48,-1953.6328,569.8828
115712,416,36.5625,1040,RIGHT_1040_US,1,1,0,48,-1951.6992,571.8164
115752,433,38.0566,1040,RIGHT_1040_US,1,1,0,48,-1950.2051,573.3105
115792,-1,-1.0000,1040,RIGHT_1040_US,0,0,0,0,-1950.2051,573.3105
115832,446,39.1992,1040,RIGHT_1040_US,1,1,0,48,-1949.0625,574.4531
115872,481,42.2754,1040,RIGHT_1040_US,1,1,0,48,-1945.9863,577.5293
115912,498,43.7695,1040,RIGHT_1040_US,1,1,0,48,-1944.4922,579.0234
115952,503,44.2090,1040,RIGHT_1040_US,1,1,0,48,-1944.0527,579.4629
115992,507,44.5605,1040,RIGHT_1040_US,1,1,0,48,-1943.7012,579.8145
116032,521,45.7910,1040,RIGHT_1040_US,1,1,0,48,-1942.4707,581.0449
116072,543,47.7246,1040,RIGHT_1040_US,1,1,0,48,-1940.5371,582.9785
116112,575,50.5371,1040,RIGHT_1040_US,1,1,0,48,-1937.7246,585.7910
116152,593,52.1191,1040,RIGHT_1040_US,1,1,0,48,-1936.1426,587.3730
116192,598,52.5586,1040,RIGHT_1040_US,1,1,0,48,-1935.7031,587.8125
116232,604,53.0859,1040,RIGHT_1040_US,1,1,0,48,-1935.1758,588.3398
116272,625,54.9316,1040,RIGHT_1040_US,1,1,0,48,-1933.3301,590.1855
116312,628,55.1953,1040,RIGHT_1040_US,1,1,0,48,-1933.0664,590.4492
116352,651,57.2168,1040,RIGHT_1040_US,1,1,0,48,-1931.0449,592.4707
116392,681,59.8535,1040,RIGHT_1040_US,1,1,0,48,-1928.4082,595.1074
116432,674,59.2383,1040,RIGHT_1040_US,1,1,0,48,-1929.0234,594.4922
116472,684,60.1172,1040,RIGHT_1040_US,1,1,0,48,-1928.1445,595.3711
116512,723,63.5449,1040,RIGHT_1040_US,1,1,0,48,-1924.7168,598.7988
116552,723,63.5449,1040,RIGHT_1040_US,1,1,0,48,-1924.7168,598.7988
116592,735,64.5996,1040,RIGHT_1040_US,1,1,0,48,-1923.6621,599.8535
116632,768,67.5000,1040,RIGHT_1040_US,1,1,0,48,-1920.7617,602.7539
116672,779,68.4668,1040,RIGHT_1040_US,1,1,0,48,-1919.7949,603.7207
116712,783,68.8184,1040,RIGHT_1040_US,1,1,0,48,-1919.4434,604.0723
116752,4095,359.9121,1040,RIGHT_1040_US,1,0,1,48,-1919.4434,604.0723
116792,800,70.3125,1040,RIGHT_1040_US,1,1,0,48,-1917.9492,605.5664
116832,805,70.7520,1040,RIGHT_1040_US,1,1,0,48,-1917.5098,606.0059
116872,824,72.4219,1040,RIGHT_1040_US,1,1,0,48,-1915.8398,607.6758
116912,832,73.1250,1040,RIGHT_1040_US,1,1,0,48,-1915.1367,608.3789
116952,852,74.8828,1040,RIGHT_1040_US,1,1,0,48,-1913.3789,610.1367
116992,870,76.4648,1040,RIGHT_1040_US,1,1,0,48,-1911.7969,611.7188
117032,898,78.9258,1040,RIGHT_1040_US,1,1,0,48,-1909.3359,614.1797
117072,880,77.3438,1040,RIGHT_1040_US,1,1,0,48,-1910.9180,612.5977
117112,894,78.5742,1040,RIGHT_1040_US,1,1,0,48,-1909.6875,613.8281
117152,915,80.4199,1040,RIGHT_1040_US,1,1,0,48,-1907.8418,615.6738
117192,930,81.7383,1040,RIGHT_1040_US,1,1,0,48,-1906.5234,616.9922
117232,925,81.2988,1040,RIGHT_1040_US,1,1,0,48,-1906.9629,616.5527
117272,946,83.1445,1040,RIGHT_1040_US,1,1,0,48,-1905.1172,618.3984
117312,980,86.1328,1040,RIGHT_1040_US,1,1,0,48,-1902.1289,621.3867
117352,966,84.9023,1040,RIGHT_1040_US,1,1,0,48,-1903.3594,620.1562
117392,1001,87.9785,1040,RIGHT_1040_US,1,1,0,48,-1900.2832,623.2324
117432,1006,88.4180,1040,RIGHT_1040_US,1,1,0,48,-1899.8438,623.6719
117472,1005,88.3301,1040,RIGHT_1040_US,1,1,0,48,-1899.9316,623.5840
117512,1020,89.6484,1040,RIGHT_1040_US,1,1,0,48,-1898.6133,624.9023
117552,1029,90.4395,1040,RIGHT_1040_US,1,1,0,48,-1897.8223,625.6934
117592,1030,90.5273,1040,RIGHT_1040_US,1,1,0,48,-1897.7344,625.7812
117632,1063,93.4277,1040,RIGHT_1040_US,1,1,0,48,-1894.8340,628.6816
117672,1049,92.1973,1040,RIGHT_1040_US,1,1,0,48,-1896.0645,627.4512
117712,1084,95.2734,1040,RIGHT_1040_US,1,1,0,48,-1892.9883,630.5273
117752,1077,94.6582,1040,RIGHT_1040_US,1,1,0,48,-1893.6035,629.9121
117792,1090,95.8008,1040,RIGHT_1040_US,1,1,0,48,-1892.4609,631.0547
117832,1122,98.6133,1040,RIGHT_1040_US,1,1,0,48,-1889.6484,633.8672
117872,1133,99.5801,1040,RIGHT_1040_US,1,1,0,48,-1888.6816,634.8340
117912,1120,98.4375,1040,RIGHT_1040_US,1,1,0,48,-1889.8242,633.6914
117952,1149,100.9863,1040,RIGHT_1040_US,1,1,0,48,-1887.2754,636.2402
117992,1139,100.1074,1040,RIGHT_1040_US,1,1,0,48,-1888.1543,635.3613
118032,1170,102.8320,1040,RIGHT_1040_US,1,1,0,48,-1885.4297,638.0859
118072,1171,102.9199,1040,RIGHT_1040_US,1,1,0,48,-1885.3418,638.1738
118112,1180,103.7109,1040,RIGHT_1040_US,1,1,0,48,-1884.5508,638.9648
118152,1204,105.8203,1040,RIGHT_1040_US,1,1,0,48,-1882.4414,641.0742
118192,1200,105.4688,1040,RIGHT_1040_US,1,1,0,48,-1882.7930,640.7227
118232,1211,106.4355,1040,RIGHT_1040_US,1,1,0,48,-1881.8262,641.6895
118272,2047,179.9121,1040,RIGHT_1040_US,1,0,1,48,-1881.8262,641.6895
118312,1251,109.9512,1040,RIGHT_1040_US,1,1,0,48,-1878.3105,645.2051
118352,1235,108.5449,1040,RIGHT_1040_US,1,1,0,48,-1879.7168,643.7988
118392,1242,109.1602,1040,RIGHT_1040_US,1,1,0,48,-1879.1016,644.4141
118432,1274,111.9727,1040,RIGHT_1040_US,1,1,0,48,-1876.2891,647.2266
118472,1261,110.8301,1040,RIGHT_1040_US,1,1,0,48,-1877.4316,646.0840
118512,1273,111.8848,1040,RIGHT_1040_US,1,1,0,48,-1876.3770,647.1387
118552,1307,114.8730,1040,RIGHT_1040_US,1,1,0,48,-1873.3887,650.1270
118592,1309,115.0488,1040,RIGHT_1040_US,1,1,0,48,-1873.2129,650.3027
118632,-1,-1.0000,1040,RIGHT_1040_US,0,0,0,0,-1873.2129,650.3027
118672,1322,116.1914,1040,RIGHT_1040_US,1,1,0,48,-1872.0703,651.4453
118712,1348,118.4766,1040,RIGHT_1040_US,1,1,0,48,-1869.7852,653.7305
118752,1338,117.5977,1040,RIGHT_1040_US,1,1,0,48,-1870.6641,652.8516
118792,1348,118.4766,1040,RIGHT_1040_US,1,1,0,48,-1869.7852,653.7305
118832,1375,120.8496,1040,RIGHT_1040_US,1,1,0,48,-1867.4121,656.1035
118872,1389,122.0801,1040,RIGHT_1040_US,1,1,0,48,-1866.1816,657.3340
118912,1376,120.9375,1040,RIGHT_1040_US,1,1,0,48,-1867.3242,656.1914
118952,1409,123.8379,1040,RIGHT_1040_US,1,1,0,48,-1864.4238,659.0918
118992,1406,123.5742,1040,RIGHT_1040_US,1,1,0,48,-1864.6875,658.8281
119032,1431,125.7715,1040,RIGHT_1040_US,1,1,0,48,-1862.4902,661.0254
119072,1423,125.0684,1040,RIGHT_1040_US,1,1,0,48,-1863.1934,660.3223
119112,1448,127.2656,1040,RIGHT_1040_US,1,1,0,48,-1860.9961,662.5195
119152,1437,126.2988,1040,RIGHT_1040_US,1,1,0,48,-1861.9629,661.5527
119192,1459,128.2324,1040,RIGHT_1040_US,1,1,0,48,-1860.0293,663.4863
119232,1459,128.2324,1040,RIGHT_1040_US,1,1,0,48,-1860.0293,663.4863
119272,1478,129.9023,1040,RIGHT_1040_US,1,1,0,48,-1858.3594,665.1562
119312,1501,131.9238,1040,RIGHT_1040_US,1,1,0,48,-1856.3379,667.1777
119352,1509,132.6270,1040,RIGHT_1040_US,1,1,0,48,-1855.6348,667.8809
119392,1500,131.8359,1040,RIGHT_1040_US,1,1,0,48,-1856.4258,667.0898
119432,1530,134.4727,1040,RIGHT_1040_US,1,1,0,48,-1853.7891,669.7266
119472,1533,134.7363,1040,RIGHT_1040_US,1,1,0,48,-1853.5254,669.9902
119512,1547,135.9668,1040,RIGHT_1040_US,1,1,0,48,-1852.2949,671.2207
119552,1549,136.1426,1040,RIGHT_1040_US,1,1,0,48,-1852.1191,671.3965
119592,1563,137.3730,1040,RIGHT_1040_US,1,1,0,48,-1850.8887,672.6270
119632,1568,137.8125,1040,RIGHT_1040_US,1,1,0,48,-1850.4492,673.0664
119672,-1,-1.0000,1040,RIGHT_1040_US,0,0,0,0,-1850.4492,673.0664
119712,1585,139.3066,1040,RIGHT_1040_US,1,1,0,48,-1848.9551,674.5605
119752,1600,140.6250,1040,RIGHT_1040_US,1,1,0,48,-1847.6367,675.8789
119792,1615,141.9434,1040,RIGHT_1040_US,1,1,0,48,-1846.3184,677.1973
119832,1631,143.3496,1040,RIGHT_1040_US,1,1,0,48,-1844.9121,678.6035
119872,1631,143.3496,1040,RIGHT_1040_US,1,1,0,48,-1844.9121,678.6035
119912,1640,144.1406,1040,RIGHT_1040_US,1,1,0,48,-1844.1211,679.3945
119952,1660,145.8984,1040,RIGHT_1040_US,1,1,0,48,-1842.3633,681.1523
119992,1663,146.1621,1040,RIGHT_1040_US,1,1,0,48,-1842.0996,681.4160
120032,1675,147.2168,1040,RIGHT_1040_US,1,1,0,48,-1841.0449,682.4707
120072,1697,149.1504,1040,RIGHT_1040_US,1,1,0,48,-1839.1113,684.4043
120112,1697,149.1504,1040,RIGHT_1040_US,1,1,0,48,-1839.1113,684.4043
120152,1711,150.3809,1040,RIGHT_1040_US,1,1,0,48,-1837.8809,685.6348
120193,1724,151.5234,1040,RIGHT_1040_US,1,1,0,48,-1836.7383,686.7773
120232,1741,153.0176,1040,RIGHT_1040_US,1,1,0,48,-1835.2441,688.2715
120272,1744,153.2812,1040,RIGHT_1040_US,1,1,0,48,-1834.9805,688.5352
120312,1764,155.0391,1040,RIGHT_1040_US,1,1,0,48,-1833.2227,690.2930
120352,1772,155.7422,1040,RIGHT_1040_US,1,1,0,48,-1832.5195,690.9961
120392,1779,156.3574,1040,RIGHT_1040_US,1,1,0,48,-1831.9043,691.6113
120432,1791,157.4121,1040,RIGHT_1040_US,1,1,0,48,-1830.8496,692.6660
120472,1813,159.3457,1040,RIGHT_1040_US,1,1,0,48,-1828.9160,694.5996
120512,1824,160.3125,1040,RIGHT_1040_US,1,1,0,48,-1827.9492,695.5664
120552,1832,161.0156,1040,RIGHT_1040_US,1,1,0,48,-1827.2461,696.2695
120592,1842,161.8945,1040,RIGHT_1040_US,1,1,0,48,-1826.3672,697.1484
120632,1857,163.2129,1040,RIGHT_1040_US,1,1,0,48,-1825.0488,698.4668
120672,1867,164.0918,1040,RIGHT_1040_US,1,1,0,48,-1824.1699,699.3457
120712,1877,164.9707,1040,RIGHT_1040_US,1,1,0,48,-1823.2910,700.2246
120752,1890,166.1133,1040,RIGHT_1040_US,1,1,0,48,-1822.1484,701.3672
120792,1901,167.0801,1040,RIGHT_1040_US,1,1,0,48,-1821.1816,702.3340
120832,4095,359.9121,1040,RIGHT_1040_US,1,0,1,48,-1821.1816,702.3340
120872,1923,169.0137,1040,RIGHT_1040_US,1,1,0,48,-1819.2480,704.2676
120912,1936,170.1562,1040,RIGHT_1040_US,1,1,0,48,-1818.1055,705.4102
120952,1946,171.0352,1040,RIGHT_1040_US,1,1,0,48,-1817.2266,706.2891
120992,1955,171.8262,1040,RIGHT_1040_US,1,1,0,48,-1816.4355,707.0801
121032,1969,173.0566,1040,RIGHT_1040_US,1,1,0,48,-1815.2051,708.3105
121072,1982,174.1992,1040,RIGHT_1040_US,1,1,0,48,-1814.0625,709.4531
121112,1992,175.0781,1040,RIGHT_1040_US,1,1,0,48,-1813.1836,710.3320
121153,2008,176.4844,1040,RIGHT_1040_US,1,1,0,48,-1811.7773,711.7383
121192,2015,177.0996,1040,RIGHT_1040_US,1,1,0,48,-1811.1621,712.3535
121233,2029,178.3301,1040,RIGHT_1040_US,1,1,0,48,-1809.9316,713.5840
121272,-1,-1.0000,1040,RIGHT_1040_US,0,0,0,0,-1809.9316,713.5840
121312,-1,-1.0000,1040,RIGHT_1040_US,0,0,0,0,-1809.9316,713.5840
121352,2058,180.8789,1040,RIGHT_1040_US,1,1,0,48,-1807.3828,716.1328
121392,2075,182.3730,1040,RIGHT_1040_US,1,1,0,48,-1805.8887,717.6270
121432,2084,183.1641,1040,RIGHT_1040_US,1,1,0,48,-1805.0977,718.4180
121472,2094,184.0430,1040,RIGHT_1040_US,1,1,0,48,-1804.2188,719.2969
121512,2103,184.8340,1040,RIGHT_1040_US,1,1,0,48,-1803.4277,720.0879
121552,2114,185.8008,1040,RIGHT_1040_US,1,1,0,48,-1802.4609,721.0547
121592,2129,187.1191,1040,RIGHT_1040_US,1,1,0,48,-1801.1426,722.3730
121632,2139,187.9980,1040,RIGHT_1040_US,1,1,0,48,-1800.2637,723.2520
121672,2155,189.4043,1040,RIGHT_1040_US,1,1,0,48,-1798.8574,724.6582
121712,2164,190.1953,1040,RIGHT_1040_US,1,1,0,48,-1798.0664,725.4492
121752,2171,190.8105,1040,RIGHT_1040_US,1,1,0,48,-1797.4512,726.0645
121792,-1,-1.0000,1040,RIGHT_1040_US,0,0,0,0,-1797.4512,726.0645
121832,2195,192.9199,1040,RIGHT_1040_US,1,1,0,48,-1795.3418,728.1738
121872,2214,194.5898,1040,RIGHT_1040_US,1,1,0,48,-1793.6719,729.8438
121912,2219,195.0293,1040,RIGHT_1040_US,1,1,0,48,-1793.2324,730.2832
121952,2233,196.2598,1040,RIGHT_1040_US,1,1,0,48,-1792.0020,731.5137
121992,2245,197.3145,1040,RIGHT_1040_US,1,1,0,48,-1790.9473,732.5684
122032,2262,198.8086,1040,RIGHT_1040_US,1,1,0,48,-1789.4531,734.0625
122072,2266,199.1602,1040,RIGHT_1040_US,1,1,0,48,-1789.1016,734.4141
122112,2280,200.3906,1040,RIGHT_1040_US,1,1,0,48,-1787.8711,735.6445
122152,2286,200.9180,1040,RIGHT_1040_US,1,1,0,48,-1787.3438,736.1719
122192,2304,202.5000,1040,RIGHT_1040_US,1,1,0,48,-1785.7617,737.7539
122232,2320,203.9062,1040,RIGHT_1040_US,1,1,0,48,-1784.3555,739.1602
122272,2330,204.7852,1040,RIGHT_1040_US,1,1,0,48,-1783.4766,740.0391
122312,2336,205.3125,1040,RIGHT_1040_US,1,1,0,48,-1782.9492,740.5664
122352,2352,206.7188,1040,RIGHT_1040_US,1,1,0,48,-1781.5430,741.9727
122392,2357,207.1582,1040,RIGHT_1040_US,1,1,0,48,-1781.1035,742.4121
122432,2376,208.8281,1040,RIGHT_1040_US,1,1,0,48,-1779.4336,744.0820
122472,2385,209.6191,1040,RIGHT_1040_US,1,1,0,48,-1778.6426,744.8730
122512,2392,210.2344,1040,RIGHT_1040_US,1,1,0,48,-1778.0273,745.4883
122552,2413,212.0801,1040,RIGHT_1040_US,1,1,0,48,-1776.1816,747.3340
122592,2425,213.1348,1040,RIGHT_1040_US,1,1,0,48,-1775.1270,748.3887
122632,2424,213.0469,1040,RIGHT_1040_US,1,1,0,48,-1775.2148,748.3008
122672,2431,213.6621,1040,RIGHT_1040_US,1,1,0,48,-1774.5996,748.9160
122712,2444,214.8047,1040,RIGHT_1040_US,1,1,0,48,-1773.4570,750.0586
122752,2453,215.5957,1040,RIGHT_1040_US,1,1,0,48,-1772.6660,750.8496
122792,2463,216.4746,1040,RIGHT_1040_US,1,1,0,48,-1771.7871,751.7285
122832,2478,217.7930,1040,RIGHT_1040_US,1,1,0,48,-1770.4688,753.0469
122872,2495,219.2871,1040,RIGHT_1040_US,1,1,0,48,-1768.9746,754.5410
122912,2509,220.5176,1040,RIGHT_1040_US,1,1,0,48,-1767.7441,755.7715
122952,2514,220.9570,1040,RIGHT_1040_US,1,1,0,48,-1767.3047,756.2109
122992,2519,221.3965,1040,RIGHT_1040_US,1,1,0,48,-1766.8652,756.6504
123032,2528,222.1875,1040,RIGHT_1040_US,1,1,0,48,-1766.0742,757.4414
123072,2543,223.5059,1040,RIGHT_1040_US,1,1,0,48,-1764.7559,758.7598
123112,2550,224.1211,1040,RIGHT_1040_US,1,1,0,48,-1764.1406,759.3750
123152,2562,225.1758,1040,RIGHT_1040_US,1,1,0,48,-1763.0859,760.4297
123192,2570,225.8789,1040,RIGHT_1040_US,1,1,0,48,-1762.3828,761.1328
123232,2591,227.7246,1040,RIGHT_1040_US,1,1,0,48,-1760.5371,762.9785
123272,2602,228.6914,1040,RIGHT_1040_US,1,1,0,48,-1759.5703,763.9453
123312,2613,229.6582,1040,RIGHT_1040_US,1,1,0,48,-1758.6035,764.9121
123352,2615,229.8340,1040,RIGHT_1040_US,1,1,0,48,-1758.4277,765.0879
123392,2639,231.9434,1040,RIGHT_1040_US,1,1,0,48,-1756.3184,767.1973
123432,2648,232.7344,1040,RIGHT_1040_US,1,1,0,48,-1755.5273,767.9883
123472,2649,232.8223,1040,RIGHT_1040_US,1,1,0,48,-1755.4395,768.0762
123512,-1,-1.0000,1040,RIGHT_1040_US,0,0,0,0,-1755.4395,768.0762
123552,2675,235.1074,1040,RIGHT_1040_US,1,1,0,48,-1753.1543,770.3613
123592,2686,236.0742,1040,RIGHT_1040_US,1,1,0,48,-1752.1875,771.3281
123632,2709,238.0957,1040,RIGHT_1040_US,1,1,0,48,-1750.1660,773.3496
123672,2700,237.3047,1040,RIGHT_1040_US,1,1,0,48,-1750.9570,772.5586
123712,2708,238.0078,1040,RIGHT_1040_US,1,1,0,48,-1750.2539,773.2617
123752,2719,238.9746,1040,RIGHT_1040_US,1,1,0,48,-1749.2871,774.2285
123792,2749,241.6113,1040,RIGHT_1040_US,1,1,0,48,-1746.6504,776.8652
123832,2763,242.8418,1040,RIGHT_1040_US,1,1,0,48,-1745.4199,778.0957
123872,2768,243.2812,1040,RIGHT_1040_US,1,1,0,48,-1744.9805,778.5352
123912,2764,242.9297,1040,RIGHT_1040_US,1,1,0,48,-1745.3320,778.1836
123952,2788,245.0391,1040,RIGHT_1040_US,1,1,0,48,-1743.2227,780.2930
123992,2784,244.6875,1040,RIGHT_1040_US,1,1,0,48,-1743.5742,779.9414
124032,2794,245.5664,1040,RIGHT_1040_US,1,1,0,48,-1742.6953,780.8203
124072,2829,248.6426,1040,RIGHT_1040_US,1,1,0,48,-1739.6191,783.8965
124112,2837,249.3457,1040,RIGHT_1040_US,1,1,0,48,-1738.9160,784.5996
124152,2843,249.8730,1040,RIGHT_1040_US,1,1,0,48,-1738.3887,785.1270
124192,2856,251.0156,1040,RIGHT_1040_US,1,1,0,48,-1737.2461,786.2695
124232,2847,250.2246,1040,RIGHT_1040_US,1,1,0,48,-1738.0371,785.4785
124272,2858,251.1914,1040,RIGHT_1040_US,1,1,0,48,-1737.0703,786.4453
124312,2876,252.7734,1040,RIGHT_1040_US,1,1,0,48,-1735.4883,788.0273
124352,2882,253.3008,1040,RIGHT_1040_US,1,1,0,48,-1734.9609,788.5547
124392,2890,254.0039,1040,RIGHT_1040_US,1,1,0,48,-1734.2578,789.2578
124432,2899,254.7949,1040,RIGHT_1040_US,1,1,0,48,-1733.4668,790.0488
124472,2935,257.9590,1040,RIGHT_1040_US,1,1,0,48,-1730.3027,793.2129
124512,2928,257.3438,1040,RIGHT_1040_US,1,1,0,48,-1730.9180,792.5977
124552,2948,259.1016,1040,RIGHT_1040_US,1,1,0,48,-1729.1602,794.3555
124592,2966,260.6836,1040,RIGHT_1040_US,1,1,0,48,-1727.5781,795.9375
124632,2973,261.2988,1040,RIGHT_1040_US,1,1,0,48,-1726.9629,796.5527
124672,2972,261.2109,1040,RIGHT_1040_US,1,1,0,48,-1727.0508,796.4648
124712,2998,263.4961,1040,RIGHT_1040_US,1,1,0,48,-1724.7656,798.7500
124752,3007,264.2871,1040,RIGHT_1040_US,1,1,0,48,-1723.9746,799.5410
124792,2996,263.3203,1040,RIGHT_1040_US,1,1,0,48,-1724.9414,798.5742
124832,3008,264.3750,1040,RIGHT_1040_US,1,1,0,48,-1723.8867,799.6289
124872,3023,265.6934,1040,RIGHT_1040_US,1,1,0,48,-1722.5684,800.9473
124913,3045,267.6270,1040,RIGHT_1040_US,1,1,0,48,-1720.6348,802.8809
124952,3047,267.8027,1040,RIGHT_1040_US,1,1,0,48,-1720.4590,803.0566
124992,3072,270.0000,1040,RIGHT_1040_US,1,1,0,48,-1718.2617,805.2539
125032,3058,268.7695,1040,RIGHT_1040_US,1,1,0,48,-1719.4922,804.0234
125072,3082,270.8789,1040,RIGHT_1040_US,1,1,0,48,-1717.3828,806.1328
125112,3106,272.9883,1040,RIGHT_1040_US,1,1,0,48,-1715.2734,808.2422
125152,3113,273.6035,1040,RIGHT_1040_US,1,1,0,48,-1714.6582,808.8574
125192,2559,224.9121,1040,RIGHT_1040_US,1,0,1,48,-1714.6582,808.8574
125232,3123,274.4824,1040,RIGHT_1040_US,1,1,0,48,-1713.7793,809.7363
125272,3149,276.7676,1040,RIGHT_1040_US,1,1,0,48,-1711.4941,812.0215
125312,3162,277.9102,1040,RIGHT_1040_US,1,1,0,48,-1710.3516,813.1641
125352,3175,279.0527,1040,RIGHT_1040_US,1,1,0,48,-1709.2090,814.3066
125392,3163,277.9980,1040,RIGHT_1040_US,1,1,0,48,-1710.2637,813.2520
125432,3181,279.5801,1040,RIGHT_1040_US,1,1,0,48,-1708.6816,814.8340
125472,3192,280.5469,1040,RIGHT_1040_US,1,1,0,48,-1707.7148,815.8008
125512,-1,-1.0000,1040,RIGHT_1040_US,0,0,0,0,-1707.7148,815.8008
125552,3208,281.9531,1040,RIGHT_1040_US,1,1,0,48,-1706.3086,817.2070
125592,3224,283.3594,1040,RIGHT_1040_US,1,1,0,48,-1704.9023,818.6133
125632,3239,284.6777,1040,RIGHT_1040_US,1,1,0,48,-1703.5840,819.9316
125672,3247,285.3809,1040,RIGHT_1040_US,1,1,0,48,-1702.8809,820.6348
125712,3283,288.5449,1040,RIGHT_1040_US,1,1,0,48,-1699.7168,823.7988
125752,3281,288.3691,1040,RIGHT_1040_US,1,1,0,48,-1699.8926,823.6230
125792,3297,289.7754,1040,RIGHT_1040_US,1,1,0,48,-1698.4863,825.0293
125832,3321,291.8848,1040,RIGHT_1040_US,1,1,0,48,-1696.3770,827.1387
125872,3331,292.7637,1040,RIGHT_1040_US,1,1,0,48,-1695.4980,828.0176
125912,3324,292.1484,1040,RIGHT_1040_US,1,1,0,48,-1696.1133,827.4023
125952,3346,294.0820,1040,RIGHT_1040_US,1,1,0,48,-1694.1797,829.3359
125992,3350,294.4336,1040,RIGHT_1040_US,1,1,0,48,-1693.8281,829.6875
126032,3370,296.1914,1040,RIGHT_1040_US,1,1,0,48,-1692.0703,831.4453
126072,3402,299.0039,1040,RIGHT_1040_US,1,1,0,48,-1689.2578,834.2578
126112,3393,298.2129,1040,RIGHT_1040_US,1,1,0,48,-1690.0488,833.4668
126152,3413,299.9707,1040,RIGHT_1040_US,1,1,0,48,-1688.2910,835.2246
126192,3425,301.0254,1040,RIGHT_1040_US,1,1,0,48,-1687.2363,836.2793
126232,3451,303.3105,1040,RIGHT_1040_US,1,1,0,48,-1684.9512,838.5645
126272,3449,303.1348,1040,RIGHT_1040_US,1,1,0,48,-1685.1270,838.3887
126312,3488,306.5625,1040,RIGHT_1040_US,1,1,0,48,-1681.6992,841.8164
126352,3481,305.9473,1040,RIGHT_1040_US,1,1,0,48,-1682.3145,841.2012
126392,3501,307.7051,1040,RIGHT_1040_US,1,1,0,48,-1680.5566,842.9590
126432,3509,308.4082,1040,RIGHT_1040_US,1,1,0,48,-1679.8535,843.6621
126473,3533,310.5176,1040,RIGHT_1040_US,1,1,0,48,-1677.7441,845.7715
126512,3536,310.7812,1040,RIGHT_1040_US,1,1,0,48,-1677.4805,846.0352
126552,3558,312.7148,1040,RIGHT_1040_US,1,1,0,48,-1675.5469,847.9688
126592,3561,312.9785,1040,RIGHT_1040_US,1,1,0,48,-1675.2832,848.2324
126632,3588,315.3516,1040,RIGHT_1040_US,1,1,0,48,-1672.9102,850.6055
126672,3584,315.0000,1040,RIGHT_1040_US,1,1,0,48,-1673.2617,850.2539
126712,3598,316.2305,1040,RIGHT_1040_US,1,1,0,48,-1672.0312,851.4844
126752,3611,317.3730,1040,RIGHT_1040_US,1,1,0,48,-1670.8887,852.6270
126792,3648,320.6250,1040,RIGHT_1040_US,1,1,0,48,-1667.6367,855.8789
126832,3658,321.5039,1040,RIGHT_1040_US,1,1,0,48,-1666.7578,856.7578
126872,3675,322.9980,1040,RIGHT_1040_US,1,1,0,48,-1665.2637,858.2520
126912,3688,324.1406,1040,RIGHT_1040_US,1,1,0,48,-1664.1211,859.3945
126952,3684,323.7891,1040,RIGHT_1040_US,1,1,0,48,-1664.4727,859.0430
126992,3711,326.1621,1040,RIGHT_1040_US,1,1,0,48,-1662.0996,861.4160
127032,3728,327.6562,1040,RIGHT_1040_US,1,1,0,48,-1660.6055,862.9102
127072,3727,327.5684,1040,RIGHT_1040_US,1,1,0,48,-1660.6934,862.8223
127112,3759,330.3809,1040,RIGHT_1040_US,1,1,0,48,-1657.8809,865.6348
127152,3774,331.6992,1040,RIGHT_1040_US,1,1,0,48,-1656.5625,866.9531
127192,3784,332.5781,1040,RIGHT_1040_US,1,1,0,48,-1655.6836,867.8320
127232,3801,334.0723,1040,RIGHT_1040_US,1,1,0,48,-1654.1895,869.3262
127274,3815,335.3027,1040,RIGHT_1040_US,1,1,0,48,-1652.9590,870.5566
127313,3821,335.8301,1040,RIGHT_1040_US,1,1,0,48,-1652.4316,871.0840
127352,3842,337.6758,1040,RIGHT_1040_US,1,1,0,48,-1650.5859,872.9297
127392,3858,339.0820,1040,RIGHT_1040_US,1,1,0,48,-1649.1797,874.3359
127432,3870,340.1367,1040,RIGHT_1040_US,1,1,0,48,-1648.1250,875.3906
127472,3894,342.2461,1040,RIGHT_1040_US,1,1,0,48,-1646.0156,877.5000
127512,3910,343.6523,1040,RIGHT_1040_US,1,1,0,48,-1644.6094,878.9062
127552,3926,345.0586,1040,RIGHT_1040_US,1,1,0,48,-1643.2031,880.3125
127592,3937,346.0254,1040,RIGHT_1040_US,1,1,0,48,-1642.2363,881.2793
127632,3954,347.5195,1040,RIGHT_1040_US,1,1,0,48,-1640.7422,882.7734
127672,3958,347.8711,1040,RIGHT_1040_US,1,1,0,48,-1640.3906,883.1250
127712,3982,349.9805,1040,RIGHT_1040_US,1,1,0,48,-1638.2812,885.2344
127752,4000,351.5625,1040,RIGHT_1040_US,1,1,0,48,-1636.6992,886.8164
127792,4013,352.7051,1040,RIGHT_1040_US,1,1,0,48,-1635.5566,887.9590
127832,4031,354.2871,1040,RIGHT_1040_US,1,1,0,48,-1633.9746,889.5410
127873,4043,355.3418,1040,RIGHT_1040_US,1,1,0,48,-1632.9199,890.5957
127912,4061,356.9238,1040,RIGHT_1040_US,1,1,0,48,-1631.3379,892.1777
127952,4073,357.9785,1040,RIGHT_1040_US,1,1,0,48,-1630.2832,893.2324
127992,4090,359.4727,1040,RIGHT_1040_US,1,1,0,48,-1628.7891,894.7266
128032,13,1.1426,1040,RIGHT_1040_US,1,1,0,48,-1627.1191,896.3965
128072,30,2.6367,1040,RIGHT_1040_US,1,1,0,48,-1625.6250,897.8906
128112,50,4.3945,1040,RIGHT_1040_US,1,1,0,48,-1623.8672,899.6484
128152,59,5.1855,1040,RIGHT_1040_US,1,1,0,48,-1623.0762,900.4395
128192,73,6.4160,1040,RIGHT_1040_US,1,1,0,48,-1621.8457,901.6699
128232,91,7.9980,1040,RIGHT_1040_US,1,1,0,48,-1620.2637,903.2520
128272,110,9.6680,1040,RIGHT_1040_US,1,1,0,48,-1618.5938,904.9219
128312,126,11.0742,1040,RIGHT_1040_US,1,1,0,48,-1617.1875,906.3281
128352,143,12.5684,1040,RIGHT_1040_US,1,1,0,48,-1615.6934,907.8223
128392,163,14.3262,1040,RIGHT_1040_US,1,1,0,48,-1613.9355,909.5801
128432,179,15.7324,1040,RIGHT_1040_US,1,1,0,48,-1612.5293,910.9863
128472,196,17.2266,1040,RIGHT_1040_US,1,1,0,48,-1611.0352,912.4805
128512,214,18.8086,1040,RIGHT_1040_US,1,1,0,48,-1609.4531,914.0625
128552,222,19.5117,1040,RIGHT_1040_US,1,1,0,48,-1608.7500,914.7656
128592,243,21.3574,1040,RIGHT_1040_US,1,1,0,48,-1606.9043,916.6113
128632,252,22.1484,1040,RIGHT_1040_US,1,1,0,48,-1606.1133,917.4023
128672,282,24.7852,1040,RIGHT_1040_US,1,1,0,48,-1603.4766,920.0391
128712,296,26.0156,1040,RIGHT_1040_US,1,1,0,48,-1602.2461,921.2695
128752,-1,-1.0000,1040,RIGHT_1040_US,0,0,0,0,-1602.2461,921.2695
128792,325,28.5645,1040,RIGHT_1040_US,1,1,0,48,-1599.6973,923.8184
128832,344,30.2344,1040,RIGHT_1040_US,1,1,0,16,-1598.0273,925.4883
128872,365,32.0801,1040,RIGHT_1040_US,1,1,0,48,-1596.1816,927.3340
128912,365,32.0801,1040,RIGHT_1040_US,1,1,0,48,-1596.1816,927.3340
128952,380,33.3984,1040,RIGHT_1040_US,1,1,0,48,-1594.8633,928.6523
128992,410,36.0352,1040,RIGHT_1040_US,1,1,0,48,-1592.2266,931.2891
129032,428,37.6172,1040,RIGHT_1040_US,1,1,0,48,-1590.6445,932.8711
129072,440,38.6719,1040,RIGHT_1040_US,1,1,0,48,-1589.5898,933.9258
129112,457,40.1660,1040,RIGHT_1040_US,1,1,0,48,-1588.0957,935.4199
129152,481,42.2754,1040,RIGHT_1040_US,1,1,0,48,-1585.9863,937.5293
129192,476,41.8359,1040,RIGHT_1040_US,1,1,0,48,-1586.4258,937.0898
129232,497,43.6816,1040,RIGHT_1040_US,1,1,0,48,-1584.5801,938.9355
129272,511,44.9121,1040,RIGHT_1040_US,1,1,0,48,-1583.3496,940.1660
129312,525,46.1426,1040,RIGHT_1040_US,1,1,0,48,-1582.1191,941.3965
129352,541,47.5488,1040,RIGHT_1040_US,1,1,0,48,-1580.7129,942.8027
129392,554,48.6914,1040,RIGHT_1040_US,1,1,0,48,-1579.5703,943.9453
129432,593,52.1191,1040,RIGHT_1040_US,1,1,0,48,-1576.1426,947.3730
129472,609,53.5254,1040,RIGHT_1040_US,1,1,0,48,-1574.7363,948.7793
129512,615,54.0527,1040,RIGHT_1040_US,1,1,0,48,-1574.2090,949.3066
129552,4095,359.9121,1040,RIGHT_1040_US,1,0,1,32,-1574.2090,949.3066
129592,654,57.4805,1040,RIGHT_1040_US,1,1,0,48,-1570.7812,952.7344
129633,649,57.0410,1040,RIGHT_1040_US,1,1,0,48,-1571.2207,952.2949
129672,682,59.9414,1040,RIGHT_1040_US,1,1,0,48,-1568.3203,955.1953
129712,698,61.3477,1040,RIGHT_1040_US,1,1,0,48,-1566.9141,956.6016
129752,713,62.6660,1040,RIGHT_1040_US,1,1,0,48,-1565.5957,957.9199
129792,729,64.0723,1040,RIGHT_1040_US,1,1,0,48,-1564.1895,959.3262
129832,744,65.3906,1040,RIGHT_1040_US,1,1,0,48,-1562.8711,960.6445
129872,-1,-1.0000,1040,RIGHT_1040_US,0,0,0,0,-1562.8711,960.6445
129913,747,65.6543,1040,RIGHT_1040_US,1,1,0,48,-1562.6074,960.9082
129952,781,68.6426,1040,RIGHT_1040_US,1,1,0,48,-1559.6191,963.8965
129992,792,69.6094,1040,RIGHT_1040_US,1,1,0,48,-1558.6523,964.8633
130032,779,68.4668,1040,RIGHT_1040_US,1,1,0,48,-1559.7949,963.7207
130072,814,71.5430,1040,RIGHT_1040_US,1,1,0,48,-1556.7188,966.7969
130112,819,71.9824,1040,RIGHT_1040_US,1,1,0,48,-1556.2793,967.2363
130152,2047,179.9121,1040,RIGHT_1040_US,1,0,1,48,-1556.2793,967.2363
130192,844,74.1797,1040,RIGHT_1040_US,1,1,0,48,-1554.0820,969.4336
130232,873,76.7285,1040,RIGHT_1040_US,1,1,0,48,-1551.5332,971.9824
130272,856,75.2344,1040,RIGHT_1040_US,1,1,0,48,-1553.0273,970.4883
130312,868,76.2891,1040,RIGHT_1040_US,1,1,0,48,-1551.9727,971.5430
130352,879,77.2559,1040,RIGHT_1040_US,1,1,0,48,-1551.0059,972.5098
130392,891,78.3105,1040,RIGHT_1040_US,1,1,0,48,-1549.9512,973.5645
130432,905,79.5410,1040,RIGHT_1040_US,1,1,0,48,-1548.7207,974.7949
130472,916,80.5078,1040,RIGHT_1040_US,1,1,0,48,-1547.7539,975.7617
130512,951,83.5840,1040,RIGHT_1040_US,1,1,0,48,-1544.6777,978.8379
130552,969,85.1660,1040,RIGHT_1040_US,1,1,0,48,-1543.0957,980.4199
130592,975,85.6934,1040,RIGHT_1040_US,1,1,0,48,-1542.5684,980.9473
130632,960,84.3750,1040,RIGHT_1040_US,1,1,0,48,-1543.8867,979.6289
130672,1000,87.8906,1040,RIGHT_1040_US,1,1,0,48,-1540.3711,983.1445
130712,984,86.4844,1040,RIGHT_1040_US,1,1,0,48,-1541.7773,981.7383
130752,996,87.5391,1040,RIGHT_1040_US,1,1,0,48,-1540.7227,982.7930
130792,1010,88.7695,1040,RIGHT_1040_US,1,1,0,48,-1539.4922,984.0234
130832,1026,90.1758,1040,RIGHT_1040_US,1,1,0,48,-1538.0859,985.4297
130872,1045,91.8457,1040,RIGHT_1040_US,1,1,0,48,-1536.4160,987.0996
130912,1053,92.5488,1040,RIGHT_1040_US,1,1,0,48,-1535.7129,987.8027
130952,1075,94.4824,1040,RIGHT_1040_US,1,1,0,48,-1533.7793,989.7363
130992,1093,96.0645,1040,RIGHT_1040_US,1,1,0,48,-1532.1973,991.3184
131032,1087,95.5371,1040,RIGHT_1040_US,1,1,0,48,-1532.7246,990.7910
131072,1086,95.4492,1040,RIGHT_1040_US,1,1,0,48,-1532.8125,990.7031
131112,1119,98.3496,1040,RIGHT_1040_US,1,1,0,48,-1529.9121,993.6035
131152,1107,97.2949,1040,RIGHT_1040_US,1,1,0,48,-1530.9668,992.5488
131192,1119,98.3496,1040,RIGHT_1040_US,1,1,0,48,-1529.9121,993.6035
131232,1129,99.2285,1040,RIGHT_1040_US,1,1,0,48,-1529.0332,994.4824
131272,1139,100.1074,1040,RIGHT_1040_US,1,1,0,48,-1528.1543,995.3613
131312,1160,101.9531,1040,RIGHT_1040_US,1,1,0,48,-1526.3086,997.2070
131352,1188,104.4141,1040,RIGHT_1040_US,1,1,0,48,-1523.8477,999.6680
131392,1185,104.1504,1040,RIGHT_1040_US,1,1,0,48,-1524.1113,999.4043
131432,1203,105.7324,1040,RIGHT_1040_US,1,1,0,48,-1522.5293,1000.9863
131472,1222,107.4023,1040,RIGHT_1040_US,1,1,0,48,-1520.8594,1002.6562
131512,1225,107.6660,1040,RIGHT_1040_US,1,1,0,48,-1520.5957,1002.9199
131552,1238,108.8086,1040,RIGHT_1040_US,1,1,0,48,-1519.4531,1004.0625
131592,1228,107.9297,1040,RIGHT_1040_US,1,1,0,48,-1520.3320,1003.1836
131632,1252,110.0391,1040,RIGHT_1040_US,1,1,0,48,-1518.2227,1005.2930
131672,1246,109.5117,1040,RIGHT_1040_US,1,1,0,48,-1518.7500,1004.7656
131712,1256,110.3906,1040,RIGHT_1040_US,1,1,0,48,-1517.8711,1005.6445
131752,1280,112.5000,1040,RIGHT_1040_US,1,1,0,48,-1515.7617,1007.7539
131792,1279,112.4121,1040,RIGHT_1040_US,1,1,0,48,-1515.8496,1007.6660
131832,1306,114.7852,1040,RIGHT_1040_US,1,1,0,48,-1513.4766,1010.0391
131873,1323,116.2793,1040,RIGHT_1040_US,1,1,0,48,-1511.9824,1011.5332
131912,1320,116.0156,1040,RIGHT_1040_US,1,1,0,48,-1512.2461,1011.2695
131952,1322,116.1914,1040,RIGHT_1040_US,1,1,0,48,-1512.0703,1011.4453
131992,1351,118.7402,1040,RIGHT_1040_US,1,1,0,48,-1509.5215,1013.9941
132032,1342,117.9492,1040,RIGHT_1040_US,1,1,0,48,-1510.3125,1013.2031
132072,1356,119.1797,1040,RIGHT_1040_US,1,1,0,48,-1509.0820,1014.4336
132112,1357,119.2676,1040,RIGHT_1040_US,1,1,0,48,-1508.9941,1014.5215
132152,1386,121.8164,1040,RIGHT_1040_US,1,1,0,48,-1506.4453,1017.0703
132192,1394,122.5195,1040,RIGHT_1040_US,1,1,0,48,-1505.7422,1017.7734
132232,1397,122.7832,1040,RIGHT_1040_US,1,1,0,48,-1505.4785,1018.0371
132272,1402,123.2227,1040,RIGHT_1040_US,1,1,0,48,-1505.0391,1018.4766
132312,1420,124.8047,1040,RIGHT_1040_US,1,1,0,48,-1503.4570,1020.0586
132352,1429,125.5957,1040,RIGHT_1040_US,1,1,0,48,-1502.6660,1020.8496
132392,1446,127.0898,1040,RIGHT_1040_US,1,1,0,48,-1501.1719,1022.3438
132432,1439,126.4746,1040,RIGHT_1040_US,1,1,0,48,-1501.7871,1021.7285
132472,1471,129.2871,1040,RIGHT_1040_US,1,1,0,48,-1498.9746,1024.5410
132512,1480,130.0781,1040,RIGHT_1040_US,1,1,0,48,-1498.1836,1025.3320
132552,1486,130.6055,1040,RIGHT_1040_US,1,1,0,48,-1497.6562,1025.8594
132592,1496,131.4844,1040,RIGHT_1040_US,1,1,0,48,-1496.7773,1026.7383
132632,1510,132.7148,1040,RIGHT_1040_US,1,1,0,48,-1495.5469,1027.9688
132672,1510,132.7148,1040,RIGHT_1040_US,1,1,0,48,-1495.5469,1027.9688
132712,1516,133.2422,1040,RIGHT_1040_US,1,1,0,48,-1495.0195,1028.4961
132752,1522,133.7695,1040,RIGHT_1040_US,1,1,0,48,-1494.4922,1029.0234
132792,1535,134.9121,1040,RIGHT_1040_US,1,1,0,48,-1493.3496,1030.1660
132832,1544,135.7031,1040,RIGHT_1040_US,1,1,0,48,-1492.5586,1030.9570
132872,1560,137.1094,1040,RIGHT_1040_US,1,1,0,48,-1491.1523,1032.3633
132912,1580,138.8672,1040,RIGHT_1040_US,1,1,0,48,-1489.3945,1034.1211
132952,1588,139.5703,1040,RIGHT_1040_US,1,1,0,48,-1488.6914,1034.8242
132992,1595,140.1855,1040,RIGHT_1040_US,1,1,0,48,-1488.0762,1035.4395
133032,1611,141.5918,1040,RIGHT_1040_US,1,1,0,48,-1486.6699,1036.8457
133072,1620,142.3828,1040,RIGHT_1040_US,1,1,0,48,-1485.8789,1037.6367
133112,1625,142.8223,1040,RIGHT_1040_US,1,1,0,48,-1485.4395,1038.0762
133152,1634,143.6133,1040,RIGHT_1040_US,1,1,0,48,-1484.6484,1038.8672
133192,1656,145.5469,1040,RIGHT_1040_US,1,1,0,48,-1482.7148,1040.8008
133232,1660,145.8984,1040,RIGHT_1040_US,1,1,0,48,-1482.3633,1041.1523
133272,1677,147.3926,1040,RIGHT_1040_US,1,1,0,48,-1480.8691,1042.6465
133312,1694,148.8867,1040,RIGHT_1040_US,1,1,0,48,-1479.3750,1044.1406
133352,1703,149.6777,1040,RIGHT_1040_US,1,1,0,48,-1478.5840,1044.9316
133392,1714,150.6445,1040,RIGHT_1040_US,1,1,0,48,-1477.6172,1045.8984
133432,1727,151.7871,1040,RIGHT_1040_US,1,1,0,48,-1476.4746,1047.0410
133472,1736,152.5781,1040,RIGHT_1040_US,1,1,0,48,-1475.6836,1047.8320
133512,1737,152.6660,1040,RIGHT_1040_US,1,1,0,48,-1475.5957,1047.9199
133552,1752,153.9844,1040,RIGHT_1040_US,1,1,0,48,-1474.2773,1049.2383
133592,-1,-1.0000,1040,RIGHT_1040_US,0,0,0,0,-1474.2773,1049.2383
133632,1776,156.0938,1040,RIGHT_1040_US,1,1,0,48,-1472.1680,1051.3477
133672,1786,156.9727,1040,RIGHT_1040_US,1,1,0,48,-1471.2891,1052.2266
133712,1804,158.5547,1040,RIGHT_1040_US,1,1,0,48,-1469.7070,1053.8086
133752,1816,159.6094,1040,RIGHT_1040_US,1,1,0,48,-1468.6523,1054.8633
133792,1827,160.5762,1040,RIGHT_1040_US,1,1,0,48,-1467.6855,1055.8301
133832,1837,161.4551,1040,RIGHT_1040_US,1,1,0,48,-1466.8066,1056.7090
133872,1847,162.3340,1040,RIGHT_1040_US,1,1,0,48,-1465.9277,1057.5879
133912,1857,163.2129,1040,RIGHT_1040_US,1,1,0,48,-1465.0488,1058.4668
133952,1871,164.4434,1040,RIGHT_1040_US,1,1,0,48,-1463.8184,1059.6973
133992,1889,166.0254,1040,RIGHT_1040_US,1,1,0,48,-1462.2363,1061.2793
134032,1890,166.1133,1040,RIGHT_1040_US,1,1,0,48,-1462.1484,1061.3672
134072,1905,167.4316,1040,RIGHT_1040_US,1,1,0,48,-1460.8301,1062.6855
134112,1924,169.1016,1040,RIGHT_1040_US,1,1,0,48,-1459.1602,1064.3555
134152,1924,169.1016,1040,RIGHT_1040_US,1,1,0,48,-1459.1602,1064.3555
134192,1938,170.3320,1040,RIGHT_1040_US,1,1,0,48,-1457.9297,1065.5859
134232,1951,171.4746,1040,RIGHT_1040_US,1,1,0,48,-1456.7871,1066.7285
134272,1961,172.3535,1040,RIGHT_1040_US,1,1,0,48,-1455.9082,1067.6074
134312,1969,173.0566,1040,RIGHT_1040_US,1,1,0,48,-1455.2051,1068.3105
134352,1983,174.2871,1040,RIGHT_1040_US,1,1,0,48,-1453.9746,1069.5410
134392,1997,175.5176,1040,RIGHT_1040_US,1,1,0,48,-1452.7441,1070.7715
134432,2006,176.3086,1040,RIGHT_1040_US,1,1,0,48,-1451.9531,1071.5625
134472,2017,177.2754,1040,RIGHT_1040_US,1,1,0,48,-1450.9863,1072.5293
134512,2029,178.3301,1040,RIGHT_1040_US,1,1,0,48,-1449.9316,1073.5840
134552,2042,179.4727,1040,RIGHT_1040_US,1,1,0,48,-1448.7891,1074.7266
134592,2053,180.4395,1040,RIGHT_1040_US,1,1,0,48,-1447.8223,1075.6934
134632,2067,181.6699,1040,RIGHT_1040_US,1,1,0,48,-1446.5918,1076.9238
134672,2079,182.7246,1040,RIGHT_1040_US,1,1,0,48,-1445.5371,1077.9785
134712,2086,183.3398,1040,RIGHT_1040_US,1,1,0,48,-1444.9219,1078.5938
134752,2099,184.4824,1040,RIGHT_1040_US,1,1,0,48,-1443.7793,1079.7363
134792,2109,185.3613,1040,RIGHT_1040_US,1,1,0,48,-1442.9004,1080.6152
134832,2123,186.5918,1040,RIGHT_1040_US,1,1,0,48,-1441.6699,1081.8457
134872,2133,187.4707,1040,RIGHT_1040_US,1,1,0,48,-1440.7910,1082.7246
134912,2145,188.5254,1040,RIGHT_1040_US,1,1,0,48,-1439.7363,1083.7793
134952,2164,190.1953,1040,RIGHT_1040_US,1,1,0,48,-1438.0664,1085.4492
134992,2172,190.8984,1040,RIGHT_1040_US,1,1,0,48,-1437.3633,1086.1523
135032,2185,192.0410,1040,RIGHT_1040_US,1,1,0,48,-1436.2207,1087.2949
135072,2193,192.7441,1040,RIGHT_1040_US,1,1,0,48,-1435.5176,1087.9980
135112,2206,193.8867,1040,RIGHT_1040_US,1,1,0,48,-1434.3750,1089.1406
135152,2215,194.6777,1040,RIGHT_1040_US,1,1,0,48,-1433.5840,1089.9316
135192,2231,196.0840,1040,RIGHT_1040_US,1,1,0,48,-1432.1777,1091.3379
135233,2239,196.7871,1040,RIGHT_1040_US,1,1,0,48,-1431.4746,1092.0410
135272,2251,197.8418,1040,RIGHT_1040_US,1,1,0,48,-1430.4199,1093.0957
135312,2269,199.4238,1040,RIGHT_1040_US,1,1,0,48,-1428.8379,1094.6777
135352,2282,200.5664,1040,RIGHT_1040_US,1,1,0,48,-1427.6953,1095.8203
135392,2292,201.4453,1040,RIGHT_1040_US,1,1,0,48,-1426.8164,1096.6992
135432,2304,202.5000,1040,RIGHT_1040_US,1,1,0,48,-1425.7617,1097.7539
135472,2307,202.7637,1040,RIGHT_1040_US,1,1,0,48,-1425.4980,1098.0176
135512,2319,203.8184,1040,RIGHT_1040_US,1,1,0,48,-1424.4434,1099.0723
135552,2327,204.5215,1040,RIGHT_1040_US,1,1,0,48,-1423.7402,1099.7754
135592,2337,205.4004,1040,RIGHT_1040_US,1,1,0,48,-1422.8613,1100.6543
135632,2349,206.4551,1040,RIGHT_1040_US,1,1,0,48,-1421.8066,1101.7090
135672,2359,207.3340,1040,RIGHT_1040_US,1,1,0,48,-1420.9277,1102.5879
135712,2370,208.3008,1040,RIGHT_1040_US,1,1,0,48,-1419.9609,1103.5547
135752,2383,209.4434,1040,RIGHT_1040_US,1,1,0,48,-1418.8184,1104.6973
135792,2392,210.2344,1040,RIGHT_1040_US,1,1,0,48,-1418.0273,1105.4883
135832,2416,212.3438,1040,RIGHT_1040_US,1,1,0,48,-1415.9180,1107.5977
135872,2416,212.3438,1040,RIGHT_1040_US,1,1,0,48,-1415.9180,1107.5977
135912,2436,214.1016,1040,RIGHT_1040_US,1,1,0,48,-1414.1602,1109.3555
135952,2438,214.2773,1040,RIGHT_1040_US,1,1,0,48,-1413.9844,1109.5312
135992,2448,215.1562,1040,RIGHT_1040_US,1,1,0,48,-1413.1055,1110.4102
136032,2465,216.6504,1040,RIGHT_1040_US,1,1,0,48,-1411.6113,1111.9043
136072,2467,216.8262,1040,RIGHT_1040_US,1,1,0,48,-1411.4355,1112.0801
136112,2494,219.1992,1040,RIGHT_1040_US,1,1,0,48,-1409.0625,1114.4531
136152,2491,218.9355,1040,RIGHT_1040_US,1,1,0,48,-1409.3262,1114.1895
136192,2509,220.5176,1040,RIGHT_1040_US,1,1,0,48,-1407.7441,1115.7715
136232,2515,221.0449,1040,RIGHT_1040_US,1,1,0,48,-1407.2168,1116.2988
136272,2540,223.2422,1040,RIGHT_1040_US,1,1,0,48,-1405.0195,1118.4961
136312,2537,222.9785,1040,RIGHT_1040_US,1,1,0,48,-1405.2832,1118.2324
136352,2549,224.0332,1040,RIGHT_1040_US,1,1,0,48,-1404.2285,1119.2871
136392,2567,225.6152,1040,RIGHT_1040_US,1,1,0,48,-1402.6465,1120.8691
136432,2566,225.5273,1040,RIGHT_1040_US,1,1,0,48,-1402.7344,1120.7812
136472,2591,227.7246,1040,RIGHT_1040_US,1,1,0,48,-1400.5371,1122.9785
136512,2594,227.9883,1040,RIGHT_1040_US,1,1,0,48,-1400.2734,1123.2422
136552,2605,228.9551,1040,RIGHT_1040_US,1,1,0,48,-1399.3066,1124.2090
136592,2623,230.5371,1040,RIGHT_1040_US,1,1,0,48,-1397.7246,1125.7910
136632,2631,231.2402,1040,RIGHT_1040_US,1,1,0,48,-1397.0215,1126.4941
136672,2638,231.8555,1040,RIGHT_1040_US,1,1,0,48,-1396.4062,1127.1094
136712,2649,232.8223,1040,RIGHT_1040_US,1,1,0,48,-1395.4395,1128.0762
136752,2665,234.2285,1040,RIGHT_1040_US,1,1,0,48,-1394.0332,1129.4824
136792,2664,234.1406,1040,RIGHT_1040_US,1,1,0,48,-1394.1211,1129.3945
136832,2675,235.1074,1040,RIGHT_1040_US,1,1,0,48,-1393.1543,1130.3613
136872,2689,236.3379,1040,RIGHT_1040_US,1,1,0,48,-1391.9238,1131.5918
136912,2718,238.8867,1040,RIGHT_1040_US,1,1,0,48,-1389.3750,1134.1406
136952,2724,239.4141,1040,RIGHT_1040_US,1,1,0,48,-1388.8477,1134.6680
136992,2720,239.0625,1040,RIGHT_1040_US,1,1,0,48,-1389.1992,1134.3164
137032,2739,240.7324,1040,RIGHT_1040_US,1,1,0,48,-1387.5293,1135.9863
137072,2745,241.2598,1040,RIGHT_1040_US,1,1,0,48,-1387.0020,1136.5137
137112,2751,241.7871,1040,RIGHT_1040_US,1,1,0,48,-1386.4746,1137.0410
137152,2760,242.5781,1040,RIGHT_1040_US,1,1,0,48,-1385.6836,1137.8320
137192,2788,245.0391,1040,RIGHT_1040_US,1,1,0,48,-1383.2227,1140.2930
137232,2804,246.4453,1040,RIGHT_1040_US,1,1,0,48,-1381.8164,1141.6992
137272,2805,246.5332,1040,RIGHT_1040_US,1,1,0,48,-1381.7285,1141.7871
137312,2811,247.0605,1040,RIGHT_1040_US,1,1,0,48,-1381.2012,1142.3145
137352,2816,247.5000,1040,RIGHT_1040_US,1,1,0,48,-1380.7617,1142.7539
137392,2824,248.2031,1040,RIGHT_1040_US,1,1,0,48,-1380.0586,1143.4570
137432,2834,249.0820,1040,RIGHT_1040_US,1,1,0,48,-1379.1797,1144.3359
137472,2862,251.5430,1040,RIGHT_1040_US,1,1,0,48,-1376.7188,1146.7969
137512,2879,253.0371,1040,RIGHT_1040_US,1,1,0,48,-1375.2246,1148.2910
137552,2887,253.7402,1040,RIGHT_1040_US,1,1,0,48,-1374.5215,1148.9941
137592,2892,254.1797,1040,RIGHT_1040_US,1,1,0,48,-1374.0820,1149.4336
137632,2898,254.7070,1040,RIGHT_1040_US,1,1,0,48,-1373.5547,1149.9609
137672,2910,255.7617,1040,RIGHT_1040_US,1,1,0,48,-1372.5000,1151.0156
137712,2910,255.7617,1040,RIGHT_1040_US,1,1,0,48,-1372.5000,1151.0156
137752,2920,256.6406,1040,RIGHT_1040_US,1,1,0,48,-1371.6211,1151.8945
137792,2950,259.2773,1040,RIGHT_1040_US,1,1,0,48,-1368.9844,1154.5312
137832,2937,258.1348,1040,RIGHT_1040_US,1,1,0,48,-1370.1270,1153.3887
137872,2966,260.6836,1040,RIGHT_1040_US,1,1,0,48,-1367.5781,1155.9375
137912,2982,262.0898,1040,RIGHT_1040_US,1,1,0,48,-1366.1719,1157.3438
137952,2991,262.8809,1040,RIGHT_1040_US,1,1,0,48,-1365.3809,1158.1348
137992,3002,263.8477,1040,RIGHT_1040_US,1,1,0,48,-1364.4141,1159.1016
138032,2998,263.4961,1040,RIGHT_1040_US,1,1,0,48,-1364.7656,1158.7500
138072,3005,264.1113,1040,RIGHT_1040_US,1,1,0,48,-1364.1504,1159.3652
138112,3016,265.0781,1040,RIGHT_1040_US,1,1,0,48,-1363.1836,1160.3320
138152,3035,266.7480,1040,RIGHT_1040_US,1,1,0,48,-1361.5137,1162.0020
138192,3056,268.5938,1040,RIGHT_1040_US,1,1,0,48,-1359.6680,1163.8477
138232,3053,268.3301,1040,RIGHT_1040_US,1,1,0,48,-1359.9316,1163.5840
138272,3077,270.4395,1040,RIGHT_1040_US,1,1,0,48,-1357.8223,1165.6934
138313,3071,269.9121,1040,RIGHT_1040_US,1,1,0,48,-1358.3496,1165.1660
138352,3078,270.5273,1040,RIGHT_1040_US,1,1,0,48,-1357.7344,1165.7812
138392,3103,272.7246,1040,RIGHT_1040_US,1,1,0,48,-1355.5371,1167.9785
138432,3108,273.1641,1040,RIGHT_1040_US,1,1,0,48,-1355.0977,1168.4180
138472,3117,273.9551,1040,RIGHT_1040_US,1,1,0,48,-1354.3066,1169.2090
138512,3148,276.6797,1040,RIGHT_1040_US,1,1,0,48,-1351.5820,1171.9336
138552,3158,277.5586,1040,RIGHT_1040_US,1,1,0,48,-1350.7031,1172.8125
138592,3169,278.5254,1040,RIGHT_1040_US,1,1,0,48,-1349.7363,1173.7793
138632,3185,279.9316,1040,RIGHT_1040_US,1,1,0,48,-1348.3301,1175.1855
138672,3197,280.9863,1040,RIGHT_1040_US,1,1,0,48,-1347.2754,1176.2402
138712,3190,280.3711,1040,RIGHT_1040_US,1,1,0,48,-1347.8906,1175.6250
138752,3195,280.8105,1040,RIGHT_1040_US,1,1,0,48,-1347.4512,1176.0645
138792,3211,282.2168,1040,RIGHT_1040_US,1,1,0,48,-1346.0449,1177.4707
138832,3241,284.8535,1040,RIGHT_1040_US,1,1,0,48,-1343.4082,1180.1074
138872,3248,285.4688,1040,RIGHT_1040_US,1,1,0,48,-1342.7930,1180.7227
138912,3267,287.1387,1040,RIGHT_1040_US,1,1,0,48,-1341.1230,1182.3926
138952,3278,288.1055,1040,RIGHT_1040_US,1,1,0,48,-1340.1562,1183.3594
138992,3296,289.6875,1040,RIGHT_1040_US,1,1,0,48,-1338.5742,1184.9414
139032,3291,289.2480,1040,RIGHT_1040_US,1,1,0,48,-1339.0137,1184.5020
139072,3295,289.5996,1040,RIGHT_1040_US,1,1,0,48,-1338.6621,1184.8535
139113,3318,291.6211,1040,RIGHT_1040_US,1,1,0,48,-1336.6406,1186.8750
139152,3321,291.8848,1040,RIGHT_1040_US,1,1,0,48,-1336.3770,1187.1387
139192,3334,293.0273,1040,RIGHT_1040_US,1,1,0,48,-1335.2344,1188.2812
139232,3373,296.4551,1040,RIGHT_1040_US,1,1,0,48,-1331.8066,1191.7090
139272,3362,295.4883,1040,RIGHT_1040_US,1,1,0,48,-1332.7734,1190.7422
139312,3371,296.2793,1040,RIGHT_1040_US,1,1,0,48,-1331.9824,1191.5332
139352,3389,297.8613,1040,RIGHT_1040_US,1,1,0,48,-1330.4004,1193.1152
139392,3421,300.6738,1040,RIGHT_1040_US,1,1,0,48,-1327.5879,1195.9277
139432,3411,299.7949,1040,RIGHT_1040_US,1,1,0,48,-1328.4668,1195.0488
139472,3442,302.5195,1040,RIGHT_1040_US,1,1,0,48,-1325.7422,1197.7734
139512,3443,302.6074,1040,RIGHT_1040_US,1,1,0,48,-1325.6543,1197.8613
139552,3477,305.5957,1040,RIGHT_1040_US,1,1,0,48,-1322.6660,1200.8496
139592,3469,304.8926,1040,RIGHT_1040_US,1,1,0,48,-1323.3691,1200.1465
139632,3481,305.9473,1040,RIGHT_1040_US,1,1,0,48,-1322.3145,1201.2012
139672,3516,309.0234,1040,RIGHT_1040_US,1,1,0,48,-1319.2383,1204.2773
139712,3531,310.3418,1040,RIGHT_1040_US,1,1,0,48,-1317.9199,1205.5957
139752,3527,309.9902,1040,RIGHT_1040_US,1,1,0,48,-1318.2715,1205.2441
139792,3539,311.0449,1040,RIGHT_1040_US,1,1,0,48,-1317.2168,1206.2988
139832,3551,312.0996,1040,RIGHT_1040_US,1,1,0,48,-1316.1621,1207.3535
139872,3569,313.6816,1040,RIGHT_1040_US,1,1,0,48,-1314.5801,1208.9355
139912,3582,314.8242,1040,RIGHT_1040_US,1,1,0,48,-1313.4375,1210.0781
139952,3612,317.4609,1040,RIGHT_1040_US,1,1,0,48,-1310.8008,1212.7148
139992,3618,317.9883,1040,RIGHT_1040_US,1,1,0,48,-1310.2734,1213.2422
140032,3628,318.8672,1040,RIGHT_1040_US,1,1,0,48,-1309.3945,1214.1211
140072,3656,321.3281,1040,RIGHT_1040_US,1,1,0,48,-1306.9336,1216.5820
140112,3648,320.6250,1040,RIGHT_1040_US,1,1,0,48,-1307.6367,1215.8789
140152,3684,323.7891,1040,RIGHT_1040_US,1,1,0,48,-1304.4727,1219.0430
140192,3678,323.2617,1040,RIGHT_1040_US,1,1,0,48,-1305.0000,1218.5156
140232,3711,326.1621,1040,RIGHT_1040_US,1,1,0,48,-1302.0996,1221.4160
140272,3725,327.3926,1040,RIGHT_1040_US,1,1,0,48,-1300.8691,1222.6465
140312,3723,327.2168,1040,RIGHT_1040_US,1,1,0,48,-1301.0449,1222.4707
140352,3748,329.4141,1040,RIGHT_1040_US,1,1,0,48,-1298.8477,1224.6680
140392,3773,331.6113,1040,RIGHT_1040_US,1,1,0,48,-1296.6504,1226.8652
140432,3785,332.6660,1040,RIGHT_1040_US,1,1,0,48,-1295.5957,1227.9199
140472,3783,332.4902,1040,RIGHT_1040_US,1,1,0,48,-1295.7715,1227.7441
140512,3804,334.3359,1040,RIGHT_1040_US,1,1,0,48,-1293.9258,1229.5898
140552,3827,336.3574,1040,RIGHT_1040_US,1,1,0,48,-1291.9043,1231.6113
140592,3845,337.9395,1040,RIGHT_1040_US,1,1,0,48,-1290.3223,1233.1934
140632,3857,338.9941,1040,RIGHT_1040_US,1,1,0,48,-1289.2676,1234.2480
140672,3874,340.4883,1040,RIGHT_1040_US,1,1,0,48,-1287.7734,1235.7422
140712,3877,340.7520,1040,RIGHT_1040_US,1,1,0,48,-1287.5098,1236.0059
140752,3902,342.9492,1040,RIGHT_1040_US,1,1,0,48,-1285.3125,1238.2031
140792,3920,344.5312,1040,RIGHT_1040_US,1,1,0,48,-1283.7305,1239.7852
140832,3932,345.5859,1040,RIGHT_1040_US,1,1,0,48,-1282.6758,1240.8398
140872,3941,346.3770,1040,RIGHT_1040_US,1,1,0,48,-1281.8848,1241.6309
140912,3967,348.6621,1040,RIGHT_1040_US,1,1,0,48,-1279.5996,1243.9160
140952,3981,349.8926,1040,RIGHT_1040_US,1,1,0,48,-1278.3691,1245.1465
140992,3999,351.4746,1040,RIGHT_1040_US,1,1,0,48,-1276.7871,1246.7285
141032,4014,352.7930,1040,RIGHT_1040_US,1,1,0,48,-1275.4688,1248.0469
141072,4025,353.7598,1040,RIGHT_1040_US,1,1,0,48,-1274.5020,1249.0137
141112,4044,355.4297,1040,RIGHT_1040_US,1,1,0,48,-1272.8320,1250.6836
141152,4058,356.6602,1040,RIGHT_1040_US,1,1,0,48,-1271.6016,1251.9141
141192,4074,358.0664,1040,RIGHT_1040_US,1,1,0,48,-1270.1953,1253.3203
141232,4084,358.9453,1040,RIGHT_1040_US,1,1,0,48,-1269.3164,1254.1992
141272,6,0.5273,1040,RIGHT_1040_US,1,1,0,48,-1267.7344,1255.7812
141312,27,2.3730,1040,RIGHT_1040_US,1,1,0,48,-1265.8887,1257.6270
141352,36,3.1641,1040,RIGHT_1040_US,1,1,0,48,-1265.0977,1258.4180
141392,55,4.8340,1040,RIGHT_1040_US,1,1,0,48,-1263.4277,1260.0879
141432,71,6.2402,1040,RIGHT_1040_US,1,1,0,48,-1262.0215,1261.4941
141472,82,7.2070,1040,RIGHT_1040_US,1,1,0,48,-1261.0547,1262.4609
141512,101,8.8770,1040,RIGHT_1040_US,1,1,0,48,-1259.3848,1264.1309
141552,118,10.3711,1040,RIGHT_1040_US,1,1,0,48,-1257.8906,1265.6250
141592,134,11.7773,1040,RIGHT_1040_US,1,1,0,48,-1256.4844,1267.0312
141632,147,12.9199,1040,RIGHT_1040_US,1,1,0,48,-1255.3418,1268.1738
141672,167,14.6777,1040,RIGHT_1040_US,1,1,0,48,-1253.5840,1269.9316
141712,189,16.6113,1040,RIGHT_1040_US,1,1,0,48,-1251.6504,1271.8652
141752,208,18.2812,1040,RIGHT_1040_US,1,1,0,48,-1249.9805,1273.5352
141793,219,19.2480,1040,RIGHT_1040_US,1,1,0,48,-1249.0137,1274.5020
141832,232,20.3906,1040,RIGHT_1040_US,1,1,0,48,-1247.8711,1275.6445
141872,246,21.6211,1040,RIGHT_1040_US,1,1,0,48,-1246.6406,1276.8750
141912,266,23.3789,1040,RIGHT_1040_US,1,1,0,48,-1244.8828,1278.6328
141952,285,25.0488,1040,RIGHT_1040_US,1,1,0,48,-1243.2129,1280.3027
141992,4095,359.9121,1040,RIGHT_1040_US,1,0,1,56,-1243.2129,1280.3027
142032,325,28.5645,1040,RIGHT_1040_US,1,1,0,48,-1239.6973,1283.8184
142072,331,29.0918,1040,RIGHT_1040_US,1,1,0,48,-1239.1699,1284.3457
142112,342,30.0586,1040,RIGHT_1040_US,1,1,0,48,-1238.2031,1285.3125
142152,364,31.9922,1040,RIGHT_1040_US,1,1,0,48,-1236.2695,1287.2461
142192,380,33.3984,1040,RIGHT_1040_US,1,1,0,48,-1234.8633,1288.6523
142232,403,35.4199,1040,RIGHT_1040_US,1,1,0,48,-1232.8418,1290.6738
142272,426,37.4414,1040,RIGHT_1040_US,1,1,0,48,-1230.8203,1292.6953
142312,441,38.7598,1040,RIGHT_1040_US,1,1,0,48,-1229.5020,1294.0137
142352,441,38.7598,1040,RIGHT_1040_US,1,1,0,48,-1229.5020,1294.0137
142392,463,40.6934,1040,RIGHT_1040_US,1,1,0,48,-1227.5684,1295.9473
142432,494,43.4180,1040,RIGHT_1040_US,1,1,0,48,-1224.8438,1298.6719
142472,489,42.9785,1040,RIGHT_1040_US,1,1,0,48,-1225.2832,1298.2324
142512,503,44.2090,1040,RIGHT_1040_US,1,1,0,48,-1224.0527,1299.4629
142552,525,46.1426,1040,RIGHT_1040_US,1,1,0,48,-1222.1191,1301.3965
142592,559,49.1309,1040,RIGHT_1040_US,1,1,0,48,-1219.1309,1304.3848
142632,547,48.0762,1040,RIGHT_1040_US,1,1,0,48,-1220.1855,1303.3301
142672,564,49.5703,1040,RIGHT_1040_US,1,1,0,48,-1218.6914,1304.8242
142712,592,52.0312,1040,RIGHT_1040_US,1,1,0,48,-1216.2305,1307.2852
142752,615,54.0527,1040,RIGHT_1040_US,1,1,0,48,-1214.2090,1309.3066
142792,615,54.0527,1040,RIGHT_1040_US,1,1,0,48,-1214.2090,1309.3066
142832,640,56.2500,1040,RIGHT_1040_US,1,1,0,48,-1212.0117,1311.5039
142872,640,56.2500,1040,RIGHT_1040_US,1,1,0,48,-1212.0117,1311.5039
142912,653,57.3926,1040,RIGHT_1040_US,1,1,0,48,-1210.8691,1312.6465
142952,691,60.7324,1040,RIGHT_1040_US,1,1,0,48,-1207.5293,1315.9863
142992,693,60.9082,1040,RIGHT_1040_US,1,1,0,48,-1207.3535,1316.1621
143032,694,60.9961,1040,RIGHT_1040_US,1,1,0,48,-1207.2656,1316.2500
143072,721,63.3691,1040,RIGHT_1040_US,1,1,0,48,-1204.8926,1318.6230
143112,721,63.3691,1040,RIGHT_1040_US,1,1,0,48,-1204.8926,1318.6230
143152,752,66.0938,1040,RIGHT_1040_US,1,1,0,48,-1202.1680,1321.3477
143192,752,66.0938,1040,RIGHT_1040_US,1,1,0,48,-1202.1680,1321.3477
143232,757,66.5332,1040,RIGHT_1040_US,1,1,0,48,-1201.7285,1321.7871
143272,799,70.2246,1040,RIGHT_1040_US,1,1,0,48,-1198.0371,1325.4785
143312,793,69.6973,1040,RIGHT_1040_US,1,1,0,48,-1198.5645,1324.9512
143352,806,70.8398,1040,RIGHT_1040_US,1,1,0,48,-1197.4219,1326.0938
143392,817,71.8066,1040,RIGHT_1040_US,1,1,0,48,-1196.4551,1327.0605
143432,825,72.5098,1040,RIGHT_1040_US,1,1,0,48,-1195.7520,1327.7637
143473,851,74.7949,1040,RIGHT_1040_US,1,1,0,48,-1193.4668,1330.0488
143512,849,74.6191,1040,RIGHT_1040_US,1,1,0,48,-1193.6426,1329.8730
143552,877,77.0801,1040,RIGHT_1040_US,1,1,0,48,-1191.1816,1332.3340
143592,896,78.7500,1040,RIGHT_1040_US,1,1,0,48,-1189.5117,1334.0039
143632,913,80.2441,1040,RIGHT_1040_US,1,1,0,48,-1188.0176,1335.4980
143672,927,81.4746,1040,RIGHT_1040_US,1,1,0,48,-1186.7871,1336.7285
143712,927,81.4746,1040,RIGHT_1040_US,1,1,0,48,-1186.7871,1336.7285
143752,948,83.3203,1040,RIGHT_1040_US,1,1,0,48,-1184.9414,1338.5742
143792,930,81.7383,1040,RIGHT_1040_US,1,1,0,48,-1186.5234,1336.9922
143832,971,85.3418,1040,RIGHT_1040_US,1,1,0,48,-1182.9199,1340.5957
143872,953,83.7598,1040,RIGHT_1040_US,1,1,0,48,-1184.5020,1339.0137
143912,965,84.8145,1040,RIGHT_1040_US,1,1,0,48,-1183.4473,1340.0684
143952,984,86.4844,1040,RIGHT_1040_US,1,1,0,48,-1181.7773,1341.7383
143992,1006,88.4180,1040,RIGHT_1040_US,1,1,0,48,-1179.8438,1343.6719
144032,1014,89.1211,1040,RIGHT_1040_US,1,1,0,48,-1179.1406,1344.3750
144072,1033,90.7910,1040,RIGHT_1040_US,1,1,0,48,-1177.4707,1346.0449
144112,1030,90.5273,1040,RIGHT_1040_US,1,1,0,48,-1177.7344,1345.7812
144152,1053,92.5488,1040,RIGHT_1040_US,1,1,0,48,-1175.7129,1347.8027
144192,1055,92.7246,1040,RIGHT_1040_US,1,1,0,48,-1175.5371,1347.9785
144232,1069,93.9551,1040,RIGHT_1040_US,1,1,0,48,-1174.3066,1349.2090
144272,1102,96.8555,1040,RIGHT_1040_US,1,1,0,48,-1171.4062,1352.1094
144312,1093,96.0645,1040,RIGHT_1040_US,1,1,0,48,-1172.1973,1351.3184
144352,1122,98.6133,1040,RIGHT_1040_US,1,1,0,48,-1169.6484,1353.8672
144392,1133,99.5801,1040,RIGHT_1040_US,1,1,0,48,-1168.6816,1354.8340
144432,1126,98.9648,1040,RIGHT_1040_US,1,1,0,48,-1169.2969,1354.2188
144472,1142,100.3711,1040,RIGHT_1040_US,1,1,0,48,-1167.8906,1355.6250
144512,1154,101.4258,1040,RIGHT_1040_US,1,1,0,48,-1166.8359,1356.6797
144552,1160,101.9531,1040,RIGHT_1040_US,1,1,0,48,-1166.3086,1357.2070
144592,1159,101.8652,1040,RIGHT_1040_US,1,1,0,48,-1166.3965,1357.1191
144632,1182,103.8867,1040,RIGHT_1040_US,1,1,0,48,-1164.3750,1359.1406
144672,1209,106.2598,1040,RIGHT_1040_US,1,1,0,48,-1162.0020,1361.5137
144712,1213,106.6113,1040,RIGHT_1040_US,1,1,0,48,-1161.6504,1361.8652
144752,1206,105.9961,1040,RIGHT_1040_US,1,1,0,48,-1162.2656,1361.2500
144792,1241,109.0723,1040,RIGHT_1040_US,1,1,0,48,-1159.1895,1364.3262
144832,1243,109.2480,1040,RIGHT_1040_US,1,1,0,48,-1159.0137,1364.5020
144872,1239,108.8965,1040,RIGHT_1040_US,1,1,0,48,-1159.3652,1364.1504
144912,1270,111.6211,1040,RIGHT_1040_US,1,1,0,48,-1156.6406,1366.8750
144952,1262,110.9180,1040,RIGHT_1040_US,1,1,0,48,-1157.3438,1366.1719
144992,1265,111.1816,1040,RIGHT_1040_US,1,1,0,48,-1157.0801,1366.4355
145032,1283,112.7637,1040,RIGHT_1040_US,1,1,0,48,-1155.4980,1368.0176
145072,1304,114.6094,1040,RIGHT_1040_US,1,1,0,48,-1153.6523,1369.8633
145112,1317,115.7520,1040,RIGHT_1040_US,1,1,0,48,-1152.5098,1371.0059
145152,1323,116.2793,1040,RIGHT_1040_US,1,1,0,48,-1151.9824,1371.5332
145195,1316,115.6641,1040,RIGHT_1040_US,1,1,0,48,-1152.5977,1370.9180
145232,1341,117.8613,1040,RIGHT_1040_US,1,1,0,48,-1150.4004,1373.1152
145272,1331,116.9824,1040,RIGHT_1040_US,1,1,0,48,-1151.2793,1372.2363
145312,1341,117.8613,1040,RIGHT_1040_US,1,1,0,48,-1150.4004,1373.1152
145352,1363,119.7949,1040,RIGHT_1040_US,1,1,0,48,-1148.4668,1375.0488
145392,1363,119.7949,1040,RIGHT_1040_US,1,1,0,48,-1148.4668,1375.0488
145432,1380,121.2891,1040,RIGHT_1040_US,1,1,0,48,-1146.9727,1376.5430
145472,1406,123.5742,1040,RIGHT_1040_US,1,1,0,48,-1144.6875,1378.8281
145512,1394,122.5195,1040,RIGHT_1040_US,1,1,0,48,-1145.7422,1377.7734
145552,1422,124.9805,1040,RIGHT_1040_US,1,1,0,48,-1143.2812,1380.2344
145592,1419,124.7168,1040,RIGHT_1040_US,1,1,0,48,-1143.5449,1379.9707
145632,1435,126.1230,1040,RIGHT_1040_US,1,1,0,48,-1142.1387,1381.3770
145672,1454,127.7930,1040,RIGHT_1040_US,1,1,0,48,-1140.4688,1383.0469
145712,1446,127.0898,1040,RIGHT_1040_US,1,1,0,48,-1141.1719,1382.3438
145752,1454,127.7930,1040,RIGHT_1040_US,1,1,0,48,-1140.4688,1383.0469
145792,1473,129.4629,1040,RIGHT_1040_US,1,1,0,48,-1138.7988,1384.7168
145832,1483,130.3418,1040,RIGHT_1040_US,1,1,0,48,-1137.9199,1385.5957
145872,1501,131.9238,1040,RIGHT_1040_US,1,1,0,48,-1136.3379,1387.1777
145912,1517,133.3301,1040,RIGHT_1040_US,1,1,0,48,-1134.9316,1388.5840
145952,1508,132.5391,1040,RIGHT_1040_US,1,1,0,48,-1135.7227,1387.7930
145992,1520,133.5938,1040,RIGHT_1040_US,1,1,0,48,-1134.6680,1388.8477
146032,1528,134.2969,1040,RIGHT_1040_US,1,1,0,48,-1133.9648,1389.5508
146072,1559,137.0215,1040,RIGHT_1040_US,1,1,0,48,-1131.2402,1392.2754
146112,1550,136.2305,1040,RIGHT_1040_US,1,1,0,48,-1132.0312,1391.4844
146152,1562,137.2852,1040,RIGHT_1040_US,1,1,0,48,-1130.9766,1392.5391
146192,1574,138.3398,1040,RIGHT_1040_US,1,1,0,48,-1129.9219,1393.5938
146232,1602,140.8008,1040,RIGHT_1040_US,1,1,0,48,-1127.4609,1396.0547
146272,1612,141.6797,1040,RIGHT_1040_US,1,1,0,48,-1126.5820,1396.9336
146312,1611,141.5918,1040,RIGHT_1040_US,1,1,0,48,-1126.6699,1396.8457
146352,1620,142.3828,1040,RIGHT_1040_US,1,1,0,48,-1125.8789,1397.6367
146392,4095,359.9121,1040,RIGHT_1040_US,1,0,1,32,-1125.8789,1397.6367
146432,1640,144.1406,1040,RIGHT_1040_US,1,1,0,48,-1124.1211,1399.3945
146472,1654,145.3711,1040,RIGHT_1040_US,1,1,0,48,-1122.8906,1400.6250
146512,1679,147.5684,1040,RIGHT_1040_US,1,1,0,48,-1120.6934,1402.8223
146552,1685,148.0957,1040,RIGHT_1040_US,1,1,0,48,-1120.1660,1403.3496
146592,1688,148.3594,1040,RIGHT_1040_US,1,1,0,48,-1119.9023,1403.6133
146632,1711,150.3809,1040,RIGHT_1040_US,1,1,0,48,-1117.8809,1405.6348
146672,1713,150.5566,1040,RIGHT_1040_US,1,1,0,48,-1117.7051,1405.8105
146712,1720,151.1719,1040,RIGHT_1040_US,1,1,0,48,-1117.0898,1406.4258
146752,1734,152.4023,1040,RIGHT_1040_US,1,1,0,48,-1115.8594,1407.6562
146792,1756,154.3359,1040,RIGHT_1040_US,1,1,0,48,-1113.9258,1409.5898
146832,1761,154.7754,1040,RIGHT_1040_US,1,1,0,48,-1113.4863,1410.0293
146872,1775,156.0059,1040,RIGHT_1040_US,1,1,0,48,-1112.2559,1411.2598
146912,1785,156.8848,1040,RIGHT_1040_US,1,1,0,48,-1111.3770,1412.1387
146952,1798,158.0273,1040,RIGHT_1040_US,1,1,0,48,-1110.2344,1413.2812
146992,1809,158.9941,1040,RIGHT_1040_US,1,1,0,48,-1109.2676,1414.2480
147032,1815,159.5215,1040,RIGHT_1040_US,1,1,0,48,-1108.7402,1414.7754
147072,1823,160.2246,1040,RIGHT_1040_US,1,1,0,48,-1108.0371,1415.4785
147112,1835,161.2793,1040,RIGHT_1040_US,1,1,0,48,-1106.9824,1416.5332
147152,1848,162.4219,1040,RIGHT_1040_US,1,1,0,48,-1105.8398,1417.6758
147192,1861,163.5645,1040,RIGHT_1040_US,1,1,0,48,-1104.6973,1418.8184
147232,1875,164.7949,1040,RIGHT_1040_US,1,1,0,48,-1103.4668,1420.0488
147272,1887,165.8496,1040,RIGHT_1040_US,1,1,0,48,-1102.4121,1421.1035
147312,1895,166.5527,1040,RIGHT_1040_US,1,1,0,48,-1101.7090,1421.8066
147352,1918,168.5742,1040,RIGHT_1040_US,1,1,0,48,-1099.6875,1423.8281
147392,1918,168.5742,1040,RIGHT_1040_US,1,1,0,48,-1099.6875,1423.8281
147432,1926,169.2773,1040,RIGHT_1040_US,1,1,0,48,-1098.9844,1424.5312
147472,1938,170.3320,1040,RIGHT_1040_US,1,1,0,48,-1097.9297,1425.5859
147512,1953,171.6504,1040,RIGHT_1040_US,1,1,0,48,-1096.6113,1426.9043
147552,1963,172.5293,1040,RIGHT_1040_US,1,1,0,48,-1095.7324,1427.7832
147592,1977,173.7598,1040,RIGHT_1040_US,1,1,0,48,-1094.5020,1429.0137
147632,1987,174.6387,1040,RIGHT_1040_US,1,1,0,48,-1093.6230,1429.8926
147672,2002,175.9570,1040,RIGHT_1040_US,1,1,0,48,-1092.3047,1431.2109
147712,2014,177.0117,1040,RIGHT_1040_US,1,1,0,48,-1091.2500,1432.2656
147752,2027,178.1543,1040,RIGHT_1040_US,1,1,0,48,-1090.1074,1433.4082
147792,2039,179.2090,1040,RIGHT_1040_US,1,1,0,48,-1089.0527,1434.4629
147832,2046,179.8242,1040,RIGHT_1040_US,1,1,0,48,-1088.4375,1435.0781
147872,2057,180.7910,1040,RIGHT_1040_US,1,1,0,48,-1087.4707,1436.0449
147912,2071,182.0215,1040,RIGHT_1040_US,1,1,0,48,-1086.2402,1437.2754
147952,2085,183.2520,1040,RIGHT_1040_US,1,1,0,48,-1085.0098,1438.5059
147992,2093,183.9551,1040,RIGHT_1040_US,1,1,0,48,-1084.3066,1439.2090
148032,2110,185.4492,1040,RIGHT_1040_US,1,1,0,48,-1082.8125,1440.7031
148072,2119,186.2402,1040,RIGHT_1040_US,1,1,0,48,-1082.0215,1441.4941
148112,2133,187.4707,1040,RIGHT_1040_US,1,1,0,48,-1080.7910,1442.7246
148152,2143,188.3496,1040,RIGHT_1040_US,1,1,0,48,-1079.9121,1443.6035
148192,2157,189.5801,1040,RIGHT_1040_US,1,1,0,48,-1078.6816,1444.8340
148232,2173,190.9863,1040,RIGHT_1040_US,1,1,0,48,-1077.2754,1446.2402
148272,2175,191.1621,1040,RIGHT_1040_US,1,1,0,48,-1077.0996,1446.4160
148312,2184,191.9531,1040,RIGHT_1040_US,1,1,0,48,-1076.3086,1447.2070
148352,2202,193.5352,1040,RIGHT_1040_US,1,1,0,48,-1074.7266,1448.7891
148392,2209,194.1504,1040,RIGHT_1040_US,1,1,0,48,-1074.1113,1449.4043
148432,2224,195.4688,1040,RIGHT_1040_US,1,1,0,48,-1072.7930,1450.7227
148472,2240,196.8750,1040,RIGHT_1040_US,1,1,0,48,-1071.3867,1452.1289
148512,2252,197.9297,1040,RIGHT_1040_US,1,1,0,48,-1070.3320,1453.1836
148552,2261,198.7207,1040,RIGHT_1040_US,1,1,0,48,-1069.5410,1453.9746
148592,2263,198.8965,1040,RIGHT_1040_US,1,1,0,48,-1069.3652,1454.1504
148632,2282,200.5664,1040,RIGHT_1040_US,1,1,0,48,-1067.6953,1455.8203
148672,2271,199.5996,1040,RIGHT_1040_US,1,1,0,48,-1068.6621,1454.8535
148712,2296,201.7969,1040,RIGHT_1040_US,1,1,0,48,-1066.4648,1457.0508
148752,2309,202.9395,1040,RIGHT_1040_US,1,1,0,48,-1065.3223,1458.1934
148792,2327,204.5215,1040,RIGHT_1040_US,1,1,0,48,-1063.7402,1459.7754
148832,2337,205.4004,1040,RIGHT_1040_US,1,1,0,48,-1062.8613,1460.6543
148872,2342,205.8398,1040,RIGHT_1040_US,1,1,0,48,-1062.4219,1461.0938
148913,2356,207.0703,1040,RIGHT_1040_US,1,1,0,48,-1061.1914,1462.3242
148952,2360,207.4219,1040,RIGHT_1040_US,1,1,0,48,-1060.8398,1462.6758
148992,2373,208.5645,1040,RIGHT_1040_US,1,1,0,48,-1059.6973,1463.8184
149032,2382,209.3555,1040,RIGHT_1040_US,1,1,0,48,-1058.9062,1464.6094
149072,2406,211.4648,1040,RIGHT_1040_US,1,1,0,48,-1056.7969,1466.7188
149112,2403,211.2012,1040,RIGHT_1040_US,1,1,0,48,-1057.0605,1466.4551
149152,2421,212.7832,1040,RIGHT_1040_US,1,1,0,48,-1055.4785,1468.0371
149192,2435,214.0137,1040,RIGHT_1040_US,1,1,0,48,-1054.2480,1469.2676
149232,2444,214.8047,1040,RIGHT_1040_US,1,1,0,48,-1053.4570,1470.0586
149272,2450,215.3320,1040,RIGHT_1040_US,1,1,0,48,-1052.9297,1470.5859
149312,2459,216.1230,1040,RIGHT_1040_US,1,1,0,48,-1052.1387,1471.3770
149352,2476,217.6172,1040,RIGHT_1040_US,1,1,0,48,-1050.6445,1472.8711
149392,2481,218.0566,1040,RIGHT_1040_US,1,1,0,48,-1050.2051,1473.3105
149432,2496,219.3750,1040,RIGHT_1040_US,1,1,0,48,-1048.8867,1474.6289
149472,2517,221.2207,1040,RIGHT_1040_US,1,1,0,48,-1047.0410,1476.4746
149512,2529,222.2754,1040,RIGHT_1040_US,1,1,0,48,-1045.9863,1477.5293
149552,2536,222.8906,1040,RIGHT_1040_US,1,1,0,48,-1045.3711,1478.1445
149592,4095,359.9121,1040,RIGHT_1040_US,1,0,1,48,-1045.3711,1478.1445
149632,2557,224.7363,1040,RIGHT_1040_US,1,1,0,48,-1043.5254,1479.9902
149672,2559,224.9121,1040,RIGHT_1040_US,1,1,0,48,-1043.3496,1480.1660
149712,2574,226.2305,1040,RIGHT_1040_US,1,1,0,48,-1042.0312,1481.4844
149752,2582,226.9336,1040,RIGHT_1040_US,1,1,0,48,-1041.3281,1482.1875
149792,2601,228.6035,1040,RIGHT_1040_US,1,1,0,48,-1039.6582,1483.8574
149832,2622,230.4492,1040,RIGHT_1040_US,1,1,0,48,-1037.8125,1485.7031
149872,2627,230.8887,1040,RIGHT_1040_US,1,1,0,48,-1037.3730,1486.1426
149912,2643,232.2949,1040,RIGHT_1040_US,1,1,0,48,-1035.9668,1487.5488
149952,2657,233.5254,1040,RIGHT_1040_US,1,1,0,48,-1034.7363,1488.7793
149992,2658,233.6133,1040,RIGHT_1040_US,1,1,0,48,-1034.6484,1488.8672
150032,2677,235.2832,1040,RIGHT_1040_US,1,1,0,48,-1032.9785,1490.5371
150072,2687,236.1621,1040,RIGHT_1040_US,1,1,0,48,-1032.0996,1491.4160
150112,2688,236.2500,1040,RIGHT_1040_US,1,1,0,48,-1032.0117,1491.5039
150152,2690,236.4258,1040,RIGHT_1040_US,1,1,0,48,-1031.8359,1491.6797
150192,2704,237.6562,1040,RIGHT_1040_US,1,1,0,48,-1030.6055,1492.9102
150232,2717,238.7988,1040,RIGHT_1040_US,1,1,0,48,-1029.4629,1494.0527
150272,2722,239.2383,1040,RIGHT_1040_US,1,1,0,48,-1029.0234,1494.4922
150312,2742,240.9961,1040,RIGHT_1040_US,1,1,0,48,-1027.2656,1496.2500
150352,2745,241.2598,1040,RIGHT_1040_US,1,1,0,48,-1027.0020,1496.5137
150392,2771,243.5449,1040,RIGHT_1040_US,1,1,0,48,-1024.7168,1498.7988
150432,2782,244.5117,1040,RIGHT_1040_US,1,1,0,48,-1023.7500,1499.7656
150472,2784,244.6875,1040,RIGHT_1040_US,1,1,0,48,-1023.5742,1499.9414
150512,2808,246.7969,1040,RIGHT_1040_US,1,1,0,48,-1021.4648,1502.0508
150552,2819,247.7637,1040,RIGHT_1040_US,1,1,0,48,-1020.4980,1503.0176
150592,2823,248.1152,1040,RIGHT_1040_US,1,1,0,48,-1020.1465,1503.3691
150632,2824,248.2031,1040,RIGHT_1040_US,1,1,0,48,-1020.0586,1503.4570
150672,2827,248.4668,1040,RIGHT_1040_US,1,1,0,48,-1019.7949,1503.7207
150712,2856,251.0156,1040,RIGHT_1040_US,1,1,0,48,-1017.2461,1506.2695
150752,2848,250.3125,1040,RIGHT_1040_US,1,1,0,48,-1017.9492,1505.5664
150792,2882,253.3008,1040,RIGHT_1040_US,1,1,0,48,-1014.9609,1508.5547
150832,2886,253.6523,1040,RIGHT_1040_US,1,1,0,48,-1014.6094,1508.9062
150872,2898,254.7070,1040,RIGHT_1040_US,1,1,0,48,-1013.5547,1509.9609
150912,2903,255.1465,1040,RIGHT_1040_US,1,1,0,48,-1013.1152,1510.4004
150952,2904,255.2344,1040,RIGHT_1040_US,1,1,0,48,-1013.0273,1510.4883
150992,2930,257.5195,1040,RIGHT_1040_US,1,1,0,48,-1010.7422,1512.7734
151032,2924,256.9922,1040,RIGHT_1040_US,1,1,0,48,-1011.2695,1512.2461
151072,2947,259.0137,1040,RIGHT_1040_US,1,1,0,48,-1009.2480,1514.2676
151112,2954,259.6289,1040,RIGHT_1040_US,1,1,0,48,-1008.6328,1514.8828
151152,2976,261.5625,1040,RIGHT_1040_US,1,1,0,48,-1006.6992,1516.8164
151192,2968,260.8594,1040,RIGHT_1040_US,1,1,0,48,-1007.4023,1516.1133
151232,2992,262.9688,1040,RIGHT_1040_US,1,1,0,48,-1005.2930,1518.2227
151272,2993,263.0566,1040,RIGHT_1040_US,1,1,0,48,-1005.2051,1518.3105
151312,2995,263.2324,1040,RIGHT_1040_US,1,1,0,48,-1005.0293,1518.4863
151352,3007,264.2871,1040,RIGHT_1040_US,1,1,0,48,-1003.9746,1519.5410
151392,3031,266.3965,1040,RIGHT_1040_US,1,1,0,48,-1001.8652,1521.6504
151432,3042,267.3633,1040,RIGHT_1040_US,1,1,0,48,-1000.8984,1522.6172
151472,3053,268.3301,1040,RIGHT_1040_US,1,1,0,48,-999.9316,1523.5840
151512,3056,268.5938,1040,RIGHT_1040_US,1,1,0,48,-999.6680,1523.8477
151552,3071,269.9121,1040,RIGHT_1040_US,1,1,0,48,-998.3496,1525.1660
151592,3078,270.5273,1040,RIGHT_1040_US,1,1,0,48,-997.7344,1525.7812
151632,3103,272.7246,1040,RIGHT_1040_US,1,1,0,48,-995.5371,1527.9785
151672,3101,272.5488,1040,RIGHT_1040_US,1,1,0,48,-995.7129,1527.8027
151712,3111,273.4277,1040,RIGHT_1040_US,1,1,0,48,-994.8340,1528.6816
151752,3120,274.2188,1040,RIGHT_1040_US,1,1,0,48,-994.0430,1529.4727
151792,3132,275.2734,1040,RIGHT_1040_US,1,1,0,48,-992.9883,1530.5273
151832,3144,276.3281,1040,RIGHT_1040_US,1,1,0,48,-991.9336,1531.5820
151872,3164,278.0859,1040,RIGHT_1040_US,1,1,0,48,-990.1758,1533.3398
151912,3178,279.3164,1040,RIGHT_1040_US,1,1,0,48,-988.9453,1534.5703
151952,3206,281.7773,1040,RIGHT_1040_US,1,1,0,48,-986.4844,1537.0312
151992,3211,282.2168,1040,RIGHT_1040_US,1,1,0,48,-986.0449,1537.4707
152032,3207,281.8652,1040,RIGHT_1040_US,1,1,0,48,-986.3965,1537.1191
152072,3222,283.1836,1040,RIGHT_1040_US,1,1,0,48,-985.0781,1538.4375
152112,3238,284.5898,1040,RIGHT_1040_US,1,1,0,48,-983.6719,1539.8438
152152,3266,287.0508,1040,RIGHT_1040_US,1,1,0,48,-981.2109,1542.3047
152192,-1,-1.0000,1040,RIGHT_1040_US,0,0,0,0,-981.2109,1542.3047
152232,3292,289.3359,1040,RIGHT_1040_US,1,1,0,48,-978.9258,1544.5898
152272,3298,289.8633,1040,RIGHT_1040_US,1,1,0,48,-978.3984,1545.1172
152312,3306,290.5664,1040,RIGHT_1040_US,1,1,0,48,-977.6953,1545.8203
152352,3309,290.8301,1040,RIGHT_1040_US,1,1,0,48,-977.4316,1546.0840
152392,3325,292.2363,1040,RIGHT_1040_US,1,1,0,48,-976.0254,1547.4902
152432,3333,292.9395,1040,RIGHT_1040_US,1,1,0,48,-975.3223,1548.1934
152472,3348,294.2578,1040,RIGHT_1040_US,1,1,0,48,-974.0039,1549.5117
152512,3354,294.7852,1040,RIGHT_1040_US,1,1,0,48,-973.4766,1550.0391
152552,3369,296.1035,1040,RIGHT_1040_US,1,1,0,48,-972.1582,1551.3574
152592,3378,296.8945,1040,RIGHT_1040_US,1,1,0,48,-971.3672,1552.1484
152632,3399,298.7402,1040,RIGHT_1040_US,1,1,0,48,-969.5215,1553.9941
152672,3426,301.1133,1040,RIGHT_1040_US,1,1,0,48,-967.1484,1556.3672
152712,3438,302.1680,1040,RIGHT_1040_US,1,1,0,48,-966.0938,1557.4219
152752,3443,302.6074,1040,RIGHT_1040_US,1,1,0,48,-965.6543,1557.8613
152792,3471,305.0684,1040,RIGHT_1040_US,1,1,0,48,-963.1934,1560.3223
152832,3481,305.9473,1040,RIGHT_1040_US,1,1,0,48,-962.3145,1561.2012
152872,3494,307.0898,1040,RIGHT_1040_US,1,1,0,48,-961.1719,1562.3438
152912,3499,307.5293,1040,RIGHT_1040_US,1,1,0,48,-960.7324,1562.7832
152952,3518,309.1992,1040,RIGHT_1040_US,1,1,0,48,-959.0625,1564.4531
152992,3531,310.3418,1040,RIGHT_1040_US,1,1,0,48,-957.9199,1565.5957
153032,3542,311.3086,1040,RIGHT_1040_US,1,1,0,48,-956.9531,1566.5625
153072,3561,312.9785,1040,RIGHT_1040_US,1,1,0,48,-955.2832,1568.2324
153112,3578,314.4727,1040,RIGHT_1040_US,1,1,0,48,-953.7891,1569.7266
153152,3593,315.7910,1040,RIGHT_1040_US,1,1,0,48,-952.4707,1571.0449
153192,3593,315.7910,1040,RIGHT_1040_US,1,1,0,48,-952.4707,1571.0449
153232,3610,317.2852,1040,RIGHT_1040_US,1,1,0,48,-950.9766,1572.5391
153272,3623,318.4277,1040,RIGHT_1040_US,1,1,0,48,-949.8340,1573.6816
153312,3650,320.8008,1040,RIGHT_1040_US,1,1,0,48,-947.4609,1576.0547
153352,3665,322.1191,1040,RIGHT_1040_US,1,1,0,48,-946.1426,1577.3730
153392,3678,323.2617,1040,RIGHT_1040_US,1,1,0,48,-945.0000,1578.5156
153432,3695,324.7559,1040,RIGHT_1040_US,1,1,0,48,-943.5059,1580.0098
153472,3691,324.4043,1040,RIGHT_1040_US,1,1,0,48,-943.8574,1579.6582
153512,3708,325.8984,1040,RIGHT_1040_US,1,1,0,48,-942.3633,1581.1523
153552,3738,328.5352,1040,RIGHT_1040_US,1,1,0,48,-939.7266,1583.7891
153592,3740,328.7109,1040,RIGHT_1040_US,1,1,0,48,-939.5508,1583.9648
153632,3752,329.7656,1040,RIGHT_1040_US,1,1,0,48,-938.4961,1585.0195
153672,3782,332.4023,1040,RIGHT_1040_US,1,1,0,48,-935.8594,1587.6562
153712,3800,333.9844,1040,RIGHT_1040_US,1,1,0,48,-934.2773,1589.2383
153752,3802,334.1602,1040,RIGHT_1040_US,1,1,0,48,-934.1016,1589.4141
153792,3829,336.5332,1040,RIGHT_1040_US,1,1,0,48,-931.7285,1591.7871
153832,3843,337.7637,1040,RIGHT_1040_US,1,1,0,48,-930.4980,1593.0176
153872,3848,338.2031,1040,RIGHT_1040_US,1,1,0,48,-930.0586,1593.4570
153912,3861,339.3457,1040,RIGHT_1040_US,1,1,0,48,-928.9160,1594.5996
153952,3883,341.2793,1040,RIGHT_1040_US,1,1,0,48,-926.9824,1596.5332
153992,3904,343.1250,1040,RIGHT_1040_US,1,1,0,48,-925.1367,1598.3789
154032,3917,344.2676,1040,RIGHT_1040_US,1,1,0,48,-923.9941,1599.5215
154072,3932,345.5859,1040,RIGHT_1040_US,1,1,0,48,-922.6758,1600.8398
154112,3949,347.0801,1040,RIGHT_1040_US,1,1,0,48,-921.1816,1602.3340
154152,3964,348.3984,1040,RIGHT_1040_US,1,1,0,48,-919.8633,1603.6523
154192,3963,348.3105,1040,RIGHT_1040_US,1,1,0,48,-919.9512,1603.5645
154232,3982,349.9805,1040,RIGHT_1040_US,1,1,0,48,-918.2812,1605.2344
154272,4009,352.3535,1040,RIGHT_1040_US,1,1,0,48,-915.9082,1607.6074
154312,4026,353.8477,1040,RIGHT_1040_US,1,1,0,48,-914.4141,1609.1016
154352,4039,354.9902,1040,RIGHT_1040_US,1,1,0,48,-913.2715,1610.2441
154392,4055,356.3965,1040,RIGHT_1040_US,1,1,0,48,-911.8652,1611.6504
154432,4070,357.7148,1040,RIGHT_1040_US,1,1,0,48,-910.5469,1612.9688
154472,4089,359.3848,1040,RIGHT_1040_US,1,1,0,48,-908.8770,1614.6387
154512,7,0.6152,1040,RIGHT_1040_US,1,1,0,48,-907.6465,1615.8691
154552,21,1.8457,1040,RIGHT_1040_US,1,1,0,48,-906.4160,1617.0996
154592,41,3.6035,1040,RIGHT_1040_US,1,1,0,48,-904.6582,1618.8574
154632,54,4.7461,1040,RIGHT_1040_US,1,1,0,48,-903.5156,1620.0000
154672,71,6.2402,1040,RIGHT_1040_US,1,1,0,48,-902.0215,1621.4941
154712,90,7.9102,1040,RIGHT_1040_US,1,1,0,48,-900.3516,1623.1641
154752,105,9.2285,1040,RIGHT_1040_US,1,1,0,48,-899.0332,1624.4824
154792,116,10.1953,1040,RIGHT_1040_US,1,1,0,48,-898.0664,1625.4492
154832,141,12.3926,1040,RIGHT_1040_US,1,1,0,48,-895.8691,1627.6465
154872,151,13.2715,1040,RIGHT_1040_US,1,1,0,48,-894.9902,1628.5254
154912,166,14.5898,1040,RIGHT_1040_US,1,1,0,48,-893.6719,1629.8438
154952,185,16.2598,1040,RIGHT_1040_US,1,1,0,48,-892.0020,1631.5137
154992,202,17.7539,1040,RIGHT_1040_US,1,1,0,48,-890.5078,1633.0078
155032,225,19.7754,1040,RIGHT_1040_US,1,1,0,16,-888.4863,1635.0293
155072,234,20.5664,1040,RIGHT_1040_US,1,1,0,48,-887.6953,1635.8203
155112,250,21.9727,1040,RIGHT_1040_US,1,1,0,48,-886.2891,1637.2266
155152,269,23.6426,1040,RIGHT_1040_US,1,1,0,48,-884.6191,1638.8965
155192,292,25.6641,1040,RIGHT_1040_US,1,1,0,48,-882.5977,1640.9180
155232,313,27.5098,1040,RIGHT_1040_US,1,1,0,16,-880.7520,1642.7637
155272,330,29.0039,1040,RIGHT_1040_US,1,1,0,48,-879.2578,1644.2578
155312,347,30.4980,1040,RIGHT_1040_US,1,1,0,48,-877.7637,1645.7520
155352,363,31.9043,1040,RIGHT_1040_US,1,1,0,48,-876.3574,1647.1582
155392,378,33.2227,1040,RIGHT_1040_US,1,1,0,48,-875.0391,1648.4766
155432,393,34.5410,1040,RIGHT_1040_US,1,1,0,48,-873.7207,1649.7949
155472,398,34.9805,1040,RIGHT_1040_US,1,1,0,48,-873.2812,1650.2344
155512,431,37.8809,1040,RIGHT_1040_US,1,1,0,48,-870.3809,1653.1348
155552,430,37.7930,1040,RIGHT_1040_US,1,1,0,48,-870.4688,1653.0469
155592,459,40.3418,1040,RIGHT_1040_US,1,1,0,48,-867.9199,1655.5957
155632,475,41.7480,1040,RIGHT_1040_US,1,1,0,48,-866.5137,1657.0020
155672,493,43.3301,1040,RIGHT_1040_US,1,1,0,48,-864.9316,1658.5840
155712,513,45.0879,1040,RIGHT_1040_US,1,1,0,48,-863.1738,1660.3418
155752,526,46.2305,1040,RIGHT_1040_US,1,1,0,48,-862.0312,1661.4844
155792,536,47.1094,1040,RIGHT_1040_US,1,1,0,48,-861.1523,1662.3633
155832,539,47.3730,1040,RIGHT_1040_US,1,1,0,48,-860.8887,1662.6270
155872,556,48.8672,1040,RIGHT_1040_US,1,1,0,48,-859.3945,1664.1211
155912,590,51.8555,1040,RIGHT_1040_US,1,1,0,48,-856.4062,1667.1094
155952,583,51.2402,1040,RIGHT_1040_US,1,1,0,48,-857.0215,1666.4941
155992,599,52.6465,1040,RIGHT_1040_US,1,1,0,48,-855.6152,1667.9004
156032,624,54.8438,1040,RIGHT_1040_US,1,1,0,48,-853.4180,1670.0977
156072,647,56.8652,1040,RIGHT_1040_US,1,1,0,48,-851.3965,1672.1191
156112,658,57.8320,1040,RIGHT_1040_US,1,1,0,48,-850.4297,1673.0859
156152,679,59.6777,1040,RIGHT_1040_US,1,1,0,48,-848.5840,1674.9316
156192,1535,134.9121,1040,RIGHT_1040_US,1,0,1,48,-848.5840,1674.9316
156232,1535,134.9121,1040,RIGHT_1040_US,1,0,1,48,-848.5840,1674.9316
156272,705,61.9629,1040,RIGHT_1040_US,1,1,0,48,-846.2988,1677.2168
156312,717,63.0176,1040,RIGHT_1040_US,1,1,0,48,-845.2441,1678.2715
156352,751,66.0059,1040,RIGHT_1040_US,1,1,0,48,-842.2559,1681.2598
156392,763,67.0605,1040,RIGHT_1040_US,1,1,0,48,-841.2012,1682.3145
156432,773,67.9395,1040,RIGHT_1040_US,1,1,0,48,-840.3223,1683.1934
156472,788,69.2578,1040,RIGHT_1040_US,1,1,0,48,-839.0039,1684.5117
156512,2047,179.9121,1040,RIGHT_1040_US,1,0,1,48,-839.0039,1684.5117
156552,802,70.4883,1040,RIGHT_1040_US,1,1,0,48,-837.7734,1685.7422
156592,825,72.5098,1040,RIGHT_1040_US,1,1,0,48,-835.7520,1687.7637
156632,830,72.9492,1040,RIGHT_1040_US,1,1,0,48,-835.3125,1688.2031
156672,834,73.3008,1040,RIGHT_1040_US,1,1,0,48,-834.9609,1688.5547
156712,836,73.4766,1040,RIGHT_1040_US,1,1,0,48,-834.7852,1688.7305
156752,879,77.2559,1040,RIGHT_1040_US,1,1,0,48,-831.0059,1692.5098
156792,884,77.6953,1040,RIGHT_1040_US,1,1,0,48,-830.5664,1692.9492
156832,903,79.3652,1040,RIGHT_1040_US,1,1,0,48,-828.8965,1694.6191
156872,918,80.6836,1040,RIGHT_1040_US,1,1,0,48,-827.5781,1695.9375
156912,913,80.2441,1040,RIGHT_1040_US,1,1,0,48,-828.0176,1695.4980
156952,911,80.0684,1040,RIGHT_1040_US,1,1,0,48,-828.1934,1695.3223
156992,932,81.9141,1040,RIGHT_1040_US,1,1,0,48,-826.3477,1697.1680
157032,938,82.4414,1040,RIGHT_1040_US,1,1,0,48,-825.8203,1697.6953
157072,978,85.9570,1040,RIGHT_1040_US,1,1,0,48,-822.3047,1701.2109
157112,958,84.1992,1040,RIGHT_1040_US,1,1,0,48,-824.0625,1699.4531
157152,992,87.1875,1040,RIGHT_1040_US,1,1,0,48,-821.0742,1702.4414
157192,988,86.8359,1040,RIGHT_1040_US,1,1,0,48,-821.4258,1702.0898
157232,1026,90.1758,1040,RIGHT_1040_US,1,1,0,48,-818.0859,1705.4297
157272,1005,88.3301,1040,RIGHT_1040_US,1,1,0,48,-819.9316,1703.5840
157312,1032,90.7031,1040,RIGHT_1040_US,1,1,0,48,-817.5586,1705.9570
157352,1055,92.7246,1040,RIGHT_1040_US,1,1,0,48,-815.5371,1707.9785
157392,1055,92.7246,1040,RIGHT_1040_US,1,1,0,48,-815.5371,1707.9785
157432,1071,94.1309,1040,RIGHT_1040_US,1,1,0,48,-814.1309,1709.3848
157472,1072,94.2188,1040,RIGHT_1040_US,1,1,0,48,-814.0430,1709.4727
157512,1095,96.2402,1040,RIGHT_1040_US,1,1,0,48,-812.0215,1711.4941
157552,1086,95.4492,1040,RIGHT_1040_US,1,1,0,48,-812.8125,1710.7031
157592,1096,96.3281,1040,RIGHT_1040_US,1,1,0,48,-811.9336,1711.5820
157632,1106,97.2070,1040,RIGHT_1040_US,1,1,0,48,-811.0547,1712.4609
157672,1117,98.1738,1040,RIGHT_1040_US,1,1,0,48,-810.0879,1713.4277
157712,1126,98.9648,1040,RIGHT_1040_US,1,1,0,48,-809.2969,1714.2188
157752,1150,101.0742,1040,RIGHT_1040_US,1,1,0,48,-807.1875,1716.3281
157792,1160,101.9531,1040,RIGHT_1040_US,1,1,0,48,-806.3086,1717.2070
157832,1189,104.5020,1040,RIGHT_1040_US,1,1,0,48,-803.7598,1719.7559
157872,1188,104.4141,1040,RIGHT_1040_US,1,1,0,48,-803.8477,1719.6680
157912,1191,104.6777,1040,RIGHT_1040_US,1,1,0,48,-803.5840,1719.9316
157952,1189,104.5020,1040,RIGHT_1040_US,1,1,0,48,-803.7598,1719.7559
157992,1202,105.6445,1040,RIGHT_1040_US,1,1,0,48,-802.6172,1720.8984
158032,1211,106.4355,1040,RIGHT_1040_US,1,1,0,48,-801.8262,1721.6895
158073,1239,108.8965,1040,RIGHT_1040_US,1,1,0,48,-799.3652,1724.1504
158112,1251,109.9512,1040,RIGHT_1040_US,1,1,0,48,-798.3105,1725.2051
158152,1259,110.6543,1040,RIGHT_1040_US,1,1,0,48,-797.6074,1725.9082
158192,1278,112.3242,1040,RIGHT_1040_US,1,1,0,48,-795.9375,1727.5781
158232,1289,113.2910,1040,RIGHT_1040_US,1,1,0,48,-794.9707,1728.5449
158273,1289,113.2910,1040,RIGHT_1040_US,1,1,0,48,-794.9707,1728.5449
158313,1305,114.6973,1040,RIGHT_1040_US,1,1,0,48,-793.5645,1729.9512
158352,1292,113.5547,1040,RIGHT_1040_US,1,1,0,48,-794.7070,1728.8086
158392,1306,114.7852,1040,RIGHT_1040_US,1,1,0,48,-793.4766,1730.0391
158432,1314,115.4883,1040,RIGHT_1040_US,1,1,0,48,-792.7734,1730.7422
158472,1348,118.4766,1040,RIGHT_1040_US,1,1,0,48,-789.7852,1733.7305
158512,1343,118.0371,1040,RIGHT_1040_US,1,1,0,48,-790.2246,1733.2910
158552,1365,119.9707,1040,RIGHT_1040_US,1,1,0,48,-788.2910,1735.2246
158592,1369,120.3223,1040,RIGHT_1040_US,1,1,0,48,-787.9395,1735.5762
158632,1368,120.2344,1040,RIGHT_1040_US,1,1,0,48,-788.0273,1735.4883
158672,1396,122.6953,1040,RIGHT_1040_US,1,1,0,48,-785.5664,1737.9492
158712,1384,121.6406,1040,RIGHT_1040_US,1,1,0,48,-786.6211,1736.8945
158752,1402,123.2227,1040,RIGHT_1040_US,1,1,0,48,-785.0391,1738.4766
158792,1406,123.5742,1040,RIGHT_1040_US,1,1,0,48,-784.6875,1738.8281
158832,1416,124.4531,1040,RIGHT_1040_US,1,1,0,48,-783.8086,1739.7070
158872,1444,126.9141,1040,RIGHT_1040_US,1,1,0,48,-781.3477,1742.1680
158912,1454,127.7930,1040,RIGHT_1040_US,1,1,0,48,-780.4688,1743.0469
158952,1469,129.1113,1040,RIGHT_1040_US,1,1,0,48,-779.1504,1744.3652
158992,1479,129.9902,1040,RIGHT_1040_US,1,1,0,48,-778.2715,1745.2441
159032,1488,130.7812,1040,RIGHT_1040_US,1,1,0,48,-777.4805,1746.0352
159072,1488,130.7812,1040,RIGHT_1040_US,1,1,0,48,-777.4805,1746.0352
159112,1511,132.8027,1040,RIGHT_1040_US,1,1,0,48,-775.4590,1748.0566
159152,1519,133.5059,1040,RIGHT_1040_US,1,1,0,48,-774.7559,1748.7598
159192,1534,134.8242,1040,RIGHT_1040_US,1,1,0,48,-773.4375,1750.0781
159232,1546,135.8789,1040,RIGHT_1040_US,1,1,0,48,-772.3828,1751.1328
159272,1554,136.5820,1040,RIGHT_1040_US,1,1,0,48,-771.6797,1751.8359
159312,1558,136.9336,1040,RIGHT_1040_US,1,1,0,48,-771.3281,1752.1875
159352,1574,138.3398,1040,RIGHT_1040_US,1,1,0,48,-769.9219,1753.5938
159392,1577,138.6035,1040,RIGHT_1040_US,1,1,0,48,-769.6582,1753.8574
159432,1593,140.0098,1040,RIGHT_1040_US,1,1,0,48,-768.2520,1755.2637
159472,1604,140.9766,1040,RIGHT_1040_US,1,1,0,48,-767.2852,1756.2305
159512,1613,141.7676,1040,RIGHT_1040_US,1,1,0,48,-766.4941,1757.0215
159552,1609,141.4160,1040,RIGHT_1040_US,1,1,0,48,-766.8457,1756.6699
159592,1633,143.5254,1040,RIGHT_1040_US,1,1,0,48,-764.7363,1758.7793
159632,1633,143.5254,1040,RIGHT_1040_US,1,1,0,48,-764.7363,1758.7793
159672,1643,144.4043,1040,RIGHT_1040_US,1,1,0,48,-763.8574,1759.6582
159712,1666,146.4258,1040,RIGHT_1040_US,1,1,0,48,-761.8359,1761.6797
159752,1667,146.5137,1040,RIGHT_1040_US,1,1,0,48,-761.7480,1761.7676
159792,1685,148.0957,1040,RIGHT_1040_US,1,1,0,48,-760.1660,1763.3496
159832,1687,148.2715,1040,RIGHT_1040_US,1,1,0,48,-759.9902,1763.5254
159872,1712,150.4688,1040,RIGHT_1040_US,1,1,0,48,-757.7930,1765.7227
159912,1711,150.3809,1040,RIGHT_1040_US,1,1,0,48,-757.8809,1765.6348
159952,1724,151.5234,1040,RIGHT_1040_US,1,1,0,48,-756.7383,1766.7773
159992,1735,152.4902,1040,RIGHT_1040_US,1,1,0,48,-755.7715,1767.7441
160032,1743,153.1934,1040,RIGHT_1040_US,1,1,0,48,-755.0684,1768.4473
160072,1767,155.3027,1040,RIGHT_1040_US,1,1,0,48,-752.9590,1770.5566
160112,1776,156.0938,1040,RIGHT_1040_US,1,1,0,48,-752.1680,1771.3477
160152,1784,156.7969,1040,RIGHT_1040_US,1,1,0,48,-751.4648,1772.0508
160192,1798,158.0273,1040,RIGHT_1040_US,1,1,0,48,-750.2344,1773.2812
160232,1811,159.1699,1040,RIGHT_1040_US,1,1,0,48,-749.0918,1774.4238
160272,1824,160.3125,1040,RIGHT_1040_US,1,1,0,48,-747.9492,1775.5664
160312,1834,161.1914,1040,RIGHT_1040_US,1,1,0,48,-747.0703,1776.4453
160352,1846,162.2461,1040,RIGHT_1040_US,1,1,0,48,-746.0156,1777.5000
160392,1858,163.3008,1040,RIGHT_1040_US,1,1,0,48,-744.9609,1778.5547
160432,1865,163.9160,1040,RIGHT_1040_US,1,1,0,48,-744.3457,1779.1699
160472,1881,165.3223,1040,RIGHT_1040_US,1,1,0,48,-742.9395,1780.5762
160512,1893,166.3770,1040,RIGHT_1040_US,1,1,0,48,-741.8848,1781.6309
160552,1899,166.9043,1040,RIGHT_1040_US,1,1,0,48,-741.3574,1782.1582
160592,1915,168.3105,1040,RIGHT_1040_US,1,1,0,48,-739.9512,1783.5645
160632,1926,169.2773,1040,RIGHT_1040_US,1,1,0,48,-738.9844,1784.5312
160672,1936,170.1562,1040,RIGHT_1040_US,1,1,0,48,-738.1055,1785.4102
160712,1947,171.1230,1040,RIGHT_1040_US,1,1,0,48,-737.1387,1786.3770
160752,1962,172.4414,1040,RIGHT_1040_US,1,1,0,48,-735.8203,1787.6953
160792,1974,173.4961,1040,RIGHT_1040_US,1,1,0,48,-734.7656,1788.7500
160832,-1,-1.0000,1040,RIGHT_1040_US,0,0,0,0,-734.7656,1788.7500
160872,1997,175.5176,1040,RIGHT_1040_US,1,1,0,48,-732.7441,1790.7715
160912,2009,176.5723,1040,RIGHT_1040_US,1,1,0,48,-731.6895,1791.8262
160952,2022,177.7148,1040,RIGHT_1040_US,1,1,0,48,-730.5469,1792.9688
160992,2036,178.9453,1040,RIGHT_1040_US,1,1,0,48,-729.3164,1794.1992
161032,2047,179.9121,1040,RIGHT_1040_US,1,1,0,48,-728.3496,1795.1660
161072,2057,180.7910,1040,RIGHT_1040_US,1,1,0,48,-727.4707,1796.0449
161112,2068,181.7578,1040,RIGHT_1040_US,1,1,0,48,-726.5039,1797.0117
161152,2078,182.6367,1040,RIGHT_1040_US,1,1,0,48,-725.6250,1797.8906
161192,2089,183.6035,1040,RIGHT_1040_US,1,1,0,48,-724.6582,1798.8574
161232,2103,184.8340,1040,RIGHT_1040_US,1,1,0,48,-723.4277,1800.0879
161272,2113,185.7129,1040,RIGHT_1040_US,1,1,0,48,-722.5488,1800.9668
161312,2129,187.1191,1040,RIGHT_1040_US,1,1,0,48,-721.1426,1802.3730
161352,2142,188.2617,1040,RIGHT_1040_US,1,1,0,48,-720.0000,1803.5156
161392,2152,189.1406,1040,RIGHT_1040_US,1,1,0,48,-719.1211,1804.3945
161432,2157,189.5801,1040,RIGHT_1040_US,1,1,0,48,-718.6816,1804.8340
161472,2172,190.8984,1040,RIGHT_1040_US,1,1,0,48,-717.3633,1806.1523
161512,2182,191.7773,1040,RIGHT_1040_US,1,1,0,48,-716.4844,1807.0312
161552,2192,192.6562,1040,RIGHT_1040_US,1,1,0,48,-715.6055,1807.9102
161592,2214,194.5898,1040,RIGHT_1040_US,1,1,0,48,-713.6719,1809.8438
161632,2220,195.1172,1040,RIGHT_1040_US,1,1,0,48,-713.1445,1810.3711
161672,2228,195.8203,1040,RIGHT_1040_US,1,1,0,48,-712.4414,1811.0742
161712,2244,197.2266,1040,RIGHT_1040_US,1,1,0,48,-711.0352,1812.4805
161752,2249,197.6660,1040,RIGHT_1040_US,1,1,0,48,-710.5957,1812.9199
161792,2269,199.4238,1040,RIGHT_1040_US,1,1,0,48,-708.8379,1814.6777
161832,2277,200.1270,1040,RIGHT_1040_US,1,1,0,48,-708.1348,1815.3809
161872,2281,200.4785,1040,RIGHT_1040_US,1,1,0,48,-707.7832,1815.7324
161912,2303,202.4121,1040,RIGHT_1040_US,1,1,0,48,-705.8496,1817.6660
161952,2302,202.3242,1040,RIGHT_1040_US,1,1,0,48,-705.9375,1817.5781
161992,2314,203.3789,1040,RIGHT_1040_US,1,1,0,48,-704.8828,1818.6328
162032,2328,204.6094,1040,RIGHT_1040_US,1,1,0,48,-703.6523,1819.8633
162072,2347,206.2793,1040,RIGHT_1040_US,1,1,0,48,-701.9824,1821.5332
162112,2360,207.4219,1040,RIGHT_1040_US,1,1,0,48,-700.8398,1822.6758
162152,2370,208.3008,1040,RIGHT_1040_US,1,1,0,48,-699.9609,1823.5547
162192,2374,208.6523,1040,RIGHT_1040_US,1,1,0,48,-699.6094,1823.9062
162232,2384,209.5312,1040,RIGHT_1040_US,1,1,0,48,-698.7305,1824.7852
162272,2405,211.3770,1040,RIGHT_1040_US,1,1,0,48,-696.8848,1826.6309
162312,2405,211.3770,1040,RIGHT_1040_US,1,1,0,48,-696.8848,1826.6309
162352,2418,212.5195,1040,RIGHT_1040_US,1,1,0,48,-695.7422,1827.7734
162392,2441,214.5410,1040,RIGHT_1040_US,1,1,0,48,-693.7207,1829.7949
162432,2455,215.7715,1040,RIGHT_1040_US,1,1,0,48,-692.4902,1831.0254
162472,2462,216.3867,1040,RIGHT_1040_US,1,1,0,48,-691.8750,1831.6406
162512,2476,217.6172,1040,RIGHT_1040_US,1,1,0,48,-690.6445,1832.8711
162552,2470,217.0898,1040,RIGHT_1040_US,1,1,0,48,-691.1719,1832.3438
162592,2481,218.0566,1040,RIGHT_1040_US,1,1,0,48,-690.2051,1833.3105
162632,2493,219.1113,1040,RIGHT_1040_US,1,1,0,48,-689.1504,1834.3652
162672,2515,221.0449,1040,RIGHT_1040_US,1,1,0,48,-687.2168,1836.2988
162712,2532,222.5391,1040,RIGHT_1040_US,1,1,0,48,-685.7227,1837.7930
162752,2545,223.6816,1040,RIGHT_1040_US,1,1,0,48,-684.5801,1838.9355
162792,2549,224.0332,1040,RIGHT_1040_US,1,1,0,48,-684.2285,1839.2871
162832,2549,224.0332,1040,RIGHT_1040_US,1,1,0,48,-684.2285,1839.2871
162872,2573,226.1426,1040,RIGHT_1040_US,1,1,0,48,-682.1191,1841.3965
162912,2573,226.1426,1040,RIGHT_1040_US,1,1,0,48,-682.1191,1841.3965
162952,2584,227.1094,1040,RIGHT_1040_US,1,1,0,48,-681.1523,1842.3633
162992,2594,227.9883,1040,RIGHT_1040_US,1,1,0,48,-680.2734,1843.2422
163032,2619,230.1855,1040,RIGHT_1040_US,1,1,0,48,-678.0762,1845.4395
163072,2634,231.5039,1040,RIGHT_1040_US,1,1,0,48,-676.7578,1846.7578
163112,2629,231.0645,1040,RIGHT_1040_US,1,1,0,48,-677.1973,1846.3184
163152,2647,232.6465,1040,RIGHT_1040_US,1,1,0,48,-675.6152,1847.9004
163192,2646,232.5586,1040,RIGHT_1040_US,1,1,0,48,-675.7031,1847.8125
163232,2664,234.1406,1040,RIGHT_1040_US,1,1,0,48,-674.1211,1849.3945
163272,2690,236.4258,1040,RIGHT_1040_US,1,1,0,48,-671.8359,1851.6797
163312,2679,235.4590,1040,RIGHT_1040_US,1,1,0,48,-672.8027,1850.7129
163352,2698,237.1289,1040,RIGHT_1040_US,1,1,0,48,-671.1328,1852.3828
163392,2721,239.1504,1040,RIGHT_1040_US,1,1,0,48,-669.1113,1854.4043
163432,2723,239.3262,1040,RIGHT_1040_US,1,1,0,48,-668.9355,1854.5801
163472,2737,240.5566,1040,RIGHT_1040_US,1,1,0,48,-667.7051,1855.8105
163512,2734,240.2930,1040,RIGHT_1040_US,1,1,0,48,-667.9688,1855.5469
163552,2748,241.5234,1040,RIGHT_1040_US,1,1,0,48,-666.7383,1856.7773
163592,2771,243.5449,1040,RIGHT_1040_US,1,1,0,48,-664.7168,1858.7988
163632,2760,242.5781,1040,RIGHT_1040_US,1,1,0,48,-665.6836,1857.8320
163672,2773,243.7207,1040,RIGHT_1040_US,1,1,0,48,-664.5410,1858.9746
163712,2792,245.3906,1040,RIGHT_1040_US,1,1,0,48,-662.8711,1860.6445
163752,2812,247.1484,1040,RIGHT_1040_US,1,1,0,48,-661.1133,1862.4023
163792,2815,247.4121,1040,RIGHT_1040_US,1,1,0,48,-660.8496,1862.6660
163832,2836,249.2578,1040,RIGHT_1040_US,1,1,0,48,-659.0039,1864.5117
163872,2846,250.1367,1040,RIGHT_1040_US,1,1,0,48,-658.1250,1865.3906
163912,2858,251.1914,1040,RIGHT_1040_US,1,1,0,48,-657.0703,1866.4453
163952,2847,250.2246,1040,RIGHT_1040_US,1,1,0,48,-658.0371,1865.4785
163992,2871,252.3340,1040,RIGHT_1040_US,1,1,0,48,-655.9277,1867.5879
164033,2872,252.4219,1040,RIGHT_1040_US,1,1,0,48,-655.8398,1867.6758
164072,-1,-1.0000,1040,RIGHT_1040_US,0,0,0,0,-655.8398,1867.6758
164112,2895,254.4434,1040,RIGHT_1040_US,1,1,0,48,-653.8184,1869.6973
164152,2902,255.0586,1040,RIGHT_1040_US,1,1,0,48,-653.2031,1870.3125
164192,2924,256.9922,1040,RIGHT_1040_US,1,1,0,48,-651.2695,1872.2461
164232,2921,256.7285,1040,RIGHT_1040_US,1,1,0,48,-651.5332,1871.9824
164272,2943,258.6621,1040,RIGHT_1040_US,1,1,0,48,-649.5996,1873.9160
164312,2942,258.5742,1040,RIGHT_1040_US,1,1,0,48,-649.6875,1873.8281
164352,2952,259.4531,1040,RIGHT_1040_US,1,1,0,48,-648.8086,1874.7070
164392,2986,262.4414,1040,RIGHT_1040_US,1,1,0,48,-645.8203,1877.6953
164432,2975,261.4746,1040,RIGHT_1040_US,1,1,0,48,-646.7871,1876.7285
164472,2990,262.7930,1040,RIGHT_1040_US,1,1,0,48,-645.4688,1878.0469
164512,3003,263.9355,1040,RIGHT_1040_US,1,1,0,48,-644.3262,1879.1895
164552,3007,264.2871,1040,RIGHT_1040_US,1,1,0,48,-643.9746,1879.5410
164592,3023,265.6934,1040,RIGHT_1040_US,1,1,0,48,-642.5684,1880.9473
164632,3054,268.4180,1040,RIGHT_1040_US,1,1,0,48,-639.8438,1883.6719
164672,3065,269.3848,1040,RIGHT_1040_US,1,1,0,48,-638.8770,1884.6387
164712,3077,270.4395,1040,RIGHT_1040_US,1,1,0,48,-637.8223,1885.6934
164752,3082,270.8789,1040,RIGHT_1040_US,1,1,0,48,-637.3828,1886.1328
164792,3077,270.4395,1040,RIGHT_1040_US,1,1,0,48,-637.8223,1885.6934
164832,3091,271.6699,1040,RIGHT_1040_US,1,1,0,48,-636.5918,1886.9238
164872,3097,272.1973,1040,RIGHT_1040_US,1,1,0,48,-636.0645,1887.4512
164912,3114,273.6914,1040,RIGHT_1040_US,1,1,0,48,-634.5703,1888.9453
164952,3133,275.3613,1040,RIGHT_1040_US,1,1,0,48,-632.9004,1890.6152
164992,3145,276.4160,1040,RIGHT_1040_US,1,1,0,48,-631.8457,1891.6699
165032,3167,278.3496,1040,RIGHT_1040_US,1,1,0,48,-629.9121,1893.6035
165072,3172,278.7891,1040,RIGHT_1040_US,1,1,0,48,-629.4727,1894.0430
165112,3179,279.4043,1040,RIGHT_1040_US,1,1,0,48,-628.8574,1894.6582
165152,3199,281.1621,1040,RIGHT_1040_US,1,1,0,48,-627.0996,1896.4160
165192,3193,280.6348,1040,RIGHT_1040_US,1,1,0,48,-627.6270,1895.8887
165232,3202,281.4258,1040,RIGHT_1040_US,1,1,0,48,-626.8359,1896.6797
165272,3215,282.5684,1040,RIGHT_1040_US,1,1,0,48,-625.6934,1897.8223
165312,3232,284.0625,1040,RIGHT_1040_US,1,1,0,48,-624.1992,1899.3164
165352,3264,286.8750,1040,RIGHT_1040_US,1,1,0,48,-621.3867,1902.1289
165392,3268,287.2266,1040,RIGHT_1040_US,1,1,0,48,-621.0352,1902.4805
165432,3263,286.7871,1040,RIGHT_1040_US,1,1,0,48,-621.4746,1902.0410
165472,3295,289.5996,1040,RIGHT_1040_US,1,1,0,48,-618.6621,1904.8535
165512,3302,290.2148,1040,RIGHT_1040_US,1,1,0,48,-618.0469,1905.4688
165552,3314,291.2695,1040,RIGHT_1040_US,1,1,0,48,-616.9922,1906.5234
165592,3332,292.8516,1040,RIGHT_1040_US,1,1,0,48,-615.4102,1908.1055
165632,3338,293.3789,1040,RIGHT_1040_US,1,1,0,48,-614.8828,1908.6328
165672,3357,295.0488,1040,RIGHT_1040_US,1,1,0,48,-613.2129,1910.3027
165712,3376,296.7188,1040,RIGHT_1040_US,1,1,0,48,-611.5430,1911.9727
165752,3369,296.1035,1040,RIGHT_1040_US,1,1,0,48,-612.1582,1911.3574
165792,3380,297.0703,1040,RIGHT_1040_US,1,1,0,48,-611.1914,1912.3242
165832,3404,299.1797,1040,RIGHT_1040_US,1,1,0,48,-609.0820,1914.4336
165872,3408,299.5312,1040,RIGHT_1040_US,1,1,0,48,-608.7305,1914.7852
165912,3444,302.6953,1040,RIGHT_1040_US,1,1,0,48,-605.5664,1917.9492
165952,3437,302.0801,1040,RIGHT_1040_US,1,1,0,48,-606.1816,1917.3340
165992,3449,303.1348,1040,RIGHT_1040_US,1,1,0,48,-605.1270,1918.3887
166032,3464,304.4531,1040,RIGHT_1040_US,1,1,0,48,-603.8086,1919.7070
166072,3478,305.6836,1040,RIGHT_1040_US,1,1,0,48,-602.5781,1920.9375
166112,3491,306.8262,1040,RIGHT_1040_US,1,1,0,48,-601.4355,1922.0801
166152,3510,308.4961,1040,RIGHT_1040_US,1,1,0,48,-599.7656,1923.7500
166194,3541,311.2207,1040,RIGHT_1040_US,1,1,0,48,-597.0410,1926.4746
166232,3553,312.2754,1040,RIGHT_1040_US,1,1,0,48,-595.9863,1927.5293
166272,3547,311.7480,1040,RIGHT_1040_US,1,1,0,48,-596.5137,1927.0020
166312,3567,313.5059,1040,RIGHT_1040_US,1,1,0,48,-594.7559,1928.7598
166352,3576,314.2969,1040,RIGHT_1040_US,1,1,0,48,-593.9648,1929.5508
166392,3608,317.1094,1040,RIGHT_1040_US,1,1,0,48,-591.1523,1932.3633
166432,3613,317.5488,1040,RIGHT_1040_US,1,1,0,48,-590.7129,1932.8027
166472,3640,319.9219,1040,RIGHT_1040_US,1,1,0,48,-588.3398,1935.1758
166512,3651,320.8887,1040,RIGHT_1040_US,1,1,0,48,-587.3730,1936.1426
166552,3657,321.4160,1040,RIGHT_1040_US,1,1,0,48,-586.8457,1936.6699
166592,3671,322.6465,1040,RIGHT_1040_US,1,1,0,48,-585.6152,1937.9004
166632,3680,323.4375,1040,RIGHT_1040_US,1,1,0,48,-584.8242,1938.6914
166672,3710,326.0742,1040,RIGHT_1040_US,1,1,0,48,-582.1875,1941.3281
166712,3710,326.0742,1040,RIGHT_1040_US,1,1,0,48,-582.1875,1941.3281
166752,3738,328.5352,1040,RIGHT_1040_US,1,1,0,48,-579.7266,1943.7891
166792,3753,329.8535,1040,RIGHT_1040_US,1,1,0,48,-578.4082,1945.1074
166832,3769,331.2598,1040,RIGHT_1040_US,1,1,0,48,-577.0020,1946.5137
166872,3786,332.7539,1040,RIGHT_1040_US,1,1,0,48,-575.5078,1948.0078
166912,3796,333.6328,1040,RIGHT_1040_US,1,1,0,48,-574.6289,1948.8867
166952,3800,333.9844,1040,RIGHT_1040_US,1,1,0,48,-574.2773,1949.2383
166992,3814,335.2148,1040,RIGHT_1040_US,1,1,0,48,-573.0469,1950.4688
167032,3839,337.4121,1040,RIGHT_1040_US,1,1,0,48,-570.8496,1952.6660
167072,3846,338.0273,1040,RIGHT_1040_US,1,1,0,48,-570.2344,1953.2812
167112,3860,339.2578,1040,RIGHT_1040_US,1,1,0,48,-569.0039,1954.5117
167152,3878,340.8398,1040,RIGHT_1040_US,1,1,0,48,-567.4219,1956.0938
167192,3890,341.8945,1040,RIGHT_1040_US,1,1,0,48,-566.3672,1957.1484
167232,3907,343.3887,1040,RIGHT_1040_US,1,1,0,48,-564.8730,1958.6426
167272,3932,345.5859,1040,RIGHT_1040_US,1,1,0,48,-562.6758,1960.8398
167312,3935,345.8496,1040,RIGHT_1040_US,1,1,0,48,-562.4121,1961.1035
167352,3954,347.5195,1040,RIGHT_1040_US,1,1,0,48,-560.7422,1962.7734
167392,3966,348.5742,1040,RIGHT_1040_US,1,1,0,48,-559.6875,1963.8281
167432,3985,350.2441,1040,RIGHT_1040_US,1,1,0,48,-558.0176,1965.4980
167472,4008,352.2656,1040,RIGHT_1040_US,1,1,0,48,-555.9961,1967.5195
167512,4024,353.6719,1040,RIGHT_1040_US,1,1,0,48,-554.5898,1968.9258
167552,4041,355.1660,1040,RIGHT_1040_US,1,1,0,48,-553.0957,1970.4199
167592,4058,356.6602,1040,RIGHT_1040_US,1,1,0,48,-551.6016,1971.9141
167632,4061,356.9238,1040,RIGHT_1040_US,1,1,0,48,-551.3379,1972.1777
167672,4082,358.7695,1040,RIGHT_1040_US,1,1,0,48,-549.4922,1974.0234
167712,5,0.4395,1040,RIGHT_1040_US,1,1,0,48,-547.8223,1975.6934
167752,15,1.3184,1040,RIGHT_1040_US,1,1,0,48,-546.9434,1976.5723
167792,38,3.3398,1040,RIGHT_1040_US,1,1,0,48,-544.9219,1978.5938
167832,57,5.0098,1040,RIGHT_1040_US,1,1,0,48,-543.2520,1980.2637
167872,74,6.5039,1040,RIGHT_1040_US,1,1,0,48,-541.7578,1981.7578
167912,91,7.9980,1040,RIGHT_1040_US,1,1,0,48,-540.2637,1983.2520
167952,108,9.4922,1040,RIGHT_1040_US,1,1,0,48,-538.7695,1984.7461
167992,121,10.6348,1040,RIGHT_1040_US,1,1,0,48,-537.6270,1985.8887
168032,141,12.3926,1040,RIGHT_1040_US,1,1,0,48,-535.8691,1987.6465
168072,158,13.8867,1040,RIGHT_1040_US,1,1,0,48,-534.3750,1989.1406
168112,167,14.6777,1040,RIGHT_1040_US,1,1,0,48,-533.5840,1989.9316
168152,192,16.8750,1040,RIGHT_1040_US,1,1,0,48,-531.3867,1992.1289
168192,202,17.7539,1040,RIGHT_1040_US,1,1,0,48,-530.5078,1993.0078
168232,218,19.1602,1040,RIGHT_1040_US,1,1,0,48,-529.1016,1994.4141
168272,244,21.4453,1040,RIGHT_1040_US,1,1,0,48,-526.8164,1996.6992
168313,264,23.2031,1040,RIGHT_1040_US,1,1,0,16,-525.0586,1998.4570
168352,275,24.1699,1040,RIGHT_1040_US,1,1,0,48,-524.0918,1999.4238
168392,289,25.4004,1040,RIGHT_1040_US,1,1,0,48,-522.8613,2000.6543
168432,314,27.5977,1040,RIGHT_1040_US,1,1,0,48,-520.6641,2002.8516
168472,329,28.9160,1040,RIGHT_1040_US,1,1,0,48,-519.3457,2004.1699
168513,350,30.7617,1040,RIGHT_1040_US,1,1,0,16,-517.5000,2006.0156
168552,4095,359.9121,1040,RIGHT_1040_US,1,0,1,48,-517.5000,2006.0156
168592,378,33.2227,1040,RIGHT_1040_US,1,1,0,48,-515.0391,2008.4766
168632,383,33.6621,1040,RIGHT_1040_US,1,1,0,48,-514.5996,2008.9160
168672,398,34.9805,1040,RIGHT_1040_US,1,1,0,48,-513.2812,2010.2344
168712,428,37.6172,1040,RIGHT_1040_US,1,1,0,48,-510.6445,2012.8711
168752,432,37.9688,1040,RIGHT_1040_US,1,1,0,48,-510.2930,2013.2227
168792,452,39.7266,1040,RIGHT_1040_US,1,1,0,48,-508.5352,2014.9805
168832,-1,-1.0000,1040,RIGHT_1040_US,0,0,0,0,-508.5352,2014.9805
168872,485,42.6270,1040,RIGHT_1040_US,1,1,0,48,-505.6348,2017.8809
168912,501,44.0332,1040,RIGHT_1040_US,1,1,0,48,-504.2285,2019.2871
168952,531,46.6699,1040,RIGHT_1040_US,1,1,0,48,-501.5918,2021.9238
168992,538,47.2852,1040,RIGHT_1040_US,1,1,0,48,-500.9766,2022.5391
169032,553,48.6035,1040,RIGHT_1040_US,1,1,0,48,-499.6582,2023.8574
169072,552,48.5156,1040,RIGHT_1040_US,1,1,0,48,-499.7461,2023.7695
169112,583,51.2402,1040,RIGHT_1040_US,1,1,0,48,-497.0215,2026.4941
169152,596,52.3828,1040,RIGHT_1040_US,1,1,0,48,-495.8789,2027.6367
169192,604,53.0859,1040,RIGHT_1040_US,1,1,0,48,-495.1758,2028.3398
169232,622,54.6680,1040,RIGHT_1040_US,1,1,0,48,-493.5938,2029.9219
169272,647,56.8652,1040,RIGHT_1040_US,1,1,0,48,-491.3965,2032.1191
169312,647,56.8652,1040,RIGHT_1040_US,1,1,0,48,-491.3965,2032.1191
169352,669,58.7988,1040,RIGHT_1040_US,1,1,0,48,-489.4629,2034.0527
169392,690,60.6445,1040,RIGHT_1040_US,1,1,0,48,-487.6172,2035.8984
169432,707,62.1387,1040,RIGHT_1040_US,1,1,0,48,-486.1230,2037.3926
169472,700,61.5234,1040,RIGHT_1040_US,1,1,0,48,-486.7383,2036.7773
169512,708,62.2266,1040,RIGHT_1040_US,1,1,0,48,-486.0352,2037.4805
169552,729,64.0723,1040,RIGHT_1040_US,1,1,0,48,-484.1895,2039.3262
169592,759,66.7090,1040,RIGHT_1040_US,1,1,0,48,-481.5527,2041.9629
169632,755,66.3574,1040,RIGHT_1040_US,1,1,0,48,-481.9043,2041.6113
169672,772,67.8516,1040,RIGHT_1040_US,1,1,0,48,-480.4102,2043.1055
169712,803,70.5762,1040,RIGHT_1040_US,1,1,0,48,-477.6855,2045.8301
169752,817,71.8066,1040,RIGHT_1040_US,1,1,0,48,-476.4551,2047.0605
169792,832,73.1250,1040,RIGHT_1040_US,1,1,0,48,-475.1367,2048.3789
169832,843,74.0918,1040,RIGHT_1040_US,1,1,0,48,-474.1699,2049.3457
169872,846,74.3555,1040,RIGHT_1040_US,1,1,0,48,-473.9062,2049.6094
169912,870,76.4648,1040,RIGHT_1040_US,1,1,0,48,-471.7969,2051.7188
169952,880,77.3438,1040,RIGHT_1040_US,1,1,0,48,-470.9180,2052.5977
169992,865,76.0254,1040,RIGHT_1040_US,1,1,0,48,-472.2363,2051.2793
170032,886,77.8711,1040,RIGHT_1040_US,1,1,0,48,-470.3906,2053.1250
170072,899,79.0137,1040,RIGHT_1040_US,1,1,0,48,-469.2480,2054.2676
170112,934,82.0898,1040,RIGHT_1040_US,1,1,0,48,-466.1719,2057.3438
170152,945,83.0566,1040,RIGHT_1040_US,1,1,0,48,-465.2051,2058.3105
170192,928,81.5625,1040,RIGHT_1040_US,1,1,0,48,-466.6992,2056.8164
170232,953,83.7598,1040,RIGHT_1040_US,1,1,0,48,-464.5020,2059.0137
170272,963,84.6387,1040,RIGHT_1040_US,1,1,0,48,-463.6230,2059.8926
170312,977,85.8691,1040,RIGHT_1040_US,1,1,0,48,-462.3926,2061.1230
170352,975,85.6934,1040,RIGHT_1040_US,1,1,0,48,-462.5684,2060.9473
170392,1016,89.2969,1040,RIGHT_1040_US,1,1,0,48,-458.9648,2064.5508
170432,1023,89.9121,1040,RIGHT_1040_US,1,1,0,48,-458.3496,2065.1660
170472,1038,91.2305,1040,RIGHT_1040_US,1,1,0,48,-457.0312,2066.4844
170512,1027,90.2637,1040,RIGHT_1040_US,1,1,0,48,-457.9980,2065.5176
170552,1035,90.9668,1040,RIGHT_1040_US,1,1,0,48,-457.2949,2066.2207
170592,1060,93.1641,1040,RIGHT_1040_US,1,1,0,48,-455.0977,2068.4180
170632,1060,93.1641,1040,RIGHT_1040_US,1,1,0,48,-455.0977,2068.4180
170672,1093,96.0645,1040,RIGHT_1040_US,1,1,0,48,-452.1973,2071.3184
170712,1103,96.9434,1040,RIGHT_1040_US,1,1,0,48,-451.3184,2072.1973
170752,1115,97.9980,1040,RIGHT_1040_US,1,1,0,48,-450.2637,2073.2520
170792,-1,-1.0000,1040,RIGHT_1040_US,0,0,0,0,-450.2637,2073.2520
170832,1132,99.4922,1040,RIGHT_1040_US,1,1,0,48,-448.7695,2074.7461
170872,1143,100.4590,1040,RIGHT_1040_US,1,1,0,48,-447.8027,2075.7129
170912,1146,100.7227,1040,RIGHT_1040_US,1,1,0,48,-447.5391,2075.9766
170952,1146,100.7227,1040,RIGHT_1040_US,1,1,0,48,-447.5391,2075.9766
170992,1149,100.9863,1040,RIGHT_1040_US,1,1,0,48,-447.2754,2076.2402
171032,1160,101.9531,1040,RIGHT_1040_US,1,1,0,48,-446.3086,2077.2070
171073,1198,105.2930,1040,RIGHT_1040_US,1,1,0,48,-442.9688,2080.5469
171112,1202,105.6445,1040,RIGHT_1040_US,1,1,0,48,-442.6172,2080.8984
171152,1195,105.0293,1040,RIGHT_1040_US,1,1,0,48,-443.2324,2080.2832
171192,1231,108.1934,1040,RIGHT_1040_US,1,1,0,48,-440.0684,2083.4473
171232,1241,109.0723,1040,RIGHT_1040_US,1,1,0,48,-439.1895,2084.3262
171272,1242,109.1602,1040,RIGHT_1040_US,1,1,0,48,-439.1016,2084.4141
171312,1252,110.0391,1040,RIGHT_1040_US,1,1,0,48,-438.2227,2085.2930
171353,1248,109.6875,1040,RIGHT_1040_US,1,1,0,48,-438.5742,2084.9414
171392,1255,110.3027,1040,RIGHT_1040_US,1,1,0,48,-437.9590,2085.5566
171432,1284,112.8516,1040,RIGHT_1040_US,1,1,0,48,-435.4102,2088.1055
171472,1295,113.8184,1040,RIGHT_1040_US,1,1,0,48,-434.4434,2089.0723
171512,1293,113.6426,1040,RIGHT_1040_US,1,1,0,48,-434.6191,2088.8965
171552,1321,116.1035,1040,RIGHT_1040_US,1,1,0,48,-432.1582,2091.3574
171592,1333,117.1582,1040,RIGHT_1040_US,1,1,0,48,-431.1035,2092.4121
171632,1335,117.3340,1040,RIGHT_1040_US,1,1,0,48,-430.9277,2092.5879
171672,1331,116.9824,1040,RIGHT_1040_US,1,1,0,48,-431.2793,2092.2363
171712,1340,117.7734,1040,RIGHT_1040_US,1,1,0,48,-430.4883,2093.0273
171752,1346,118.3008,1040,RIGHT_1040_US,1,1,0,48,-429.9609,2093.5547
171792,1362,119.7070,1040,RIGHT_1040_US,1,1,0,48,-428.5547,2094.9609
171832,1371,120.4980,1040,RIGHT_1040_US,1,1,0,48,-427.7637,2095.7520
171872,1393,122.4316,1040,RIGHT_1040_US,1,1,0,48,-425.8301,2097.6855
171912,1397,122.7832,1040,RIGHT_1040_US,1,1,0,48,-425.4785,2098.0371
171952,1404,123.3984,1040,RIGHT_1040_US,1,1,0,48,-424.8633,2098.6523
171992,1415,124.3652,1040,RIGHT_1040_US,1,1,0,48,-423.8965,2099.6191
172032,1423,125.0684,1040,RIGHT_1040_US,1,1,0,48,-423.1934,2100.3223
172072,1442,126.7383,1040,RIGHT_1040_US,1,1,0,48,-421.5234,2101.9922
172112,1441,126.6504,1040,RIGHT_1040_US,1,1,0,48,-421.6113,2101.9043
172152,1450,127.4414,1040,RIGHT_1040_US,1,1,0,48,-420.8203,2102.6953
172192,1468,129.0234,1040,RIGHT_1040_US,1,1,0,48,-419.2383,2104.2773
172232,1491,131.0449,1040,RIGHT_1040_US,1,1,0,48,-417.2168,2106.2988
172272,1498,131.6602,1040,RIGHT_1040_US,1,1,0,48,-416.6016,2106.9141
172312,1515,133.1543,1040,RIGHT_1040_US,1,1,0,48,-415.1074,2108.4082
172352,1520,133.5938,1040,RIGHT_1040_US,1,1,0,48,-414.6680,2108.8477
172392,1514,133.0664,1040,RIGHT_1040_US,1,1,0,48,-415.1953,2108.3203
172432,1535,134.9121,1040,RIGHT_1040_US,1,1,0,48,-413.3496,2110.1660
172472,1539,135.2637,1040,RIGHT_1040_US,1,1,0,48,-412.9980,2110.5176
172512,1566,137.6367,1040,RIGHT_1040_US,1,1,0,48,-410.6250,2112.8906
172552,1574,138.3398,1040,RIGHT_1040_US,1,1,0,48,-409.9219,2113.5938
172592,1585,139.3066,1040,RIGHT_1040_US,1,1,0,48,-408.9551,2114.5605
172632,1583,139.1309,1040,RIGHT_1040_US,1,1,0,48,-409.1309,2114.3848
172672,1591,139.8340,1040,RIGHT_1040_US,1,1,0,48,-408.4277,2115.0879
172712,1618,142.2070,1040,RIGHT_1040_US,1,1,0,48,-406.0547,2117.4609
172752,1612,141.6797,1040,RIGHT_1040_US,1,1,0,48,-406.5820,2116.9336
172792,1623,142.6465,1040,RIGHT_1040_US,1,1,0,48,-405.6152,2117.9004
172832,1646,144.6680,1040,RIGHT_1040_US,1,1,0,48,-403.5938,2119.9219
172872,1662,146.0742,1040,RIGHT_1040_US,1,1,0,48,-402.1875,2121.3281
172912,1659,145.8105,1040,RIGHT_1040_US,1,1,0,48,-402.4512,2121.0645
172952,1683,147.9199,1040,RIGHT_1040_US,1,1,0,48,-400.3418,2123.1738
172992,1693,148.7988,1040,RIGHT_1040_US,1,1,0,48,-399.4629,2124.0527
173032,1692,148.7109,1040,RIGHT_1040_US,1,1,0,48,-399.5508,2123.9648
173072,1712,150.4688,1040,RIGHT_1040_US,1,1,0,48,-397.7930,2125.7227
173112,1724,151.5234,1040,RIGHT_1040_US,1,1,0,48,-396.7383,2126.7773
173152,1731,152.1387,1040,RIGHT_1040_US,1,1,0,48,-396.1230,2127.3926
173192,1740,152.9297,1040,RIGHT_1040_US,1,1,0,48,-395.3320,2128.1836
173232,1753,154.0723,1040,RIGHT_1040_US,1,1,0,48,-394.1895,2129.3262
173272,1767,155.3027,1040,RIGHT_1040_US,1,1,0,48,-392.9590,2130.5566
173312,1776,156.0938,1040,RIGHT_1040_US,1,1,0,48,-392.1680,2131.3477
173352,1786,156.9727,1040,RIGHT_1040_US,1,1,0,48,-391.2891,2132.2266
173392,1807,158.8184,1040,RIGHT_1040_US,1,1,0,48,-389.4434,2134.0723
173432,1816,159.6094,1040,RIGHT_1040_US,1,1,0,48,-388.6523,2134.8633
173472,1828,160.6641,1040,RIGHT_1040_US,1,1,0,48,-387.5977,2135.9180
173512,1832,161.0156,1040,RIGHT_1040_US,1,1,0,48,-387.2461,2136.2695
173552,1849,162.5098,1040,RIGHT_1040_US,1,1,0,48,-385.7520,2137.7637
173592,1858,163.3008,1040,RIGHT_1040_US,1,1,0,48,-384.9609,2138.5547
173632,1874,164.7070,1040,RIGHT_1040_US,1,1,0,48,-383.5547,2139.9609
173672,1883,165.4980,1040,RIGHT_1040_US,1,1,0,48,-382.7637,2140.7520
173712,1892,166.2891,1040,RIGHT_1040_US,1,1,0,48,-381.9727,2141.5430
173752,1909,167.7832,1040,RIGHT_1040_US,1,1,0,48,-380.4785,2143.0371
173792,1921,168.8379,1040,RIGHT_1040_US,1,1,0,48,-379.4238,2144.0918
173832,1927,169.3652,1040,RIGHT_1040_US,1,1,0,48,-378.8965,2144.6191
173872,1943,170.7715,1040,RIGHT_1040_US,1,1,0,48,-377.4902,2146.0254
173912,1954,171.7383,1040,RIGHT_1040_US,1,1,0,48,-376.5234,2146.9922
173952,1965,172.7051,1040,RIGHT_1040_US,1,1,0,48,-375.5566,2147.9590
173992,1976,173.6719,1040,RIGHT_1040_US,1,1,0,48,-374.5898,2148.9258
174032,1991,174.9902,1040,RIGHT_1040_US,1,1,0,48,-373.2715,2150.2441
174072,2002,175.9570,1040,RIGHT_1040_US,1,1,0,48,-372.3047,2151.2109
174112,2011,176.7480,1040,RIGHT_1040_US,1,1,0,48,-371.5137,2152.0020
174152,2023,177.8027,1040,RIGHT_1040_US,1,1,0,48,-370.4590,2153.0566
174192,2036,178.9453,1040,RIGHT_1040_US,1,1,0,48,-369.3164,2154.1992
174232,2047,179.9121,1040,RIGHT_1040_US,1,1,0,48,-368.3496,2155.1660
174272,2058,180.8789,1040,RIGHT_1040_US,1,1,0,48,-367.3828,2156.1328
174312,2069,181.8457,1040,RIGHT_1040_US,1,1,0,48,-366.4160,2157.0996
174352,2080,182.8125,1040,RIGHT_1040_US,1,1,0,48,-365.4492,2158.0664
174392,2092,183.8672,1040,RIGHT_1040_US,1,1,0,48,-364.3945,2159.1211
174432,2104,184.9219,1040,RIGHT_1040_US,1,1,0,48,-363.3398,2160.1758
174472,2113,185.7129,1040,RIGHT_1040_US,1,1,0,48,-362.5488,2160.9668
174512,2124,186.6797,1040,RIGHT_1040_US,1,1,0,48,-361.5820,2161.9336
174552,2135,187.6465,1040,RIGHT_1040_US,1,1,0,48,-360.6152,2162.9004
174592,2146,188.6133,1040,RIGHT_1040_US,1,1,0,48,-359.6484,2163.8672
174632,2159,189.7559,1040,RIGHT_1040_US,1,1,0,48,-358.5059,2165.0098
174672,2172,190.8984,1040,RIGHT_1040_US,1,1,0,48,-357.3633,2166.1523
174712,2180,191.6016,1040,RIGHT_1040_US,1,1,0,48,-356.6602,2166.8555
174752,2200,193.3594,1040,RIGHT_1040_US,1,1,0,48,-354.9023,2168.6133
174792,2202,193.5352,1040,RIGHT_1040_US,1,1,0,48,-354.7266,2168.7891
174832,2214,194.5898,1040,RIGHT_1040_US,1,1,0,48,-353.6719,2169.8438
174872,2231,196.0840,1040,RIGHT_1040_US,1,1,0,48,-352.1777,2171.3379
174912,2559,224.9121,1040,RIGHT_1040_US,1,0,1,48,-352.1777,2171.3379
174952,2249,197.6660,1040,RIGHT_1040_US,1,1,0,48,-350.5957,2172.9199
174992,2263,198.8965,1040,RIGHT_1040_US,1,1,0,48,-349.3652,2174.1504
175032,2277,200.1270,1040,RIGHT_1040_US,1,1,0,48,-348.1348,2175.3809
175072,2281,200.4785,1040,RIGHT_1040_US,1,1,0,48,-347.7832,2175.7324
175112,2292,201.4453,1040,RIGHT_1040_US,1,1,0,48,-346.8164,2176.6992
175152,2315,203.4668,1040,RIGHT_1040_US,1,1,0,48,-344.7949,2178.7207
175192,2321,203.9941,1040,RIGHT_1040_US,1,1,0,48,-344.2676,2179.2480
175232,2330,204.7852,1040,RIGHT_1040_US,1,1,0,48,-343.4766,2180.0391
175272,2339,205.5762,1040,RIGHT_1040_US,1,1,0,48,-342.6855,2180.8301
175312,2359,207.3340,1040,RIGHT_1040_US,1,1,0,48,-340.9277,2182.5879
175352,2370,208.3008,1040,RIGHT_1040_US,1,1,0,48,-339.9609,2183.5547
175392,2373,208.5645,1040,RIGHT_1040_US,1,1,0,48,-339.6973,2183.8184
175432,2390,210.0586,1040,RIGHT_1040_US,1,1,0,48,-338.2031,2185.3125
175472,2393,210.3223,1040,RIGHT_1040_US,1,1,0,48,-337.9395,2185.5762
175512,2405,211.3770,1040,RIGHT_1040_US,1,1,0,48,-336.8848,2186.6309
175552,2416,212.3438,1040,RIGHT_1040_US,1,1,0,48,-335.9180,2187.5977
175592,2438,214.2773,1040,RIGHT_1040_US,1,1,0,48,-333.9844,2189.5312
175632,2444,214.8047,1040,RIGHT_1040_US,1,1,0,48,-333.4570,2190.0586
175672,2462,216.3867,1040,RIGHT_1040_US,1,1,0,48,-331.8750,2191.6406
175712,2472,217.2656,1040,RIGHT_1040_US,1,1,0,48,-330.9961,2192.5195
175752,2488,218.6719,1040,RIGHT_1040_US,1,1,0,48,-329.5898,2193.9258
175792,2485,218.4082,1040,RIGHT_1040_US,1,1,0,48,-329.8535,2193.6621
175832,2496,219.3750,1040,RIGHT_1040_US,1,1,0,48,-328.8867,2194.6289
175872,2508,220.4297,1040,RIGHT_1040_US,1,1,0,48,-327.8320,2195.6836
175912,2527,222.0996,1040,RIGHT_1040_US,1,1,0,48,-326.1621,2197.3535
175952,2543,223.5059,1040,RIGHT_1040_US,1,1,0,48,-324.7559,2198.7598
175992,2554,224.4727,1040,RIGHT_1040_US,1,1,0,48,-323.7891,2199.7266
176032,2567,225.6152,1040,RIGHT_1040_US,1,1,0,48,-322.6465,2200.8691
176072,2570,225.8789,1040,RIGHT_1040_US,1,1,0,48,-322.3828,2201.1328
176112,2590,227.6367,1040,RIGHT_1040_US,1,1,0,48,-320.6250,2202.8906
176152,2592,227.8125,1040,RIGHT_1040_US,1,1,0,48,-320.4492,2203.0664
176193,2597,228.2520,1040,RIGHT_1040_US,1,1,0,48,-320.0098,2203.5059
176232,2624,230.6250,1040,RIGHT_1040_US,1,1,0,48,-317.6367,2205.8789
176272,2625,230.7129,1040,RIGHT_1040_US,1,1,0,48,-317.5488,2205.9668
176312,2636,231.6797,1040,RIGHT_1040_US,1,1,0,48,-316.5820,2206.9336
176352,2656,233.4375,1040,RIGHT_1040_US,1,1,0,48,-314.8242,2208.6914
176392,2667,234.4043,1040,RIGHT_1040_US,1,1,0,48,-313.8574,2209.6582
176432,2668,234.4922,1040,RIGHT_1040_US,1,1,0,48,-313.7695,2209.7461
176472,2670,234.6680,1040,RIGHT_1040_US,1,1,0,48,-313.5938,2209.9219
176512,2677,235.2832,1040,RIGHT_1040_US,1,1,0,48,-312.9785,2210.5371
176552,2688,236.2500,1040,RIGHT_1040_US,1,1,0,48,-312.0117,2211.5039
176592,2711,238.2715,1040,RIGHT_1040_US,1,1,0,48,-309.9902,2213.5254
176632,2711,238.2715,1040,RIGHT_1040_US,1,1,0,48,-309.9902,2213.5254
176672,2737,240.5566,1040,RIGHT_1040_US,1,1,0,48,-307.7051,2215.8105
176712,2742,240.9961,1040,RIGHT_1040_US,1,1,0,48,-307.2656,2216.2500
176752,2756,242.2266,1040,RIGHT_1040_US,1,1,0,48,-306.0352,2217.4805
176792,2758,242.4023,1040,RIGHT_1040_US,1,1,0,48,-305.8594,2217.6562
176832,2766,243.1055,1040,RIGHT_1040_US,1,1,0,48,-305.1562,2218.3594
176872,2775,243.8965,1040,RIGHT_1040_US,1,1,0,48,-304.3652,2219.1504
176912,2805,246.5332,1040,RIGHT_1040_US,1,1,0,48,-301.7285,2221.7871
176952,2814,247.3242,1040,RIGHT_1040_US,1,1,0,48,-300.9375,2222.5781
176992,2820,247.8516,1040,RIGHT_1040_US,1,1,0,48,-300.4102,2223.1055
177032,2835,249.1699,1040,RIGHT_1040_US,1,1,0,48,-299.0918,2224.4238
177072,2832,248.9062,1040,RIGHT_1040_US,1,1,0,48,-299.3555,2224.1602
177112,2837,249.3457,1040,RIGHT_1040_US,1,1,0,48,-298.9160,2224.5996
177152,2866,251.8945,1040,RIGHT_1040_US,1,1,0,48,-296.3672,2227.1484
177192,2862,251.5430,1040,RIGHT_1040_US,1,1,0,48,-296.7188,2226.7969
177232,2880,253.1250,1040,RIGHT_1040_US,1,1,0,48,-295.1367,2228.3789
177272,2881,253.2129,1040,RIGHT_1040_US,1,1,0,48,-295.0488,2228.4668
177312,2903,255.1465,1040,RIGHT_1040_US,1,1,0,48,-293.1152,2230.4004
177352,2922,256.8164,1040,RIGHT_1040_US,1,1,0,48,-291.4453,2232.0703
177392,2923,256.9043,1040,RIGHT_1040_US,1,1,0,48,-291.3574,2232.1582
177432,2945,258.8379,1040,RIGHT_1040_US,1,1,0,48,-289.4238,2234.0918
177472,2953,259.5410,1040,RIGHT_1040_US,1,1,0,48,-288.7207,2234.7949
177512,2966,260.6836,1040,RIGHT_1040_US,1,1,0,48,-287.5781,2235.9375
177552,2973,261.2988,1040,RIGHT_1040_US,1,1,0,48,-286.9629,2236.5527
177592,2971,261.1230,1040,RIGHT_1040_US,1,1,0,48,-287.1387,2236.3770
177632,2982,262.0898,1040,RIGHT_1040_US,1,1,0,48,-286.1719,2237.3438
177672,3002,263.8477,1040,RIGHT_1040_US,1,1,0,48,-284.4141,2239.1016
177713,3011,264.6387,1040,RIGHT_1040_US,1,1,0,48,-283.6230,2239.8926
177752,3023,265.6934,1040,RIGHT_1040_US,1,1,0,48,-282.5684,2240.9473
177792,3039,267.0996,1040,RIGHT_1040_US,1,1,0,48,-281.1621,2242.3535
177832,3054,268.4180,1040,RIGHT_1040_US,1,1,0,48,-279.8438,2243.6719
177872,3064,269.2969,1040,RIGHT_1040_US,1,1,0,48,-278.9648,2244.5508
177912,3074,270.1758,1040,RIGHT_1040_US,1,1,0,48,-278.0859,2245.4297
177952,3059,268.8574,1040,RIGHT_1040_US,1,1,0,48,-279.4043,2244.1113
177993,-1,-1.0000,1040,RIGHT_1040_US,0,0,0,0,-279.4043,2244.1113
178032,3107,273.0762,1040,RIGHT_1040_US,1,1,0,48,-275.1855,2248.3301
178072,3098,272.2852,1040,RIGHT_1040_US,1,1,0,48,-275.9766,2247.5391
178112,-1,-1.0000,1040,RIGHT_1040_US,0,0,0,0,-275.9766,2247.5391
178152,3116,273.8672,1040,RIGHT_1040_US,1,1,0,48,-274.3945,2249.1211
178192,3139,275.8887,1040,RIGHT_1040_US,1,1,0,48,-272.3730,2251.1426
178232,3144,276.3281,1040,RIGHT_1040_US,1,1,0,48,-271.9336,2251.5820
178272,3157,277.4707,1040,RIGHT_1040_US,1,1,0,48,-270.7910,2252.7246
178312,3179,279.4043,1040,RIGHT_1040_US,1,1,0,48,-268.8574,2254.6582
178352,3191,280.4590,1040,RIGHT_1040_US,1,1,0,48,-267.8027,2255.7129
178392,3212,282.3047,1040,RIGHT_1040_US,1,1,0,48,-265.9570,2257.5586
178432,3214,282.4805,1040,RIGHT_1040_US,1,1,0,48,-265.7812,2257.7344
178472,3225,283.4473,1040,RIGHT_1040_US,1,1,0,48,-264.8145,2258.7012
178512,3234,284.2383,1040,RIGHT_1040_US,1,1,0,48,-264.0234,2259.4922
178552,3256,286.1719,1040,RIGHT_1040_US,1,1,0,48,-262.0898,2261.4258
178592,3261,286.6113,1040,RIGHT_1040_US,1,1,0,48,-261.6504,2261.8652
178632,3269,287.3145,1040,RIGHT_1040_US,1,1,0,48,-260.9473,2262.5684
178672,3288,288.9844,1040,RIGHT_1040_US,1,1,0,48,-259.2773,2264.2383
178712,3307,290.6543,1040,RIGHT_1040_US,1,1,0,48,-257.6074,2265.9082
178752,3305,290.4785,1040,RIGHT_1040_US,1,1,0,48,-257.7832,2265.7324
178792,3336,293.2031,1040,RIGHT_1040_US,1,1,0,48,-255.0586,2268.4570
178832,3346,294.0820,1040,RIGHT_1040_US,1,1,0,48,-254.1797,2269.3359
178872,3337,293.2910,1040,RIGHT_1040_US,1,1,0,48,-254.9707,2268.5449
178912,3361,295.4004,1040,RIGHT_1040_US,1,1,0,48,-252.8613,2270.6543
178952,3365,295.7520,1040,RIGHT_1040_US,1,1,0,48,-252.5098,2271.0059
178992,3402,299.0039,1040,RIGHT_1040_US,1,1,0,48,-249.2578,2274.2578
179032,3393,298.2129,1040,RIGHT_1040_US,1,1,0,48,-250.0488,2273.4668
179072,3430,301.4648,1040,RIGHT_1040_US,1,1,0,48,-246.7969,2276.7188
179112,3436,301.9922,1040,RIGHT_1040_US,1,1,0,48,-246.2695,2277.2461
179152,3449,303.1348,1040,RIGHT_1040_US,1,1,0,48,-245.1270,2278.3887
179192,3469,304.8926,1040,RIGHT_1040_US,1,1,0,48,-243.3691,2280.1465
179232,3485,306.2988,1040,RIGHT_1040_US,1,1,0,48,-241.9629,2281.5527
179272,3477,305.5957,1040,RIGHT_1040_US,1,1,0,48,-242.6660,2280.8496
179312,3489,306.6504,1040,RIGHT_1040_US,1,1,0,48,-241.6113,2281.9043
179352,3504,307.9688,1040,RIGHT_1040_US,1,1,0,48,-240.2930,2283.2227
179392,3526,309.9023,1040,RIGHT_1040_US,1,1,0,48,-238.3594,2285.1562
179432,3554,312.3633,1040,RIGHT_1040_US,1,1,0,48,-235.8984,2287.6172
179472,3562,313.0664,1040,RIGHT_1040_US,1,1,0,48,-235.1953,2288.3203
179512,3580,314.6484,1040,RIGHT_1040_US,1,1,0,48,-233.6133,2289.9023
179552,3587,315.2637,1040,RIGHT_1040_US,1,1,0,48,-232.9980,2290.5176
179592,3590,315.5273,1040,RIGHT_1040_US,1,1,0,48,-232.7344,2290.7812
179632,3606,316.9336,1040,RIGHT_1040_US,1,1,0,48,-231.3281,2292.1875
179672,3634,319.3945,1040,RIGHT_1040_US,1,1,0,48,-228.8672,2294.6484
179712,3632,319.2188,1040,RIGHT_1040_US,1,1,0,48,-229.0430,2294.4727
179752,3646,320.4492,1040,RIGHT_1040_US,1,1,0,48,-227.8125,2295.7031
179792,3679,323.3496,1040,RIGHT_1040_US,1,1,0,48,-224.9121,2298.6035
179832,3694,324.6680,1040,RIGHT_1040_US,1,1,0,48,-223.5938,2299.9219
179872,3710,326.0742,1040,RIGHT_1040_US,1,1,0,48,-222.1875,2301.3281
179912,3725,327.3926,1040,RIGHT_1040_US,1,1,0,48,-220.8691,2302.6465
179952,3737,328.4473,1040,RIGHT_1040_US,1,1,0,48,-219.8145,2303.7012
179992,3749,329.5020,1040,RIGHT_1040_US,1,1,0,48,-218.7598,2304.7559
180032,3761,330.5566,1040,RIGHT_1040_US,1,1,0,48,-217.7051,2305.8105
180073,3763,330.7324,1040,RIGHT_1040_US,1,1,0,48,-217.5293,2305.9863
180112,3786,332.7539,1040,RIGHT_1040_US,1,1,0,48,-215.5078,2308.0078
180152,3798,333.8086,1040,RIGHT_1040_US,1,1,0,48,-214.4531,2309.0625
180192,3823,336.0059,1040,RIGHT_1040_US,1,1,0,48,-212.2559,2311.2598
180232,3838,337.3242,1040,RIGHT_1040_US,1,1,0,48,-210.9375,2312.5781
180272,3852,338.5547,1040,RIGHT_1040_US,1,1,0,48,-209.7070,2313.8086
180312,3839,337.4121,1040,RIGHT_1040_US,1,1,0,48,-210.8496,2312.6660
180352,3869,340.0488,1040,RIGHT_1040_US,1,1,0,48,-208.2129,2315.3027
180392,3885,341.4551,1040,RIGHT_1040_US,1,1,0,48,-206.8066,2316.7090
180432,3900,342.7734,1040,RIGHT_1040_US,1,1,0,48,-205.4883,2318.0273
180472,3916,344.1797,1040,RIGHT_1040_US,1,1,0,48,-204.0820,2319.4336
180512,3936,345.9375,1040,RIGHT_1040_US,1,1,0,48,-202.3242,2321.1914
180552,3952,347.3438,1040,RIGHT_1040_US,1,1,0,48,-200.9180,2322.5977
180592,3967,348.6621,1040,RIGHT_1040_US,1,1,0,48,-199.5996,2323.9160
180632,3992,350.8594,1040,RIGHT_1040_US,1,1,0,48,-197.4023,2326.1133
180672,4003,351.8262,1040,RIGHT_1040_US,1,1,0,48,-196.4355,2327.0801
180712,4011,352.5293,1040,RIGHT_1040_US,1,1,0,48,-195.7324,2327.7832
180752,4038,354.9023,1040,RIGHT_1040_US,1,1,0,48,-193.3594,2330.1562
180792,4043,355.3418,1040,RIGHT_1040_US,1,1,0,48,-192.9199,2330.5957
180832,4062,357.0117,1040,RIGHT_1040_US,1,1,0,48,-191.2500,2332.2656
180872,4078,358.4180,1040,RIGHT_1040_US,1,1,0,48,-189.8438,2333.6719
180914,1,0.0879,1040,RIGHT_1040_US,1,1,0,48,-188.1738,2335.3418
180952,16,1.4062,1040,RIGHT_1040_US,1,1,0,48,-186.8555,2336.6602
180992,35,3.0762,1040,RIGHT_1040_US,1,1,0,48,-185.1855,2338.3301
181032,52,4.5703,1040,RIGHT_1040_US,1,1,0,48,-183.6914,2339.8242
181072,68,5.9766,1040,RIGHT_1040_US,1,1,0,48,-182.2852,2341.2305
181112,82,7.2070,1040,RIGHT_1040_US,1,1,0,48,-181.0547,2342.4609
181152,101,8.8770,1040,RIGHT_1040_US,1,1,0,48,-179.3848,2344.1309
181192,121,10.6348,1040,RIGHT_1040_US,1,1,0,48,-177.6270,2345.8887
181232,138,12.1289,1040,RIGHT_1040_US,1,1,0,48,-176.1328,2347.3828
181272,159,13.9746,1040,RIGHT_1040_US,1,1,0,48,-174.2871,2349.2285
181312,172,15.1172,1040,RIGHT_1040_US,1,1,0,48,-173.1445,2350.3711
181352,189,16.6113,1040,RIGHT_1040_US,1,1,0,48,-171.6504,2351.8652
181392,202,17.7539,1040,RIGHT_1040_US,1,1,0,48,-170.5078,2353.0078
181432,223,19.5996,1040,RIGHT_1040_US,1,1,0,48,-168.6621,2354.8535
181472,238,20.9180,1040,RIGHT_1040_US,1,1,0,48,-167.3438,2356.1719
181512,251,22.0605,1040,RIGHT_1040_US,1,1,0,48,-166.2012,2357.3145
181552,277,24.3457,1040,RIGHT_1040_US,1,1,0,48,-163.9160,2359.5996
181592,284,24.9609,1040,RIGHT_1040_US,1,1,0,48,-163.3008,2360.2148
181632,306,26.8945,1040,RIGHT_1040_US,1,1,0,48,-161.3672,2362.1484
181672,326,28.6523,1040,RIGHT_1040_US,1,1,0,48,-159.6094,2363.9062
181712,333,29.2676,1040,RIGHT_1040_US,1,1,0,48,-158.9941,2364.5215
181752,346,30.4102,1040,RIGHT_1040_US,1,1,0,48,-157.8516,2365.6641
181792,359,31.5527,1040,RIGHT_1040_US,1,1,0,48,-156.7090,2366.8066
181833,378,33.2227,1040,RIGHT_1040_US,1,1,0,48,-155.0391,2368.4766
181873,394,34.6289,1040,RIGHT_1040_US,1,1,0,48,-153.6328,2369.8828
181912,416,36.5625,1040,RIGHT_1040_US,1,1,0,48,-151.6992,2371.8164
181952,444,39.0234,1040,RIGHT_1040_US,1,1,0,48,-149.2383,2374.2773
181992,459,40.3418,1040,RIGHT_1040_US,1,1,0,48,-147.9199,2375.5957
182032,454,39.9023,1040,RIGHT_1040_US,1,1,0,48,-148.3594,2375.1562
182072,471,41.3965,1040,RIGHT_1040_US,1,1,0,48,-146.8652,2376.6504
182112,488,42.8906,1040,RIGHT_1040_US,1,1,0,48,-145.3711,2378.1445
182152,501,44.0332,1040,RIGHT_1040_US,1,1,0,48,-144.2285,2379.2871
182192,531,46.6699,1040,RIGHT_1040_US,1,1,0,48,-141.5918,2381.9238
182232,542,47.6367,1040,RIGHT_1040_US,1,1,0,48,-140.6250,2382.8906
182272,568,49.9219,1040,RIGHT_1040_US,1,1,0,48,-138.3398,2385.1758
182312,581,51.0645,1040,RIGHT_1040_US,1,1,0,48,-137.1973,2386.3184
182352,594,52.2070,1040,RIGHT_1040_US,1,1,0,48,-136.0547,2387.4609
182392,618,54.3164,1040,RIGHT_1040_US,1,1,0,48,-133.9453,2389.5703
182432,606,53.2617,1040,RIGHT_1040_US,1,1,0,48,-135.0000,2388.5156
182473,639,56.1621,1040,RIGHT_1040_US,1,1,0,48,-132.0996,2391.4160
182512,657,57.7441,1040,RIGHT_1040_US,1,1,0,48,-130.5176,2392.9980
182552,676,59.4141,1040,RIGHT_1040_US,1,1,0,48,-128.8477,2394.6680
182592,683,60.0293,1040,RIGHT_1040_US,1,1,0,48,-128.2324,2395.2832
182632,678,59.5898,1040,RIGHT_1040_US,1,1,0,48,-128.6719,2394.8438
182672,719,63.1934,1040,RIGHT_1040_US,1,1,0,48,-125.0684,2398.4473
182712,735,64.5996,1040,RIGHT_1040_US,1,1,0,48,-123.6621,2399.8535
182752,724,63.6328,1040,RIGHT_1040_US,1,1,0,48,-124.6289,2398.8867
182792,762,66.9727,1040,RIGHT_1040_US,1,1,0,48,-121.2891,2402.2266
182832,762,66.9727,1040,RIGHT_1040_US,1,1,0,48,-121.2891,2402.2266
182872,758,66.6211,1040,RIGHT_1040_US,1,1,0,48,-121.6406,2401.8750
182912,799,70.2246,1040,RIGHT_1040_US,1,1,0,48,-118.0371,2405.4785
182952,808,71.0156,1040,RIGHT_1040_US,1,1,0,48,-117.2461,2406.2695
182992,797,70.0488,1040,RIGHT_1040_US,1,1,0,48,-118.2129,2405.3027
183032,827,72.6855,1040,RIGHT_1040_US,1,1,0,48,-115.5762,2407.9395
183072,835,73.3887,1040,RIGHT_1040_US,1,1,0,48,-114.8730,2408.6426
183112,852,74.8828,1040,RIGHT_1040_US,1,1,0,48,-113.3789,2410.1367
183152,864,75.9375,1040,RIGHT_1040_US,1,1,0,48,-112.3242,2411.1914
183192,876,76.9922,1040,RIGHT_1040_US,1,1,0,48,-111.2695,2412.2461
183232,892,78.3984,1040,RIGHT_1040_US,1,1,0,48,-109.8633,2413.6523
183272,885,77.7832,1040,RIGHT_1040_US,1,1,0,48,-110.4785,2413.0371
183312,928,81.5625,1040,RIGHT_1040_US,1,1,0,48,-106.6992,2416.8164
183352,919,80.7715,1040,RIGHT_1040_US,1,1,0,48,-107.4902,2416.0254
183392,928,81.5625,1040,RIGHT_1040_US,1,1,0,48,-106.6992,2416.8164
183432,935,82.1777,1040,RIGHT_1040_US,1,1,0,48,-106.0840,2417.4316
183472,977,85.8691,1040,RIGHT_1040_US,1,1,0,48,-102.3926,2421.1230
183512,990,87.0117,1040,RIGHT_1040_US,1,1,0,48,-101.2500,2422.2656
183552,969,85.1660,1040,RIGHT_1040_US,1,1,0,48,-103.0957,2420.4199
183592,1006,88.4180,1040,RIGHT_1040_US,1,1,0,48,-99.8438,2423.6719
183632,991,87.0996,1040,RIGHT_1040_US,1,1,0,48,-101.1621,2422.3535
183672,1016,89.2969,1040,RIGHT_1040_US,1,1,0,48,-98.9648,2424.5508
183712,1012,88.9453,1040,RIGHT_1040_US,1,1,0,48,-99.3164,2424.1992
183752,1044,91.7578,1040,RIGHT_1040_US,1,1,0,48,-96.5039,2427.0117
183792,1046,91.9336,1040,RIGHT_1040_US,1,1,0,48,-96.3281,2427.1875
183832,1070,94.0430,1040,RIGHT_1040_US,1,1,0,48,-94.2188,2429.2969
183872,1078,94.7461,1040,RIGHT_1040_US,1,1,0,48,-93.5156,2430.0000
183912,1099,96.5918,1040,RIGHT_1040_US,1,1,0,48,-91.6699,2431.8457
183952,1100,96.6797,1040,RIGHT_1040_US,1,1,0,48,-91.5820,2431.9336
183992,1111,97.6465,1040,RIGHT_1040_US,1,1,0,48,-90.6152,2432.9004
184032,1100,96.6797,1040,RIGHT_1040_US,1,1,0,48,-91.5820,2431.9336
184072,1111,97.6465,1040,RIGHT_1040_US,1,1,0,48,-90.6152,2432.9004
184112,1121,98.5254,1040,RIGHT_1040_US,1,1,0,48,-89.7363,2433.7793
184152,1132,99.4922,1040,RIGHT_1040_US,1,1,0,48,-88.7695,2434.7461
184192,1172,103.0078,1040,RIGHT_1040_US,1,1,0,48,-85.2539,2438.2617
184232,1168,102.6562,1040,RIGHT_1040_US,1,1,0,48,-85.6055,2437.9102
184272,1188,104.4141,1040,RIGHT_1040_US,1,1,0,48,-83.8477,2439.6680
184312,1202,105.6445,1040,RIGHT_1040_US,1,1,0,48,-82.6172,2440.8984
184352,1210,106.3477,1040,RIGHT_1040_US,1,1,0,48,-81.9141,2441.6016
184392,1209,106.2598,1040,RIGHT_1040_US,1,1,0,48,-82.0020,2441.5137
184432,1237,108.7207,1040,RIGHT_1040_US,1,1,0,48,-79.5410,2443.9746
184472,1239,108.8965,1040,RIGHT_1040_US,1,1,0,48,-79.3652,2444.1504
184512,-1,-1.0000,1040,RIGHT_1040_US,0,0,0,0,-79.3652,2444.1504
184552,1243,109.2480,1040,RIGHT_1040_US,1,1,0,48,-79.0137,2444.5020
184592,1277,112.2363,1040,RIGHT_1040_US,1,1,0,48,-76.0254,2447.4902
184632,1278,112.3242,1040,RIGHT_1040_US,1,1,0,48,-75.9375,2447.5781
184672,1289,113.2910,1040,RIGHT_1040_US,1,1,0,48,-74.9707,2448.5449
184712,1298,114.0820,1040,RIGHT_1040_US,1,1,0,48,-74.1797,2449.3359
184752,1318,115.8398,1040,RIGHT_1040_US,1,1,0,48,-72.4219,2451.0938
184792,1302,114.4336,1040,RIGHT_1040_US,1,1,0,48,-73.8281,2449.6875
184832,1337,117.5098,1040,RIGHT_1040_US,1,1,0,48,-70.7520,2452.7637
184872,1345,118.2129,1040,RIGHT_1040_US,1,1,0,48,-70.0488,2453.4668
184912,1338,117.5977,1040,RIGHT_1040_US,1,1,0,48,-70.6641,2452.8516
184952,1366,120.0586,1040,RIGHT_1040_US,1,1,0,48,-68.2031,2455.3125
184992,1359,119.4434,1040,RIGHT_1040_US,1,1,0,48,-68.8184,2454.6973
185032,1363,119.7949,1040,RIGHT_1040_US,1,1,0,48,-68.4668,2455.0488
185072,1399,122.9590,1040,RIGHT_1040_US,1,1,0,48,-65.3027,2458.2129
185112,1405,123.4863,1040,RIGHT_1040_US,1,1,0,48,-64.7754,2458.7402
185152,1407,123.6621,1040,RIGHT_1040_US,1,1,0,48,-64.5996,2458.9160
185192,1425,125.2441,1040,RIGHT_1040_US,1,1,0,48,-63.0176,2460.4980
185232,1415,124.3652,1040,RIGHT_1040_US,1,1,0,48,-63.8965,2459.6191
185272,1442,126.7383,1040,RIGHT_1040_US,1,1,0,48,-61.5234,2461.9922
185312,1434,126.0352,1040,RIGHT_1040_US,1,1,0,48,-62.2266,2461.2891
185352,1445,127.0020,1040,RIGHT_1040_US,1,1,0,48,-61.2598,2462.2559
185392,1454,127.7930,1040,RIGHT_1040_US,1,1,0,48,-60.4688,2463.0469
185432,1487,130.6934,1040,RIGHT_1040_US,1,1,0,48,-57.5684,2465.9473
185472,1495,131.3965,1040,RIGHT_1040_US,1,1,0,48,-56.8652,2466.6504
185512,1502,132.0117,1040,RIGHT_1040_US,1,1,0,48,-56.2500,2467.2656
185552,1504,132.1875,1040,RIGHT_1040_US,1,1,0,48,-56.0742,2467.4414
185592,1522,133.7695,1040,RIGHT_1040_US,1,1,0,48,-54.4922,2469.0234
185632,1520,133.5938,1040,RIGHT_1040_US,1,1,0,48,-54.6680,2468.8477
185672,1528,134.2969,1040,RIGHT_1040_US,1,1,0,48,-53.9648,2469.5508
185712,1552,136.4062,1040,RIGHT_1040_US,1,1,0,48,-51.8555,2471.6602
185752,1549,136.1426,1040,RIGHT_1040_US,1,1,0,48,-52.1191,2471.3965
185792,1559,137.0215,1040,RIGHT_1040_US,1,1,0,48,-51.2402,2472.2754
185833,1589,139.6582,1040,RIGHT_1040_US,1,1,0,48,-48.6035,2474.9121
185872,1597,140.3613,1040,RIGHT_1040_US,1,1,0,48,-47.9004,2475.6152
185912,1598,140.4492,1040,RIGHT_1040_US,1,1,0,48,-47.8125,2475.7031
185952,1616,142.0312,1040,RIGHT_1040_US,1,1,0,48,-46.2305,2477.2852
185992,1622,142.5586,1040,RIGHT_1040_US,1,1,0,48,-45.7031,2477.8125
186032,1626,142.9102,1040,RIGHT_1040_US,1,1,0,48,-45.3516,2478.1641
186072,1638,143.9648,1040,RIGHT_1040_US,1,1,0,48,-44.2969,2479.2188
186112,1664,146.2500,1040,RIGHT_1040_US,1,1,0,48,-42.0117,2481.5039
186152,1662,146.0742,1040,RIGHT_1040_US,1,1,0,48,-42.1875,2481.3281
186192,1672,146.9531,1040,RIGHT_1040_US,1,1,0,48,-41.3086,2482.2070
186232,1696,149.0625,1040,RIGHT_1040_US,1,1,0,48,-39.1992,2484.3164
186272,1717,150.9082,1040,RIGHT_1040_US,1,1,0,48,-37.3535,2486.1621
186312,1709,150.2051,1040,RIGHT_1040_US,1,1,0,48,-38.0566,2485.4590
186352,1722,151.3477,1040,RIGHT_1040_US,1,1,0,48,-36.9141,2486.6016
186392,1738,152.7539,1040,RIGHT_1040_US,1,1,0,48,-35.5078,2488.0078
186432,1756,154.3359,1040,RIGHT_1040_US,1,1,0,48,-33.9258,2489.5898
186472,1757,154.4238,1040,RIGHT_1040_US,1,1,0,48,-33.8379,2489.6777
186512,-1,-1.0000,1040,RIGHT_1040_US,0,0,0,0,-33.8379,2489.6777
186552,1776,156.0938,1040,RIGHT_1040_US,1,1,0,48,-32.1680,2491.3477
186592,1788,157.1484,1040,RIGHT_1040_US,1,1,0,48,-31.1133,2492.4023
186632,1808,158.9062,1040,RIGHT_1040_US,1,1,0,48,-29.3555,2494.1602
186672,1813,159.3457,1040,RIGHT_1040_US,1,1,0,48,-28.9160,2494.5996
186712,1829,160.7520,1040,RIGHT_1040_US,1,1,0,48,-27.5098,2496.0059
186752,1842,161.8945,1040,RIGHT_1040_US,1,1,0,48,-26.3672,2497.1484
186792,1852,162.7734,1040,RIGHT_1040_US,1,1,0,48,-25.4883,2498.0273
186832,1866,164.0039,1040,RIGHT_1040_US,1,1,0,48,-24.2578,2499.2578
186872,1877,164.9707,1040,RIGHT_1040_US,1,1,0,48,-23.2910,2500.2246
186912,1888,165.9375,1040,RIGHT_1040_US,1,1,0,48,-22.3242,2501.1914
186952,1896,166.6406,1040,RIGHT_1040_US,1,1,0,48,-21.6211,2501.8945
186992,1911,167.9590,1040,RIGHT_1040_US,1,1,0,48,-20.3027,2503.2129
187032,1924,169.1016,1040,RIGHT_1040_US,1,1,0,48,-19.1602,2504.3555
187072,1932,169.8047,1040,RIGHT_1040_US,1,1,0,48,-18.4570,2505.0586
187112,1946,171.0352,1040,RIGHT_1040_US,1,1,0,48,-17.2266,2506.2891
187152,1955,171.8262,1040,RIGHT_1040_US,1,1,0,48,-16.4355,2507.0801
187192,1969,173.0566,1040,RIGHT_1040_US,1,1,0,48,-15.2051,2508.3105
187232,1983,174.2871,1040,RIGHT_1040_US,1,1,0,48,-13.9746,2509.5410
187272,1989,174.8145,1040,RIGHT_1040_US,1,1,0,48,-13.4473,2510.0684
187312,2002,175.9570,1040,RIGHT_1040_US,1,1,0,48,-12.3047,2511.2109
187352,2013,176.9238,1040,RIGHT_1040_US,1,1,0,48,-11.3379,2512.1777
187392,2024,177.8906,1040,RIGHT_1040_US,1,1,0,48,-10.3711,2513.1445
187432,2037,179.0332,1040,RIGHT_1040_US,1,1,0,48,-9.2285,2514.2871
187472,2047,179.9121,1040,RIGHT_1040_US,1,1,0,48,-8.3496,2515.1660
187512,2058,180.8789,1040,RIGHT_1040_US,1,1,0,48,-7.3828,2516.1328
187552,2078,182.6367,1040,RIGHT_1040_US,1,1,0,48,-5.6250,2517.8906
187592,2082,182.9883,1040,RIGHT_1040_US,1,1,0,48,-5.2734,2518.2422
187632,2096,184.2188,1040,RIGHT_1040_US,1,1,0,48,-4.0430,2519.4727
187672,2108,185.2734,1040,RIGHT_1040_US,1,1,0,48,-2.9883,2520.5273
187712,2121,186.4160,1040,RIGHT_1040_US,1,1,0,48,-1.8457,2521.6699
187752,2131,187.2949,1040,RIGHT_1040_US,1,1,0,48,-0.9668,2522.5488
187792,2139,187.9980,1500,NEUTRAL_END,1,1,0,48,-0.2637,2523.2520
187832,2137,187.8223,1500,NEUTRAL_END,1,1,0,48,-0.4395,2523.0762
187872,2138,187.9102,1500,NEUTRAL_END,1,1,0,48,-0.3516,2523.1641
187912,2131,187.2949,1500,NEUTRAL_END,1,1,0,48,-0.9668,2522.5488
187952,2136,187.7344,1500,NEUTRAL_END,1,1,0,48,-0.5273,2522.9883
187992,2133,187.4707,1500,NEUTRAL_END,1,1,0,48,-0.7910,2522.7246
188032,2139,187.9980,1500,NEUTRAL_END,1,1,0,48,-0.2637,2523.2520
188072,2139,187.9980,1500,NEUTRAL_END,1,1,0,48,-0.2637,2523.2520
188112,2141,188.1738,1500,NEUTRAL_END,1,1,0,48,-0.0879,2523.4277
188152,2139,187.9980,1500,NEUTRAL_END,1,1,0,48,-0.2637,2523.2520
188192,2137,187.8223,1500,NEUTRAL_END,1,1,0,48,-0.4395,2523.0762
188233,2136,187.7344,1500,NEUTRAL_END,1,1,0,48,-0.5273,2522.9883
188272,2141,188.1738,1500,NEUTRAL_END,1,1,0,48,-0.0879,2523.4277
188312,2138,187.9102,1500,NEUTRAL_END,1,1,0,48,-0.3516,2523.1641
188352,2135,187.6465,1500,NEUTRAL_END,1,1,0,48,-0.6152,2522.9004
188392,2142,188.2617,1500,NEUTRAL_END,1,1,0,48,0.0000,2523.5156
188432,2138,187.9102,1500,NEUTRAL_END,1,1,0,48,-0.3516,2523.1641
188472,2135,187.6465,1500,NEUTRAL_END,1,1,0,48,-0.6152,2522.9004
188512,2138,187.9102,1500,NEUTRAL_END,1,1,0,48,-0.3516,2523.1641
188552,2135,187.6465,1500,NEUTRAL_END,1,1,0,48,-0.6152,2522.9004
188592,2134,187.5586,1500,NEUTRAL_END,1,1,0,48,-0.7031,2522.8125
188632,2135,187.6465,1500,NEUTRAL_END,1,1,0,48,-0.6152,2522.9004
188672,2138,187.9102,1500,NEUTRAL_END,1,1,0,48,-0.3516,2523.1641
188712,2135,187.6465,1500,NEUTRAL_END,1,1,0,48,-0.6152,2522.9004
188752,2135,187.6465,1500,NEUTRAL_END,1,1,0,48,-0.6152,2522.9004
188792,2135,187.6465,1500,NEUTRAL_END,1,1,0,48,-0.6152,2522.9004
188832,2136,187.7344,1500,NEUTRAL_END,1,1,0,48,-0.5273,2522.9883
188872,2136,187.7344,1500,NEUTRAL_END,1,1,0,48,-0.5273,2522.9883
188912,2135,187.6465,1500,NEUTRAL_END,1,1,0,48,-0.6152,2522.9004
188952,2136,187.7344,1500,NEUTRAL_END,1,1,0,48,-0.5273,2522.9883
188992,2136,187.7344,1500,NEUTRAL_END,1,1,0,48,-0.5273,2522.9883
189032,2135,187.6465,1500,NEUTRAL_END,1,1,0,48,-0.6152,2522.9004
189072,2138,187.9102,1500,NEUTRAL_END,1,1,0,48,-0.3516,2523.1641
189112,2134,187.5586,1500,NEUTRAL_END,1,1,0,48,-0.7031,2522.8125
189152,2136,187.7344,1500,NEUTRAL_END,1,1,0,48,-0.5273,2522.9883
189192,2137,187.8223,1500,NEUTRAL_END,1,1,0,48,-0.4395,2523.0762
189232,2135,187.6465,1500,NEUTRAL_END,1,1,0,48,-0.6152,2522.9004
189272,2138,187.9102,1500,NEUTRAL_END,1,1,0,48,-0.3516,2523.1641
189312,2141,188.1738,1500,NEUTRAL_END,1,1,0,48,-0.0879,2523.4277
189352,2135,187.6465,1500,NEUTRAL_END,1,1,0,48,-0.6152,2522.9004
189392,2138,187.9102,1500,NEUTRAL_END,1,1,0,48,-0.3516,2523.1641
189432,2134,187.5586,1500,NEUTRAL_END,1,1,0,48,-0.7031,2522.8125
189472,2134,187.5586,1500,NEUTRAL_END,1,1,0,48,-0.7031,2522.8125
189512,2135,187.6465,1500,NEUTRAL_END,1,1,0,48,-0.6152,2522.9004
189552,2136,187.7344,1500,NEUTRAL_END,1,1,0,48,-0.5273,2522.9883
189592,2140,188.0859,1500,NEUTRAL_END,1,1,0,48,-0.1758,2523.3398
189632,2139,187.9980,1500,NEUTRAL_END,1,1,0,48,-0.2637,2523.2520
189672,2139,187.9980,1500,NEUTRAL_END,1,1,0,48,-0.2637,2523.2520
189712,2135,187.6465,1500,NEUTRAL_END,1,1,0,48,-0.6152,2522.9004
189752,2142,188.2617,1500,NEUTRAL_END,1,1,0,48,0.0000,2523.5156
