time_ms,raw_angle,raw_angle_deg,corrected_cyclic_deg,unwrapped_raw_deg,servo_us,phase,i2c_valid,accepted,md,glitch
7,2721,239.15039,245.60352,0.08789,1500,START_NEUTRAL,1,1,1,0
55,2716,238.71094,245.09843,-0.35156,1500,START_NEUTRAL,1,1,1,0
105,2716,238.71094,245.09843,-0.35156,1500,START_NEUTRAL,1,1,1,0
155,2719,238.97461,245.40149,-0.08789,1500,START_NEUTRAL,1,1,1,0
207,2719,238.97461,245.40149,-0.08789,1500,START_NEUTRAL,1,1,1,0
255,2718,238.88672,245.30048,-0.17578,1500,START_NEUTRAL,1,1,1,0
305,2718,238.88672,245.30048,-0.17578,1500,START_NEUTRAL,1,1,1,0
355,2720,239.06250,245.50250,0.00000,1500,START_NEUTRAL,1,1,1,0
405,2720,239.06250,245.50250,0.00000,1500,START_NEUTRAL,1,1,1,0
455,2721,239.15039,245.60352,0.08789,1500,START_NEUTRAL,1,1,1,0
505,2721,239.15039,245.60352,0.08789,1500,START_NEUTRAL,1,1,1,0
555,2722,239.23828,245.70453,0.17578,1500,START_NEUTRAL,1,1,1,0
605,2722,239.23828,245.70453,0.17578,1500,START_NEUTRAL,1,1,1,0
655,2720,239.06250,245.50250,0.00000,1500,START_NEUTRAL,1,1,1,0
705,2720,239.06250,245.50250,0.00000,1500,START_NEUTRAL,1,1,1,0
755,2718,238.88672,245.30048,-0.17578,1500,START_NEUTRAL,1,1,1,0
806,2718,238.88672,245.30048,-0.17578,1500,START_NEUTRAL,1,1,1,0
855,2724,239.41406,245.90656,0.35156,1500,START_NEUTRAL,1,1,1,0
905,2724,239.41406,245.90656,0.35156,1500,START_NEUTRAL,1,1,1,0
956,2720,239.06250,245.50250,0.00000,1500,START_NEUTRAL,1,1,1,0
1005,2720,239.06250,245.50250,0.00000,1500,START_NEUTRAL,1,1,1,0
1057,2720,239.06250,245.50250,0.00000,1500,START_NEUTRAL,1,1,1,0
1105,2720,239.06250,245.50250,0.00000,1500,START_NEUTRAL,1,1,1,0
1158,2727,239.67773,246.20961,0.61523,1500,START_NEUTRAL,1,1,1,0
1205,2727,239.67773,246.20961,0.61523,1500,START_NEUTRAL,1,1,1,0
1256,2727,239.67773,246.20961,0.61523,1500,START_NEUTRAL,1,1,1,0
1305,2724,239.41406,245.90656,0.35156,1500,START_NEUTRAL,1,1,1,0
1360,2724,239.41406,245.90656,0.35156,1500,START_NEUTRAL,1,1,1,0
1405,2712,238.35938,244.69438,-0.70312,1500,START_NEUTRAL,1,1,1,0
1459,2712,238.35938,244.69438,-0.70312,1500,START_NEUTRAL,1,1,1,0
1505,2720,239.06250,245.50250,0.00000,1500,START_NEUTRAL,1,1,1,0
1555,2720,239.06250,245.50250,0.00000,1500,START_NEUTRAL,1,1,1,0
1605,2717,238.79883,245.19945,-0.26367,1500,START_NEUTRAL,1,1,1,0
1657,2717,238.79883,245.19945,-0.26367,1500,START_NEUTRAL,1,1,1,0
1705,2718,238.88672,245.30048,-0.17578,1500,START_NEUTRAL,1,1,1,0
1756,2718,238.88672,245.30048,-0.17578,1500,START_NEUTRAL,1,1,1,0
1806,2718,238.88672,245.30048,-0.17578,1500,START_NEUTRAL,1,1,1,0
1857,2718,238.88672,245.30048,-0.17578,1500,START_NEUTRAL,1,1,1,0
1905,2720,239.06250,245.50250,0.00000,1500,START_NEUTRAL,1,1,1,0
1955,2720,239.06250,245.50250,0.00000,1500,START_NEUTRAL,1,1,1,0
2005,2721,239.15039,245.60352,0.08789,1500,START_NEUTRAL,1,1,1,0
2055,2721,239.15039,245.60352,0.08789,1500,START_NEUTRAL,1,1,1,0
2105,2720,239.06250,245.50250,0.00000,1500,START_NEUTRAL,1,1,1,0
2155,2720,239.06250,245.50250,0.00000,1500,START_NEUTRAL,1,1,1,0
2205,2720,239.06250,245.50250,0.00000,1500,START_NEUTRAL,1,1,1,0
2255,2720,239.06250,245.50250,0.00000,1500,START_NEUTRAL,1,1,1,0
2305,2721,239.15039,245.60352,0.08789,1500,START_NEUTRAL,1,1,1,0
2355,2721,239.15039,245.60352,0.08789,1500,START_NEUTRAL,1,1,1,0
2405,2719,238.97461,245.40149,-0.08789,1500,START_NEUTRAL,1,1,1,0
2455,2719,238.97461,245.40149,-0.08789,1500,START_NEUTRAL,1,1,1,0
2505,2721,239.15039,245.60352,0.08789,1500,START_NEUTRAL,1,1,1,0
2555,2721,239.15039,245.60352,0.08789,1500,START_NEUTRAL,1,1,1,0
2605,2721,239.15039,245.60352,0.08789,1500,START_NEUTRAL,1,1,1,0
2655,2721,239.15039,245.60352,0.08789,1500,START_NEUTRAL,1,1,1,0
2705,2720,239.06250,245.50250,0.00000,1500,START_NEUTRAL,1,1,1,0
2755,2720,239.06250,245.50250,0.00000,1500,START_NEUTRAL,1,1,1,0
2806,2721,239.15039,245.60352,0.08789,1500,START_NEUTRAL,1,1,1,0
2857,2721,239.15039,245.60352,0.08789,1500,START_NEUTRAL,1,1,1,0
2908,2726,239.58984,246.10860,0.52734,1500,START_NEUTRAL,1,1,1,0
2956,2726,239.58984,246.10860,0.52734,1500,START_NEUTRAL,1,1,1,0
3006,2721,239.15039,245.60352,0.08789,1500,RAMP_IN,1,1,1,0
3055,2721,239.15039,245.60352,0.08789,1504,RAMP_IN,1,1,1,0
3107,2721,239.15039,245.60352,0.08789,1508,RAMP_IN,1,1,1,0
3155,2721,239.15039,245.60352,0.08789,1512,RAMP_IN,1,1,1,0
3207,2721,239.15039,245.60352,0.08789,1517,RAMP_IN,1,1,1,0
3255,2721,239.15039,245.60352,0.08789,1521,RAMP_IN,1,1,1,0
3305,2721,239.15039,245.60352,0.08789,1525,RAMP_IN,1,1,1,0
3355,2721,239.15039,245.60352,0.08789,1529,RAMP_IN,1,1,1,0
3406,2721,239.15039,245.60352,0.08789,1533,RAMP_IN,1,1,1,0
3455,2721,239.15039,245.60352,0.08789,1537,RAMP_IN,1,1,1,0
3505,2720,239.06250,245.50250,0.00000,1541,RAMP_IN,1,1,1,0
3555,2720,239.06250,245.50250,0.00000,1546,RAMP_IN,1,1,1,0
3605,2721,239.15039,245.60352,0.08789,1550,SETTLE,1,1,1,0
3655,2721,239.15039,245.60352,0.08789,1550,SETTLE,1,1,1,0
3705,2721,239.15039,245.60352,0.08789,1550,SETTLE,1,1,1,0
3755,2721,239.15039,245.60352,0.08789,1550,SETTLE,1,1,1,0
3805,2721,239.15039,245.60352,0.08789,1550,SETTLE,1,1,1,0
3855,2721,239.15039,245.60352,0.08789,1550,SETTLE,1,1,1,0
3905,2721,239.15039,245.60352,0.08789,1550,SETTLE,1,1,1,0
3960,2721,239.15039,245.60352,0.08789,1550,SETTLE,1,1,1,0
4005,2720,239.06250,245.50250,0.00000,1550,SETTLE,1,1,1,0
4058,2720,239.06250,245.50250,0.00000,1550,SETTLE,1,1,1,0
4105,2721,239.15039,245.60352,0.08789,1550,SETTLE,1,1,1,0
4158,2721,239.15039,245.60352,0.08789,1550,SETTLE,1,1,1,0
4205,2726,239.58984,246.10860,0.52734,1550,SETTLE,1,1,1,0
4256,2726,239.58984,246.10860,0.52734,1550,SETTLE,1,1,1,0
4305,2726,239.58984,246.10860,0.52734,1550,SETTLE,1,1,1,0
4355,2716,238.71094,245.09843,-0.35156,1550,SETTLE,1,1,1,0
4405,2716,238.71094,245.09843,-0.35156,1550,SETTLE,1,1,1,0
4455,2728,239.76562,246.31062,0.70312,1550,SETTLE,1,1,1,0
4507,2728,239.76562,246.31062,0.70312,1550,SETTLE,1,1,1,0
4555,2716,238.71094,245.09843,-0.35156,1550,SETTLE,1,1,1,0
4608,2716,238.71094,245.09843,-0.35156,1550,MEASURE,1,1,1,0
4655,2721,239.15039,245.60352,0.08789,1550,MEASURE,1,1,1,0
4706,2721,239.15039,245.60352,0.08789,1550,MEASURE,1,1,1,0
4755,2724,239.41406,245.90656,0.35156,1550,MEASURE,1,1,1,0
4806,2724,239.41406,245.90656,0.35156,1550,MEASURE,1,1,1,0
4855,2720,239.06250,245.50250,0.00000,1550,MEASURE,1,1,1,0
4905,2720,239.06250,245.50250,0.00000,1550,MEASURE,1,1,1,0
4955,2720,239.06250,245.50250,0.00000,1550,MEASURE,1,1,1,0
5006,2720,239.06250,245.50250,0.00000,1550,MEASURE,1,1,1,0
5057,2721,239.15039,245.60352,0.08789,1550,MEASURE,1,1,1,0
5106,2721,239.15039,245.60352,0.08789,1550,MEASURE,1,1,1,0
5158,2720,239.06250,245.50250,0.00000,1550,MEASURE,1,1,1,0
5205,2720,239.06250,245.50250,0.00000,1550,MEASURE,1,1,1,0
5258,2721,239.15039,245.60352,0.08789,1550,MEASURE,1,1,1,0
5305,2721,239.15039,245.60352,0.08789,1550,MEASURE,1,1,1,0
5356,2721,239.15039,245.60352,0.08789,1550,MEASURE,1,1,1,0
5405,2721,239.15039,245.60352,0.08789,1550,MEASURE,1,1,1,0
5457,2721,239.15039,245.60352,0.08789,1550,MEASURE,1,1,1,0
5505,2721,239.15039,245.60352,0.08789,1550,MEASURE,1,1,1,0
5555,2721,239.15039,245.60352,0.08789,1550,MEASURE,1,1,1,0
5606,2721,239.15039,245.60352,0.08789,1550,MEASURE,1,1,1,0
5655,2721,239.15039,245.60352,0.08789,1550,MEASURE,1,1,1,0
5705,2721,239.15039,245.60352,0.08789,1550,MEASURE,1,1,1,0
5755,2721,239.15039,245.60352,0.08789,1550,MEASURE,1,1,1,0
5805,2721,239.15039,245.60352,0.08789,1550,MEASURE,1,1,1,0
5855,2721,239.15039,245.60352,0.08789,1550,MEASURE,1,1,1,0
5905,2721,239.15039,245.60352,0.08789,1550,MEASURE,1,1,1,0
5955,2721,239.15039,245.60352,0.08789,1550,MEASURE,1,1,1,0
6005,2721,239.15039,245.60352,0.08789,1550,MEASURE,1,1,1,0
6055,2720,239.06250,245.50250,0.00000,1550,MEASURE,1,1,1,0
6105,2720,239.06250,245.50250,0.00000,1550,MEASURE,1,1,1,0
6155,2719,238.97461,245.40149,-0.08789,1550,MEASURE,1,1,1,0
6205,2719,238.97461,245.40149,-0.08789,1550,MEASURE,1,1,1,0
6255,2721,239.15039,245.60352,0.08789,1550,MEASURE,1,1,1,0
6307,2721,239.15039,245.60352,0.08789,1550,MEASURE,1,1,1,0
6355,2720,239.06250,245.50250,0.00000,1550,MEASURE,1,1,1,0
6407,2720,239.06250,245.50250,0.00000,1550,MEASURE,1,1,1,0
6455,2720,239.06250,245.50250,0.00000,1550,MEASURE,1,1,1,0
6506,2720,239.06250,245.50250,0.00000,1550,MEASURE,1,1,1,0
6555,2720,239.06250,245.50250,0.00000,1550,MEASURE,1,1,1,0
6607,2720,239.06250,245.50250,0.00000,1550,MEASURE,1,1,1,0
6657,2721,239.15039,245.60352,0.08789,1550,MEASURE,1,1,1,0
6705,2721,239.15039,245.60352,0.08789,1550,MEASURE,1,1,1,0
6755,2721,239.15039,245.60352,0.08789,1550,MEASURE,1,1,1,0
6805,2721,239.15039,245.60352,0.08789,1550,MEASURE,1,1,1,0
6855,2721,239.15039,245.60352,0.08789,1550,MEASURE,1,1,1,0
6905,2721,239.15039,245.60352,0.08789,1550,MEASURE,1,1,1,0
6955,2721,239.15039,245.60352,0.08789,1550,MEASURE,1,1,1,0
7005,2721,239.15039,245.60352,0.08789,1550,MEASURE,1,1,1,0
7055,2721,239.15039,245.60352,0.08789,1550,MEASURE,1,1,1,0
7105,2721,239.15039,245.60352,0.08789,1550,MEASURE,1,1,1,0
7156,2719,238.97461,245.40149,-0.08789,1550,MEASURE,1,1,1,0
7207,2719,238.97461,245.40149,-0.08789,1550,MEASURE,1,1,1,0
7257,2715,238.62305,244.99742,-0.43945,1550,MEASURE,1,1,1,0
7305,2715,238.62305,244.99742,-0.43945,1550,MEASURE,1,1,1,0
7359,2720,239.06250,245.50250,0.00000,1550,MEASURE,1,1,1,0
7405,2720,239.06250,245.50250,0.00000,1550,MEASURE,1,1,1,0
7457,2720,239.06250,245.50250,0.00000,1550,MEASURE,1,1,1,0
7505,2722,239.23828,245.70453,0.17578,1550,MEASURE,1,1,1,0
7558,2722,239.23828,245.70453,0.17578,1550,MEASURE,1,1,1,0
7605,2727,239.67773,246.20961,0.61523,1550,RAMP_OUT,1,1,1,0
7658,2727,239.67773,246.20961,0.61523,1546,RAMP_OUT,1,1,1,0
7705,2723,239.32617,245.80554,0.26367,1542,RAMP_OUT,1,1,1,0
7756,2723,239.32617,245.80554,0.26367,1538,RAMP_OUT,1,1,1,0
7805,2719,238.97461,245.40149,-0.08789,1534,RAMP_OUT,1,1,1,0
7855,2719,238.97461,245.40149,-0.08789,1530,RAMP_OUT,1,1,1,0
7905,2720,239.06250,245.50250,0.00000,1526,RAMP_OUT,1,1,1,0
7957,2720,239.06250,245.50250,0.00000,1521,RAMP_OUT,1,1,1,0
8005,2720,239.06250,245.50250,0.00000,1517,RAMP_OUT,1,1,1,0
8057,2720,239.06250,245.50250,0.00000,1513,RAMP_OUT,1,1,1,0
8105,2720,239.06250,245.50250,0.00000,1509,RAMP_OUT,1,1,1,0
8155,2720,239.06250,245.50250,0.00000,1505,RAMP_OUT,1,1,1,0
8205,2720,239.06250,245.50250,0.00000,1501,RAMP_OUT,1,1,1,0
8255,2720,239.06250,245.50250,0.00000,1500,BETWEEN_LEVELS,1,1,1,0
8307,2718,238.88672,245.30048,-0.17578,1500,BETWEEN_LEVELS,1,1,1,0
8355,2718,238.88672,245.30048,-0.17578,1500,BETWEEN_LEVELS,1,1,1,0
8405,2719,238.97461,245.40149,-0.08789,1500,BETWEEN_LEVELS,1,1,1,0
8455,2719,238.97461,245.40149,-0.08789,1500,BETWEEN_LEVELS,1,1,1,0
8505,2721,239.15039,245.60352,0.08789,1500,BETWEEN_LEVELS,1,1,1,0
8555,2721,239.15039,245.60352,0.08789,1500,BETWEEN_LEVELS,1,1,1,0
8606,2721,239.15039,245.60352,0.08789,1500,BETWEEN_LEVELS,1,1,1,0
8655,2721,239.15039,245.60352,0.08789,1500,BETWEEN_LEVELS,1,1,1,0
8707,2721,239.15039,245.60352,0.08789,1500,BETWEEN_LEVELS,1,1,1,0
8755,2721,239.15039,245.60352,0.08789,1500,BETWEEN_LEVELS,1,1,1,0
8806,2721,239.15039,245.60352,0.08789,1500,BETWEEN_LEVELS,1,1,1,0
8855,2721,239.15039,245.60352,0.08789,1500,BETWEEN_LEVELS,1,1,1,0
8907,2721,239.15039,245.60352,0.08789,1500,BETWEEN_LEVELS,1,1,1,0
8955,2721,239.15039,245.60352,0.08789,1500,BETWEEN_LEVELS,1,1,1,0
9005,2721,239.15039,245.60352,0.08789,1500,BETWEEN_LEVELS,1,1,1,0
9055,2721,239.15039,245.60352,0.08789,1507,RAMP_IN,1,1,1,0
9105,2721,239.15039,245.60352,0.08789,1515,RAMP_IN,1,1,1,0
9155,2721,239.15039,245.60352,0.08789,1524,RAMP_IN,1,1,1,0
9205,2721,239.15039,245.60352,0.08789,1532,RAMP_IN,1,1,1,0
9256,2721,239.15039,245.60352,0.08789,1541,RAMP_IN,1,1,1,0
9306,2721,239.15039,245.60352,0.08789,1549,RAMP_IN,1,1,1,0
9359,2721,239.15039,245.60352,0.08789,1558,RAMP_IN,1,1,1,0
9405,2720,239.06250,245.50250,0.00000,1566,RAMP_IN,1,1,1,0
9456,2720,239.06250,245.50250,0.00000,1574,RAMP_IN,1,1,1,0
9505,2721,239.15039,245.60352,0.08789,1582,RAMP_IN,1,1,1,0
9556,2721,239.15039,245.60352,0.08789,1591,RAMP_IN,1,1,1,0
9605,2721,239.15039,245.60352,0.08789,1599,RAMP_IN,1,1,1,0
9655,2721,239.15039,245.60352,0.08789,1600,SETTLE,1,1,1,0
9705,2721,239.15039,245.60352,0.08789,1600,SETTLE,1,1,1,0
9755,2721,239.15039,245.60352,0.08789,1600,SETTLE,1,1,1,0
9805,2721,239.15039,245.60352,0.08789,1600,SETTLE,1,1,1,0
9855,2721,239.15039,245.60352,0.08789,1600,SETTLE,1,1,1,0
9905,2724,239.41406,245.90656,0.35156,1600,SETTLE,1,1,1,0
9955,2724,239.41406,245.90656,0.35156,1600,SETTLE,1,1,1,0
10005,2720,239.06250,245.50250,0.00000,1600,SETTLE,1,1,1,0
10055,2720,239.06250,245.50250,0.00000,1600,SETTLE,1,1,1,0
10105,2721,239.15039,245.60352,0.08789,1600,SETTLE,1,1,1,0
10155,2721,239.15039,245.60352,0.08789,1600,SETTLE,1,1,1,0
10205,2722,239.23828,245.70453,0.17578,1600,SETTLE,1,1,1,0
10255,2722,239.23828,245.70453,0.17578,1600,SETTLE,1,1,1,0
10308,2712,238.35938,244.69438,-0.70312,1600,SETTLE,1,1,1,0
10355,2712,238.35938,244.69438,-0.70312,1600,SETTLE,1,1,1,0
10407,2730,239.94141,246.51265,0.87891,1600,SETTLE,1,1,1,0
10455,2730,239.94141,246.51265,0.87891,1600,SETTLE,1,1,1,0
10505,2730,239.94141,246.51265,0.87891,1600,SETTLE,1,1,1,0
10555,2733,240.20508,246.81570,1.14258,1600,SETTLE,1,1,1,0
10605,2733,240.20508,246.81570,1.14258,1600,SETTLE,1,1,1,0
10655,2722,239.23828,245.70453,0.17578,1600,MEASURE,1,1,1,0
10705,2722,239.23828,245.70453,0.17578,1600,MEASURE,1,1,1,0
10755,2720,239.06250,245.50250,0.00000,1600,MEASURE,1,1,1,0
10805,2720,239.06250,245.50250,0.00000,1600,MEASURE,1,1,1,0
10856,2721,239.15039,245.60352,0.08789,1600,MEASURE,1,1,1,0
10905,2721,239.15039,245.60352,0.08789,1600,MEASURE,1,1,1,0
10956,2721,239.15039,245.60352,0.08789,1600,MEASURE,1,1,1,0
11008,2721,239.15039,245.60352,0.08789,1600,MEASURE,1,1,1,0
11057,2721,239.15039,245.60352,0.08789,1600,MEASURE,1,1,1,0
11105,2721,239.15039,245.60352,0.08789,1600,MEASURE,1,1,1,0
11155,2721,239.15039,245.60352,0.08789,1600,MEASURE,1,1,1,0
11205,2721,239.15039,245.60352,0.08789,1600,MEASURE,1,1,1,0
11255,2720,239.06250,245.50250,0.00000,1600,MEASURE,1,1,1,0
11305,2720,239.06250,245.50250,0.00000,1600,MEASURE,1,1,1,0
11355,2721,239.15039,245.60352,0.08789,1600,MEASURE,1,1,1,0
11405,2721,239.15039,245.60352,0.08789,1600,MEASURE,1,1,1,0
11456,2720,239.06250,245.50250,0.00000,1600,MEASURE,1,1,1,0
11506,2720,239.06250,245.50250,0.00000,1600,MEASURE,1,1,1,0
11555,2721,239.15039,245.60352,0.08789,1600,MEASURE,1,1,1,0
11606,2721,239.15039,245.60352,0.08789,1600,MEASURE,1,1,1,0
11655,2719,238.97461,245.40149,-0.08789,1600,MEASURE,1,1,1,0
11707,2719,238.97461,245.40149,-0.08789,1600,MEASURE,1,1,1,0
11755,2720,239.06250,245.50250,0.00000,1600,MEASURE,1,1,1,0
11805,2720,239.06250,245.50250,0.00000,1600,MEASURE,1,1,1,0
11855,2718,238.88672,245.30048,-0.17578,1600,MEASURE,1,1,1,0
11905,2718,238.88672,245.30048,-0.17578,1600,MEASURE,1,1,1,0
11955,2720,239.06250,245.50250,0.00000,1600,MEASURE,1,1,1,0
12005,2720,239.06250,245.50250,0.00000,1600,MEASURE,1,1,1,0
12055,2721,239.15039,245.60352,0.08789,1600,MEASURE,1,1,1,0
12105,2721,239.15039,245.60352,0.08789,1600,MEASURE,1,1,1,0
12157,2721,239.15039,245.60352,0.08789,1600,MEASURE,1,1,1,0
12205,2721,239.15039,245.60352,0.08789,1600,MEASURE,1,1,1,0
12256,2721,239.15039,245.60352,0.08789,1600,MEASURE,1,1,1,0
12305,2721,239.15039,245.60352,0.08789,1600,MEASURE,1,1,1,0
12358,2721,239.15039,245.60352,0.08789,1600,MEASURE,1,1,1,0
12405,2721,239.15039,245.60352,0.08789,1600,MEASURE,1,1,1,0
12456,2720,239.06250,245.50250,0.00000,1600,MEASURE,1,1,1,0
12505,2720,239.06250,245.50250,0.00000,1600,MEASURE,1,1,1,0
12557,2721,239.15039,245.60352,0.08789,1600,MEASURE,1,1,1,0
12608,2721,239.15039,245.60352,0.08789,1600,MEASURE,1,1,1,0
12655,2720,239.06250,245.50250,0.00000,1600,MEASURE,1,1,1,0
12705,2720,239.06250,245.50250,0.00000,1600,MEASURE,1,1,1,0
12755,2721,239.15039,245.60352,0.08789,1600,MEASURE,1,1,1,0
12805,2721,239.15039,245.60352,0.08789,1600,MEASURE,1,1,1,0
12855,2721,239.15039,245.60352,0.08789,1600,MEASURE,1,1,1,0
12905,2721,239.15039,245.60352,0.08789,1600,MEASURE,1,1,1,0
12955,2721,239.15039,245.60352,0.08789,1600,MEASURE,1,1,1,0
13005,2721,239.15039,245.60352,0.08789,1600,MEASURE,1,1,1,0
13055,2721,239.15039,245.60352,0.08789,1600,MEASURE,1,1,1,0
13105,2721,239.15039,245.60352,0.08789,1600,MEASURE,1,1,1,0
13156,2719,238.97461,245.40149,-0.08789,1600,MEASURE,1,1,1,0
13206,2719,238.97461,245.40149,-0.08789,1600,MEASURE,1,1,1,0
13255,2720,239.06250,245.50250,0.00000,1600,MEASURE,1,1,1,0
13306,2720,239.06250,245.50250,0.00000,1600,MEASURE,1,1,1,0
13355,2721,239.15039,245.60352,0.08789,1600,MEASURE,1,1,1,0
13407,2721,239.15039,245.60352,0.08789,1600,MEASURE,1,1,1,0
13455,2719,238.97461,245.40149,-0.08789,1600,MEASURE,1,1,1,0
13506,2719,238.97461,245.40149,-0.08789,1600,MEASURE,1,1,1,0
13555,2719,238.97461,245.40149,-0.08789,1600,MEASURE,1,1,1,0
13606,2719,238.97461,245.40149,-0.08789,1600,MEASURE,1,1,1,0
13656,2719,238.97461,245.40149,-0.08789,1593,RAMP_OUT,1,1,1,0
13705,2723,239.32617,245.80554,0.26367,1585,RAMP_OUT,1,1,1,0
13757,2723,239.32617,245.80554,0.26367,1576,RAMP_OUT,1,1,1,0
13805,2713,238.44727,244.79539,-0.61523,1568,RAMP_OUT,1,1,1,0
13857,2713,238.44727,244.79539,-0.61523,1560,RAMP_OUT,1,1,1,0
13905,2721,239.15039,245.60352,0.08789,1552,RAMP_OUT,1,1,1,0
13958,2721,239.15039,245.60352,0.08789,1543,RAMP_OUT,1,1,1,0
14005,2721,239.15039,245.60352,0.08789,1535,RAMP_OUT,1,1,1,0
14055,2721,239.15039,245.60352,0.08789,1526,RAMP_OUT,1,1,1,0
14105,2720,239.06250,245.50250,0.00000,1518,RAMP_OUT,1,1,1,0
14155,2720,239.06250,245.50250,0.00000,1510,RAMP_OUT,1,1,1,0
14207,2726,239.58984,246.10860,0.52734,1501,RAMP_OUT,1,1,1,0
14255,2726,239.58984,246.10860,0.52734,1500,BETWEEN_LEVELS,1,1,1,0
14305,2723,239.32617,245.80554,0.26367,1500,BETWEEN_LEVELS,1,1,1,0
14355,2723,239.32617,245.80554,0.26367,1500,BETWEEN_LEVELS,1,1,1,0
14405,2718,238.88672,245.30048,-0.17578,1500,BETWEEN_LEVELS,1,1,1,0
14455,2718,238.88672,245.30048,-0.17578,1500,BETWEEN_LEVELS,1,1,1,0
14505,2723,239.32617,245.80554,0.26367,1500,BETWEEN_LEVELS,1,1,1,0
14555,2723,239.32617,245.80554,0.26367,1500,BETWEEN_LEVELS,1,1,1,0
14607,2720,239.06250,245.50250,0.00000,1500,BETWEEN_LEVELS,1,1,1,0
14655,2720,239.06250,245.50250,0.00000,1500,BETWEEN_LEVELS,1,1,1,0
14707,2721,239.15039,245.60352,0.08789,1500,BETWEEN_LEVELS,1,1,1,0
14757,2721,239.15039,245.60352,0.08789,1500,BETWEEN_LEVELS,1,1,1,0
14807,2721,239.15039,245.60352,0.08789,1500,BETWEEN_LEVELS,1,1,1,0
14855,2721,239.15039,245.60352,0.08789,1500,BETWEEN_LEVELS,1,1,1,0
14905,2720,239.06250,245.50250,0.00000,1500,BETWEEN_LEVELS,1,1,1,0
14955,2720,239.06250,245.50250,0.00000,1500,BETWEEN_LEVELS,1,1,1,0
15005,2721,239.15039,245.60352,0.08789,1500,BETWEEN_LEVELS,1,1,1,0
15055,2721,239.15039,245.60352,0.08789,1510,RAMP_IN,1,1,1,0
15105,2721,239.15039,245.60352,0.08789,1523,RAMP_IN,1,1,1,0
15155,2721,239.15039,245.60352,0.08789,1535,RAMP_IN,1,1,1,0
15205,2721,239.15039,245.60352,0.08789,1547,RAMP_IN,1,1,1,0
15255,2721,239.15039,245.60352,0.08789,1560,RAMP_IN,1,1,1,0
15305,2720,239.06250,245.50250,0.00000,1572,RAMP_IN,1,1,1,0
15355,2720,239.06250,245.50250,0.00000,1585,RAMP_IN,1,1,1,0
15405,2721,239.15039,245.60352,0.08789,1597,RAMP_IN,1,1,1,0
15456,2721,239.15039,245.60352,0.08789,1610,RAMP_IN,1,1,1,0
15505,2721,239.15039,245.60352,0.08789,1623,RAMP_IN,1,1,1,0
15556,2721,239.15039,245.60352,0.08789,1634,RAMP_IN,1,1,1,0
15605,2721,239.15039,245.60352,0.08789,1647,RAMP_IN,1,1,1,0
15656,2721,239.15039,245.60352,0.08789,1650,SETTLE,1,1,1,0
15705,2720,239.06250,245.50250,0.00000,1650,SETTLE,1,1,1,0
15756,2720,239.06250,245.50250,0.00000,1650,SETTLE,1,1,1,0
15807,2717,238.79883,245.19945,-0.26367,1650,SETTLE,1,1,1,0
15855,2717,238.79883,245.19945,-0.26367,1650,SETTLE,1,1,1,0
15907,2714,238.53516,244.89641,-0.52734,1650,SETTLE,1,1,1,0
15955,2714,238.53516,244.89641,-0.52734,1650,SETTLE,1,1,1,0
16007,2708,238.00781,244.29031,-1.05469,1650,SETTLE,1,1,1,0
16055,2708,238.00781,244.29031,-1.05469,1650,SETTLE,1,1,1,0
16105,2706,237.83203,244.08829,-1.23047,1650,SETTLE,1,1,1,0
16155,2706,237.83203,244.08829,-1.23047,1650,SETTLE,1,1,1,0
16205,2702,237.48047,243.68422,-1.58203,1650,SETTLE,1,1,1,0
16255,2702,237.48047,243.68422,-1.58203,1650,SETTLE,1,1,1,0
16305,2697,237.04102,243.17914,-2.02148,1650,SETTLE,1,1,1,0
16357,2697,237.04102,243.17914,-2.02148,1650,SETTLE,1,1,1,0
16405,2693,236.68945,242.77509,-2.37305,1650,SETTLE,1,1,1,0
16455,2693,236.68945,242.77509,-2.37305,1650,SETTLE,1,1,1,0
16505,2683,235.81055,241.76337,-3.25195,1650,SETTLE,1,1,1,0
16556,2683,235.81055,241.76337,-3.25195,1650,SETTLE,1,1,1,0
16605,2683,235.81055,241.76337,-3.25195,1650,SETTLE,1,1,1,0
16657,2686,236.07422,242.06734,-2.98828,1650,MEASURE,1,1,1,0
16705,2686,236.07422,242.06734,-2.98828,1650,MEASURE,1,1,1,0
16755,2686,236.07422,242.06734,-2.98828,1650,MEASURE,1,1,1,0
16805,2686,236.07422,242.06734,-2.98828,1650,MEASURE,1,1,1,0
16858,2675,235.10742,240.95273,-3.95508,1650,MEASURE,1,1,1,0
16905,2675,235.10742,240.95273,-3.95508,1650,MEASURE,1,1,1,0
16958,2671,234.75586,240.54742,-4.30664,1650,MEASURE,1,1,1,0
17005,2671,234.75586,240.54742,-4.30664,1650,MEASURE,1,1,1,0
17059,2667,234.40430,240.14211,-4.65820,1650,MEASURE,1,1,1,0
17105,2667,234.40430,240.14211,-4.65820,1650,MEASURE,1,1,1,0
17158,2663,234.05273,239.73680,-5.00977,1650,MEASURE,1,1,1,0
17205,2663,234.05273,239.73680,-5.00977,1650,MEASURE,1,1,1,0
17258,2658,233.61328,239.23016,-5.44922,1650,MEASURE,1,1,1,0
17305,2658,233.61328,239.23016,-5.44922,1650,MEASURE,1,1,1,0
17356,2654,233.26172,238.82610,-5.80078,1650,MEASURE,1,1,1,0
17405,2654,233.26172,238.82610,-5.80078,1650,MEASURE,1,1,1,0
17455,2649,232.82227,238.32257,-6.24023,1650,MEASURE,1,1,1,0
17505,2649,232.82227,238.32257,-6.24023,1650,MEASURE,1,1,1,0
17555,2645,232.47070,237.91977,-6.59180,1650,MEASURE,1,1,1,0
17605,2645,232.47070,237.91977,-6.59180,1650,MEASURE,1,1,1,0
17655,2641,232.11914,237.51695,-6.94336,1650,MEASURE,1,1,1,0
17705,2641,232.11914,237.51695,-6.94336,1650,MEASURE,1,1,1,0
17755,2637,231.76758,237.11414,-7.29492,1650,MEASURE,1,1,1,0
17806,2637,231.76758,237.11414,-7.29492,1650,MEASURE,1,1,1,0
17855,2633,231.41602,236.71133,-7.64648,1650,MEASURE,1,1,1,0
17905,2633,231.41602,236.71133,-7.64648,1650,MEASURE,1,1,1,0
17956,2628,230.97656,236.20781,-8.08594,1650,MEASURE,1,1,1,0
18007,2628,230.97656,236.20781,-8.08594,1650,MEASURE,1,1,1,0
18055,2624,230.62500,235.80499,-8.43750,1650,MEASURE,1,1,1,0
18106,2624,230.62500,235.80499,-8.43750,1650,MEASURE,1,1,1,0
18155,2619,230.18555,235.30461,-8.87695,1650,MEASURE,1,1,1,0
18205,2619,230.18555,235.30461,-8.87695,1650,MEASURE,1,1,1,0
18255,2615,229.83398,234.90430,-9.22852,1650,MEASURE,1,1,1,0
18306,2615,229.83398,234.90430,-9.22852,1650,MEASURE,1,1,1,0
18355,2611,229.48242,234.50398,-9.58008,1650,MEASURE,1,1,1,0
18407,2611,229.48242,234.50398,-9.58008,1650,MEASURE,1,1,1,0
18455,2607,229.13086,234.10367,-9.93164,1650,MEASURE,1,1,1,0
18505,2607,229.13086,234.10367,-9.93164,1650,MEASURE,1,1,1,0
18555,2602,228.69141,233.60329,-10.37109,1650,MEASURE,1,1,1,0
18605,2602,228.69141,233.60329,-10.37109,1650,MEASURE,1,1,1,0
18655,2597,228.25195,233.10289,-10.81055,1650,MEASURE,1,1,1,0
18705,2597,228.25195,233.10289,-10.81055,1650,MEASURE,1,1,1,0
18755,2592,227.81250,232.60249,-11.25000,1650,MEASURE,1,1,1,0
18805,2592,227.81250,232.60249,-11.25000,1650,MEASURE,1,1,1,0
18858,2587,227.37305,232.10680,-11.68945,1650,MEASURE,1,1,1,0
18905,2587,227.37305,232.10680,-11.68945,1650,MEASURE,1,1,1,0
18958,2583,227.02148,231.71024,-12.04102,1650,MEASURE,1,1,1,0
19005,2583,227.02148,231.71024,-12.04102,1650,MEASURE,1,1,1,0
19056,2576,226.40625,231.01625,-12.65625,1650,MEASURE,1,1,1,0
19105,2576,226.40625,231.01625,-12.65625,1650,MEASURE,1,1,1,0
19155,2575,226.31836,230.91711,-12.74414,1650,MEASURE,1,1,1,0
19205,2575,226.31836,230.91711,-12.74414,1650,MEASURE,1,1,1,0
19255,2571,225.96680,230.52055,-13.09570,1650,MEASURE,1,1,1,0
19305,2571,225.96680,230.52055,-13.09570,1650,MEASURE,1,1,1,0
19355,2566,225.52734,230.02484,-13.53516,1650,MEASURE,1,1,1,0
19405,2566,225.52734,230.02484,-13.53516,1650,MEASURE,1,1,1,0
19455,2562,225.17578,229.62828,-13.88672,1650,MEASURE,1,1,1,0
19505,2562,225.17578,229.62828,-13.88672,1650,MEASURE,1,1,1,0
19555,2557,224.73633,229.13446,-14.32617,1650,MEASURE,1,1,1,0
19607,2557,224.73633,229.13446,-14.32617,1650,MEASURE,1,1,1,0
19655,2557,224.73633,229.13446,-14.32617,1641,RAMP_OUT,1,1,1,0
19708,2553,224.38477,228.74039,-14.67773,1628,RAMP_OUT,1,1,1,0
19755,2553,224.38477,228.74039,-14.67773,1616,RAMP_OUT,1,1,1,0
19805,2549,224.03320,228.34633,-15.02930,1604,RAMP_OUT,1,1,1,0
19855,2549,224.03320,228.34633,-15.02930,1592,RAMP_OUT,1,1,1,0
19907,2546,223.76953,228.05078,-15.29297,1579,RAMP_OUT,1,1,1,0
19956,2546,223.76953,228.05078,-15.29297,1566,RAMP_OUT,1,1,1,0
20006,2548,223.94531,228.24782,-15.11719,1554,RAMP_OUT,1,1,1,0
20055,2548,223.94531,228.24782,-15.11719,1541,RAMP_OUT,1,1,1,0
20109,2548,223.94531,228.24782,-15.11719,1528,RAMP_OUT,1,1,1,0
20155,2548,223.94531,228.24782,-15.11719,1516,RAMP_OUT,1,1,1,0
20205,2547,223.85742,228.14929,-15.20508,1504,RAMP_OUT,1,1,1,0
20255,2547,223.85742,228.14929,-15.20508,1500,BETWEEN_LEVELS,1,1,1,0
20305,2547,223.85742,228.14929,-15.20508,1500,BETWEEN_LEVELS,1,1,1,0
20355,2547,223.85742,228.14929,-15.20508,1500,BETWEEN_LEVELS,1,1,1,0
20405,2548,223.94531,228.24782,-15.11719,1500,BETWEEN_LEVELS,1,1,1,0
20458,2548,223.94531,228.24782,-15.11719,1500,BETWEEN_LEVELS,1,1,1,0
20505,2548,223.94531,228.24782,-15.11719,1500,BETWEEN_LEVELS,1,1,1,0
20556,2548,223.94531,228.24782,-15.11719,1500,BETWEEN_LEVELS,1,1,1,0
20605,2548,223.94531,228.24782,-15.11719,1500,BETWEEN_LEVELS,1,1,1,0
20661,2548,223.94531,228.24782,-15.11719,1500,BETWEEN_LEVELS,1,1,1,0
20705,2546,223.76953,228.05078,-15.29297,1500,BETWEEN_LEVELS,1,1,1,0
20755,2546,223.76953,228.05078,-15.29297,1500,BETWEEN_LEVELS,1,1,1,0
20805,2548,223.94531,228.24782,-15.11719,1500,BETWEEN_LEVELS,1,1,1,0
20856,2548,223.94531,228.24782,-15.11719,1500,BETWEEN_LEVELS,1,1,1,0
20905,2545,223.68164,227.95227,-15.38086,1500,BETWEEN_LEVELS,1,1,1,0
20955,2545,223.68164,227.95227,-15.38086,1500,BETWEEN_LEVELS,1,1,1,0
21005,2547,223.85742,228.14929,-15.20508,1500,BETWEEN_LEVELS,1,1,1,0
21055,2547,223.85742,228.14929,-15.20508,1510,RAMP_IN,1,1,1,0
21105,2546,223.76953,228.05078,-15.29297,1525,RAMP_IN,1,1,1,0
21155,2546,223.76953,228.05078,-15.29297,1541,RAMP_IN,1,1,1,0
21205,2549,224.03320,228.34633,-15.02930,1555,RAMP_IN,1,1,1,0
21255,2549,224.03320,228.34633,-15.02930,1571,RAMP_IN,1,1,1,0
21306,2547,223.85742,228.14929,-15.20508,1586,RAMP_IN,1,1,1,0
21355,2547,223.85742,228.14929,-15.20508,1600,RAMP_IN,1,1,1,0
21407,2547,223.85742,228.14929,-15.20508,1616,RAMP_IN,1,1,1,0
21455,2547,223.85742,228.14929,-15.20508,1630,RAMP_IN,1,1,1,0
21507,2545,223.68164,227.95227,-15.38086,1646,RAMP_IN,1,1,1,0
21555,2545,223.68164,227.95227,-15.38086,1661,RAMP_IN,1,1,1,0
21606,2542,223.41797,227.65672,-15.64453,1675,RAMP_IN,1,1,1,0
21655,2542,223.41797,227.65672,-15.64453,1680,SETTLE,1,1,1,0
21705,2535,222.80273,226.96710,-16.25977,1680,SETTLE,1,1,1,0
21755,2535,222.80273,226.96710,-16.25977,1680,SETTLE,1,1,1,0
21805,2528,222.18750,226.27750,-16.87500,1680,SETTLE,1,1,1,0
21855,2528,222.18750,226.27750,-16.87500,1680,SETTLE,1,1,1,0
21905,2521,221.57227,225.59445,-17.49023,1680,SETTLE,1,1,1,0
21955,2521,221.57227,225.59445,-17.49023,1680,SETTLE,1,1,1,0
22005,2515,221.04492,225.00899,-18.01758,1680,SETTLE,1,1,1,0
22055,2515,221.04492,225.00899,-18.01758,1680,SETTLE,1,1,1,0
22106,2509,220.51758,224.42352,-18.54492,1680,SETTLE,1,1,1,0
22155,2509,220.51758,224.42352,-18.54492,1680,SETTLE,1,1,1,0
22205,2502,219.90234,223.74046,-19.16016,1680,SETTLE,1,1,1,0
22257,2502,219.90234,223.74046,-19.16016,1680,SETTLE,1,1,1,0
22305,2495,219.28711,223.05711,-19.77539,1680,SETTLE,1,1,1,0
22355,2495,219.28711,223.05711,-19.77539,1680,SETTLE,1,1,1,0
22405,2489,218.75977,222.46977,-20.30273,1680,SETTLE,1,1,1,0
22456,2489,218.75977,222.46977,-20.30273,1680,SETTLE,1,1,1,0
22505,2483,218.23242,221.88242,-20.83008,1680,SETTLE,1,1,1,0
22557,2483,218.23242,221.88242,-20.83008,1680,SETTLE,1,1,1,0
22605,2476,217.61719,221.19719,-21.44531,1680,SETTLE,1,1,1,0
22656,2476,217.61719,221.19719,-21.44531,1680,MEASURE,1,1,1,0
22706,2462,216.38672,219.82735,-22.67578,1680,MEASURE,1,1,1,0
22755,2462,216.38672,219.82735,-22.67578,1680,MEASURE,1,1,1,0
22809,2460,216.21094,219.63219,-22.85156,1680,MEASURE,1,1,1,0
22855,2460,216.21094,219.63219,-22.85156,1680,MEASURE,1,1,1,0
22906,2460,216.21094,219.63219,-22.85156,1680,MEASURE,1,1,1,0
22955,2454,215.68359,219.04672,-23.37891,1680,MEASURE,1,1,1,0
23009,2454,215.68359,219.04672,-23.37891,1680,MEASURE,1,1,1,0
23055,2443,214.71680,217.97336,-24.34570,1680,MEASURE,1,1,1,0
23105,2443,214.71680,217.97336,-24.34570,1680,MEASURE,1,1,1,0
23155,2442,214.62891,217.87578,-24.43359,1680,MEASURE,1,1,1,0
23205,2442,214.62891,217.87578,-24.43359,1680,MEASURE,1,1,1,0
23256,2436,214.10156,217.29031,-24.96094,1680,MEASURE,1,1,1,0
23305,2436,214.10156,217.29031,-24.96094,1680,MEASURE,1,1,1,0
23356,2428,213.39844,216.50844,-25.66406,1680,MEASURE,1,1,1,0
23405,2428,213.39844,216.50844,-25.66406,1680,MEASURE,1,1,1,0
23455,2422,212.87109,215.92110,-26.19141,1680,MEASURE,1,1,1,0
23505,2422,212.87109,215.92110,-26.19141,1680,MEASURE,1,1,1,0
23555,2415,212.25586,215.23586,-26.80664,1680,MEASURE,1,1,1,0
23605,2415,212.25586,215.23586,-26.80664,1680,MEASURE,1,1,1,0
23655,2408,211.64062,214.55063,-27.42188,1680,MEASURE,1,1,1,0
23705,2408,211.64062,214.55063,-27.42188,1680,MEASURE,1,1,1,0
23755,2402,211.11328,213.96329,-27.94922,1680,MEASURE,1,1,1,0
23805,2402,211.11328,213.96329,-27.94922,1680,MEASURE,1,1,1,0
23855,2395,210.49805,213.27960,-28.56445,1680,MEASURE,1,1,1,0
23908,2395,210.49805,213.27960,-28.56445,1680,MEASURE,1,1,1,0
23955,2388,209.88281,212.59656,-29.17969,1680,MEASURE,1,1,1,0
24005,2388,209.88281,212.59656,-29.17969,1680,MEASURE,1,1,1,0
24055,2382,209.35547,212.01109,-29.70703,1680,MEASURE,1,1,1,0
24105,2382,209.35547,212.01109,-29.70703,1680,MEASURE,1,1,1,0
24156,2375,208.74023,211.32805,-30.32227,1680,MEASURE,1,1,1,0
24205,2375,208.74023,211.32805,-30.32227,1680,MEASURE,1,1,1,0
24256,2369,208.21289,210.74258,-30.84961,1680,MEASURE,1,1,1,0
24307,2369,208.21289,210.74258,-30.84961,1680,MEASURE,1,1,1,0
24355,2362,207.59766,210.06328,-31.46484,1680,MEASURE,1,1,1,0
24408,2362,207.59766,210.06328,-31.46484,1680,MEASURE,1,1,1,0
24455,2355,206.98242,209.38461,-32.08008,1680,MEASURE,1,1,1,0
24508,2355,206.98242,209.38461,-32.08008,1680,MEASURE,1,1,1,0
24555,2349,206.45508,208.80289,-32.60742,1680,MEASURE,1,1,1,0
24607,2349,206.45508,208.80289,-32.60742,1680,MEASURE,1,1,1,0
24655,2342,205.83984,208.12422,-33.22266,1680,MEASURE,1,1,1,0
24706,2342,205.83984,208.12422,-33.22266,1680,MEASURE,1,1,1,0
24755,2336,205.31250,207.54250,-33.75000,1680,MEASURE,1,1,1,0
24807,2336,205.31250,207.54250,-33.75000,1680,MEASURE,1,1,1,0
24855,2328,204.60938,206.77437,-34.45312,1680,MEASURE,1,1,1,0
24905,2328,204.60938,206.77437,-34.45312,1680,MEASURE,1,1,1,0
24955,2321,203.99414,206.10226,-35.06836,1680,MEASURE,1,1,1,0
25005,2321,203.99414,206.10226,-35.06836,1680,MEASURE,1,1,1,0
25055,2315,203.46680,205.52617,-35.59570,1680,MEASURE,1,1,1,0
25105,2315,203.46680,205.52617,-35.59570,1680,MEASURE,1,1,1,0
25155,2308,202.85156,204.85406,-36.21094,1680,MEASURE,1,1,1,0
25205,2308,202.85156,204.85406,-36.21094,1680,MEASURE,1,1,1,0
25255,2302,202.32422,204.27859,-36.73828,1680,MEASURE,1,1,1,0
25305,2302,202.32422,204.27859,-36.73828,1680,MEASURE,1,1,1,0
25355,2295,201.70898,203.60867,-37.35352,1680,MEASURE,1,1,1,0
25405,2295,201.70898,203.60867,-37.35352,1680,MEASURE,1,1,1,0
25455,2288,201.09375,202.93875,-37.96875,1680,MEASURE,1,1,1,0
25505,2288,201.09375,202.93875,-37.96875,1680,MEASURE,1,1,1,0
25555,2280,200.39062,202.17313,-38.67188,1680,MEASURE,1,1,1,0
25605,2280,200.39062,202.17313,-38.67188,1680,MEASURE,1,1,1,0
25655,2275,199.95117,201.69461,-39.11133,1671,RAMP_OUT,1,1,1,0
25705,2275,199.95117,201.69461,-39.11133,1656,RAMP_OUT,1,1,1,0
25756,2264,198.98438,200.64688,-40.07812,1642,RAMP_OUT,1,1,1,0
25805,2264,198.98438,200.64688,-40.07812,1626,RAMP_OUT,1,1,1,0
25857,2257,198.36914,199.98132,-40.69336,1610,RAMP_OUT,1,1,1,0
25905,2257,198.36914,199.98132,-40.69336,1596,RAMP_OUT,1,1,1,0
25955,2257,198.36914,199.98132,-40.69336,1581,RAMP_OUT,1,1,1,0
26007,2262,198.80859,200.45673,-40.25391,1566,RAMP_OUT,1,1,1,0
26056,2262,198.80859,200.45673,-40.25391,1551,RAMP_OUT,1,1,1,0
26106,2266,199.16016,200.83704,-39.90234,1536,RAMP_OUT,1,1,1,0
26155,2266,199.16016,200.83704,-39.90234,1521,RAMP_OUT,1,1,1,0
26207,2264,198.98438,200.64688,-40.07812,1505,RAMP_OUT,1,1,1,0
26255,2264,198.98438,200.64688,-40.07812,1500,BETWEEN_LEVELS,1,1,1,0
26307,2264,198.98438,200.64688,-40.07812,1500,BETWEEN_LEVELS,1,1,1,0
26355,2264,198.98438,200.64688,-40.07812,1500,BETWEEN_LEVELS,1,1,1,0
26406,2265,199.07227,200.74196,-39.99023,1500,BETWEEN_LEVELS,1,1,1,0
26455,2265,199.07227,200.74196,-39.99023,1500,BETWEEN_LEVELS,1,1,1,0
26505,2264,198.98438,200.64688,-40.07812,1500,BETWEEN_LEVELS,1,1,1,0
26555,2264,198.98438,200.64688,-40.07812,1500,BETWEEN_LEVELS,1,1,1,0
26605,2265,199.07227,200.74196,-39.99023,1500,BETWEEN_LEVELS,1,1,1,0
26658,2265,199.07227,200.74196,-39.99023,1500,BETWEEN_LEVELS,1,1,1,0
26705,2265,199.07227,200.74196,-39.99023,1500,BETWEEN_LEVELS,1,1,1,0
26756,2265,199.07227,200.74196,-39.99023,1500,BETWEEN_LEVELS,1,1,1,0
26805,2265,199.07227,200.74196,-39.99023,1500,BETWEEN_LEVELS,1,1,1,0
26856,2265,199.07227,200.74196,-39.99023,1500,BETWEEN_LEVELS,1,1,1,0
26905,2265,199.07227,200.74196,-39.99023,1500,BETWEEN_LEVELS,1,1,1,0
26955,2265,199.07227,200.74196,-39.99023,1500,BETWEEN_LEVELS,1,1,1,0
27007,2264,198.98438,200.64688,-40.07812,1500,BETWEEN_LEVELS,1,1,1,0
27055,2264,198.98438,200.64688,-40.07812,1510,RAMP_IN,1,1,1,0
27109,2264,198.98438,200.64688,-40.07812,1528,RAMP_IN,1,1,1,0
27158,2264,198.98438,200.64688,-40.07812,1544,RAMP_IN,1,1,1,0
27205,2265,199.07227,200.74196,-39.99023,1560,RAMP_IN,1,1,1,0
27255,2265,199.07227,200.74196,-39.99023,1577,RAMP_IN,1,1,1,0
27305,2265,199.07227,200.74196,-39.99023,1594,RAMP_IN,1,1,1,0
27355,2265,199.07227,200.74196,-39.99023,1610,RAMP_IN,1,1,1,0
27405,2264,198.98438,200.64688,-40.07812,1626,RAMP_IN,1,1,1,0
27455,2264,198.98438,200.64688,-40.07812,1643,RAMP_IN,1,1,1,0
27505,2261,198.72070,200.36163,-40.34180,1660,RAMP_IN,1,1,1,0
27557,2261,198.72070,200.36163,-40.34180,1678,RAMP_IN,1,1,1,0
27605,2256,198.28125,199.88625,-40.78125,1694,RAMP_IN,1,1,1,0
27656,2256,198.28125,199.88625,-40.78125,1700,SETTLE,1,1,1,0
27705,2247,197.49023,199.03055,-41.57227,1700,SETTLE,1,1,1,0
27755,2247,197.49023,199.03055,-41.57227,1700,SETTLE,1,1,1,0
27805,2241,196.96289,198.46008,-42.09961,1700,SETTLE,1,1,1,0
27856,2241,196.96289,198.46008,-42.09961,1700,SETTLE,1,1,1,0
27905,2233,196.25977,197.69508,-42.80273,1700,SETTLE,1,1,1,0
27955,2233,196.25977,197.69508,-42.80273,1700,SETTLE,1,1,1,0
28005,2226,195.64453,197.02516,-43.41797,1700,SETTLE,1,1,1,0
28055,2226,195.64453,197.02516,-43.41797,1700,SETTLE,1,1,1,0
28105,2220,195.11719,196.45094,-43.94531,1700,SETTLE,1,1,1,0
28155,2220,195.11719,196.45094,-43.94531,1700,SETTLE,1,1,1,0
28207,2208,194.06250,195.30251,-45.00000,1700,SETTLE,1,1,1,0
28255,2208,194.06250,195.30251,-45.00000,1700,SETTLE,1,1,1,0
28305,2203,193.62305,194.82399,-45.43945,1700,SETTLE,1,1,1,0
28355,2203,193.62305,194.82399,-45.43945,1700,SETTLE,1,1,1,0
28406,2193,192.74414,193.86696,-46.31836,1700,SETTLE,1,1,1,0
28456,2193,192.74414,193.86696,-46.31836,1700,SETTLE,1,1,1,0
28507,2187,192.21680,193.29274,-46.84570,1700,SETTLE,1,1,1,0
28555,2187,192.21680,193.29274,-46.84570,1700,SETTLE,1,1,1,0
28608,2179,191.51367,192.52711,-47.54883,1700,SETTLE,1,1,1,0
28655,2179,191.51367,192.52711,-47.54883,1700,MEASURE,1,1,1,0
28706,2173,190.98633,191.95290,-48.07617,1700,MEASURE,1,1,1,0
28757,2173,190.98633,191.95290,-48.07617,1700,MEASURE,1,1,1,0
28805,2158,189.66797,190.51735,-49.39453,1700,MEASURE,1,1,1,0
28855,2158,189.66797,190.51735,-49.39453,1700,MEASURE,1,1,1,0
28906,2145,188.52539,189.27321,-50.53711,1700,MEASURE,1,1,1,0
28955,2145,188.52539,189.27321,-50.53711,1700,MEASURE,1,1,1,0
29007,2145,188.52539,189.27321,-50.53711,1700,MEASURE,1,1,1,0
29055,2135,187.64648,188.31898,-51.41602,1700,MEASURE,1,1,1,0
29105,2135,187.64648,188.31898,-51.41602,1700,MEASURE,1,1,1,0
29155,2138,187.91016,188.60516,-51.15234,1700,MEASURE,1,1,1,0
29205,2138,187.91016,188.60516,-51.15234,1700,MEASURE,1,1,1,0
29255,2132,187.38281,188.03281,-51.67969,1700,MEASURE,1,1,1,0
29306,2132,187.38281,188.03281,-51.67969,1700,MEASURE,1,1,1,0
29355,2124,186.67969,187.26968,-52.38281,1700,MEASURE,1,1,1,0
29405,2124,186.67969,187.26968,-52.38281,1700,MEASURE,1,1,1,0
29455,2117,186.06445,186.60196,-52.99805,1700,MEASURE,1,1,1,0
29505,2117,186.06445,186.60196,-52.99805,1700,MEASURE,1,1,1,0
29555,2109,185.36133,185.83977,-53.70117,1700,MEASURE,1,1,1,0
29605,2109,185.36133,185.83977,-53.70117,1700,MEASURE,1,1,1,0
29657,2101,184.65820,185.07915,-54.40430,1700,MEASURE,1,1,1,0
29705,2101,184.65820,185.07915,-54.40430,1700,MEASURE,1,1,1,0
29757,2094,184.04297,184.41359,-55.01953,1700,MEASURE,1,1,1,0
29805,2094,184.04297,184.41359,-55.01953,1700,MEASURE,1,1,1,0
29855,2085,183.25195,183.55789,-55.81055,1700,MEASURE,1,1,1,0
29906,2085,183.25195,183.55789,-55.81055,1700,MEASURE,1,1,1,0
29955,2078,182.63672,182.89423,-56.42578,1700,MEASURE,1,1,1,0
30005,2078,182.63672,182.89423,-56.42578,1700,MEASURE,1,1,1,0
30055,2070,181.93359,182.14110,-57.12891,1700,MEASURE,1,1,1,0
30105,2070,181.93359,182.14110,-57.12891,1700,MEASURE,1,1,1,0
30155,2062,181.23047,181.38797,-57.83203,1700,MEASURE,1,1,1,0
30207,2062,181.23047,181.38797,-57.83203,1700,MEASURE,1,1,1,0
30255,2054,180.52734,180.63484,-58.53516,1700,MEASURE,1,1,1,0
30305,2054,180.52734,180.63484,-58.53516,1700,MEASURE,1,1,1,0
30355,2048,180.00000,180.07001,-59.06250,1700,MEASURE,1,1,1,0
30406,2048,180.00000,180.07001,-59.06250,1700,MEASURE,1,1,1,0
30455,2037,179.03320,179.03789,-60.02930,1700,MEASURE,1,1,1,0
30505,2037,179.03320,179.03789,-60.02930,1700,MEASURE,1,1,1,0
30555,2030,178.41797,178.38109,-60.64453,1700,MEASURE,1,1,1,0
30606,2030,178.41797,178.38109,-60.64453,1700,MEASURE,1,1,1,0
30655,2022,177.71484,177.63046,-61.34766,1700,MEASURE,1,1,1,0
30705,2022,177.71484,177.63046,-61.34766,1700,MEASURE,1,1,1,0
30757,2016,177.18750,177.06750,-61.87500,1700,MEASURE,1,1,1,0
30805,2016,177.18750,177.06750,-61.87500,1700,MEASURE,1,1,1,0
30856,2006,176.30859,176.13234,-62.75391,1700,MEASURE,1,1,1,0
30906,2006,176.30859,176.13234,-62.75391,1700,MEASURE,1,1,1,0
30957,1998,175.60547,175.38422,-63.45703,1700,MEASURE,1,1,1,0
31005,1998,175.60547,175.38422,-63.45703,1700,MEASURE,1,1,1,0
31057,1990,174.90234,174.63609,-64.16016,1700,MEASURE,1,1,1,0
31105,1990,174.90234,174.63609,-64.16016,1700,MEASURE,1,1,1,0
31155,1982,174.19922,173.88734,-64.86328,1700,MEASURE,1,1,1,0
31205,1982,174.19922,173.88734,-64.86328,1700,MEASURE,1,1,1,0
31255,1974,173.49609,173.13672,-65.56641,1700,MEASURE,1,1,1,0
31305,1974,173.49609,173.13672,-65.56641,1700,MEASURE,1,1,1,0
31355,1966,172.79297,172.38609,-66.26953,1700,MEASURE,1,1,1,0
31406,1966,172.79297,172.38609,-66.26953,1700,MEASURE,1,1,1,0
31455,1958,172.08984,171.63547,-66.97266,1700,MEASURE,1,1,1,0
31505,1958,172.08984,171.63547,-66.97266,1700,MEASURE,1,1,1,0
31555,1949,171.29883,170.79008,-67.76367,1700,MEASURE,1,1,1,0
31605,1949,171.29883,170.79008,-67.76367,1700,MEASURE,1,1,1,0
31655,1939,170.41992,169.84868,-68.64258,1691,RAMP_OUT,1,1,1,0
31705,1939,170.41992,169.84868,-68.64258,1675,RAMP_OUT,1,1,1,0
31755,1935,170.06836,169.47211,-68.99414,1658,RAMP_OUT,1,1,1,0
31805,1935,170.06836,169.47211,-68.99414,1641,RAMP_OUT,1,1,1,0
31855,1927,169.36523,168.71898,-69.69727,1624,RAMP_OUT,1,1,1,0
31905,1927,169.36523,168.71898,-69.69727,1607,RAMP_OUT,1,1,1,0
31957,1912,168.04688,167.30687,-71.01562,1590,RAMP_OUT,1,1,1,0
32005,1912,168.04688,167.30687,-71.01562,1575,RAMP_OUT,1,1,1,0
32055,1912,168.04688,167.30687,-71.01562,1558,RAMP_OUT,1,1,1,0
32105,1912,168.04688,167.30687,-71.01562,1541,RAMP_OUT,1,1,1,0
32155,1912,168.04688,167.30687,-71.01562,1524,RAMP_OUT,1,1,1,0
32205,1926,169.27734,168.62485,-69.78516,1508,RAMP_OUT,1,1,1,0
32255,1926,169.27734,168.62485,-69.78516,1500,BETWEEN_LEVELS,1,1,1,0
32305,1926,169.27734,168.62485,-69.78516,1500,BETWEEN_LEVELS,1,1,1,0
32355,1926,169.27734,168.62485,-69.78516,1500,BETWEEN_LEVELS,1,1,1,0
32405,1926,169.27734,168.62485,-69.78516,1500,BETWEEN_LEVELS,1,1,1,0
32455,1926,169.27734,168.62485,-69.78516,1500,BETWEEN_LEVELS,1,1,1,0
32505,1926,169.27734,168.62485,-69.78516,1500,BETWEEN_LEVELS,1,1,1,0
32555,1926,169.27734,168.62485,-69.78516,1500,BETWEEN_LEVELS,1,1,1,0
32605,1926,169.27734,168.62485,-69.78516,1500,BETWEEN_LEVELS,1,1,1,0
32655,1926,169.27734,168.62485,-69.78516,1500,BETWEEN_LEVELS,1,1,1,0
32706,1926,169.27734,168.62485,-69.78516,1500,BETWEEN_LEVELS,1,1,1,0
32756,1926,169.27734,168.62485,-69.78516,1500,BETWEEN_LEVELS,1,1,1,0
32806,1926,169.27734,168.62485,-69.78516,1500,BETWEEN_LEVELS,1,1,1,0
32855,1926,169.27734,168.62485,-69.78516,1500,BETWEEN_LEVELS,1,1,1,0
32906,1926,169.27734,168.62485,-69.78516,1500,BETWEEN_LEVELS,1,1,1,0
32955,1926,169.27734,168.62485,-69.78516,1500,BETWEEN_LEVELS,1,1,1,0
33005,1926,169.27734,168.62485,-69.78516,1500,BETWEEN_LEVELS,1,1,1,0
33055,1926,169.27734,168.62485,-69.78516,1511,RAMP_IN,1,1,1,0
33107,1926,169.27734,168.62485,-69.78516,1532,RAMP_IN,1,1,1,0
33155,1926,169.27734,168.62485,-69.78516,1552,RAMP_IN,1,1,1,0
33205,1926,169.27734,168.62485,-69.78516,1573,RAMP_IN,1,1,1,0
33255,1926,169.27734,168.62485,-69.78516,1594,RAMP_IN,1,1,1,0
33305,1926,169.27734,168.62485,-69.78516,1614,RAMP_IN,1,1,1,0
33355,1926,169.27734,168.62485,-69.78516,1635,RAMP_IN,1,1,1,0
33405,1924,169.10156,168.43657,-69.96094,1656,RAMP_IN,1,1,1,0
33455,1924,169.10156,168.43657,-69.96094,1677,RAMP_IN,1,1,1,0
33505,1919,168.66211,167.96587,-70.40039,1698,RAMP_IN,1,1,1,0
33556,1919,168.66211,167.96587,-70.40039,1717,RAMP_IN,1,1,1,0
33605,1912,168.04688,167.30687,-71.01562,1739,RAMP_IN,1,1,1,0
33659,1912,168.04688,167.30687,-71.01562,1750,SETTLE,1,1,1,0
33705,1901,167.08008,166.27133,-71.98242,1750,SETTLE,1,1,1,0
33757,1901,167.08008,166.27133,-71.98242,1750,SETTLE,1,1,1,0
33805,1890,166.11328,165.23578,-72.94922,1750,SETTLE,1,1,1,0
33856,1890,166.11328,165.23578,-72.94922,1750,SETTLE,1,1,1,0
33905,1878,165.05859,164.10609,-74.00391,1750,SETTLE,1,1,1,0
33955,1878,165.05859,164.10609,-74.00391,1750,SETTLE,1,1,1,0
34005,1866,164.00391,162.97641,-75.05859,1750,SETTLE,1,1,1,0
34055,1866,164.00391,162.97641,-75.05859,1750,SETTLE,1,1,1,0
34105,1855,163.03711,161.94118,-76.02539,1750,SETTLE,1,1,1,0
34155,1855,163.03711,161.94118,-76.02539,1750,SETTLE,1,1,1,0
34208,1842,161.89453,160.72141,-77.16797,1750,SETTLE,1,1,1,0
34255,1842,161.89453,160.72141,-77.16797,1750,SETTLE,1,1,1,0
34305,1833,161.10352,159.87695,-77.95898,1750,SETTLE,1,1,1,0
34355,1833,161.10352,159.87695,-77.95898,1750,SETTLE,1,1,1,0
34406,1821,160.04883,158.75008,-79.01367,1750,SETTLE,1,1,1,0
34455,1821,160.04883,158.75008,-79.01367,1750,SETTLE,1,1,1,0
34508,1809,158.99414,157.62039,-80.06836,1750,SETTLE,1,1,1,0
34555,1809,158.99414,157.62039,-80.06836,1750,SETTLE,1,1,1,0
34606,1797,157.93945,156.49071,-81.12305,1750,SETTLE,1,1,1,0
34655,1797,157.93945,156.49071,-81.12305,1750,MEASURE,1,1,1,0
34705,1786,156.97266,155.45515,-82.08984,1750,MEASURE,1,1,1,0
34757,1786,156.97266,155.45515,-82.08984,1750,MEASURE,1,1,1,0
34806,1774,155.91797,154.32547,-83.14453,1750,MEASURE,1,1,1,0
34855,1774,155.91797,154.32547,-83.14453,1750,MEASURE,1,1,1,0
34906,1762,154.86328,153.19579,-84.19922,1750,MEASURE,1,1,1,0
34955,1762,154.86328,153.19579,-84.19922,1750,MEASURE,1,1,1,0
35005,1743,153.19336,151.39117,-85.86914,1750,MEASURE,1,1,1,0
35057,1743,153.19336,151.39117,-85.86914,1750,MEASURE,1,1,1,0
35105,1743,153.19336,151.39117,-85.86914,1750,MEASURE,1,1,1,0
35157,1726,151.69922,149.77234,-87.36328,1750,MEASURE,1,1,1,0
35205,1726,151.69922,149.77234,-87.36328,1750,MEASURE,1,1,1,0
35255,1714,150.64453,148.61641,-88.41797,1750,MEASURE,1,1,1,0
35305,1714,150.64453,148.61641,-88.41797,1750,MEASURE,1,1,1,0
35355,1717,150.90820,148.90540,-88.15430,1750,MEASURE,1,1,1,0
35405,1717,150.90820,148.90540,-88.15430,1750,MEASURE,1,1,1,0
35455,1706,149.94141,147.84578,-89.12109,1750,MEASURE,1,1,1,0
35505,1706,149.94141,147.84578,-89.12109,1750,MEASURE,1,1,1,0
35555,1696,149.06250,146.88251,-90.00000,1750,MEASURE,1,1,1,0
35607,1696,149.06250,146.88251,-90.00000,1750,MEASURE,1,1,1,0
35655,1684,148.00781,145.71532,-91.05469,1750,MEASURE,1,1,1,0
35705,1684,148.00781,145.71532,-91.05469,1750,MEASURE,1,1,1,0
35756,1675,147.21680,144.83992,-91.84570,1750,MEASURE,1,1,1,0
35805,1675,147.21680,144.83992,-91.84570,1750,MEASURE,1,1,1,0
35856,1664,146.25000,143.77000,-92.81250,1750,MEASURE,1,1,1,0
35905,1664,146.25000,143.77000,-92.81250,1750,MEASURE,1,1,1,0
35957,1653,145.28320,142.68633,-93.77930,1750,MEASURE,1,1,1,0
36005,1653,145.28320,142.68633,-93.77930,1750,MEASURE,1,1,1,0
36055,1643,144.40430,141.70117,-94.65820,1750,MEASURE,1,1,1,0
36105,1643,144.40430,141.70117,-94.65820,1750,MEASURE,1,1,1,0
36155,1632,143.43750,140.61749,-95.62500,1750,MEASURE,1,1,1,0
36205,1632,143.43750,140.61749,-95.62500,1750,MEASURE,1,1,1,0
36255,1622,142.55859,139.61984,-96.50391,1750,MEASURE,1,1,1,0
36305,1622,142.55859,139.61984,-96.50391,1750,MEASURE,1,1,1,0
36357,1611,141.59180,138.52242,-97.47070,1750,MEASURE,1,1,1,0
36407,1611,141.59180,138.52242,-97.47070,1750,MEASURE,1,1,1,0
36455,1600,140.62500,137.42500,-98.43750,1750,MEASURE,1,1,1,0
36506,1600,140.62500,137.42500,-98.43750,1750,MEASURE,1,1,1,0
36555,1589,139.65820,136.32071,-99.40430,1750,MEASURE,1,1,1,0
36605,1589,139.65820,136.32071,-99.40430,1750,MEASURE,1,1,1,0
36656,1579,138.77930,135.31680,-100.28320,1750,MEASURE,1,1,1,0
36705,1579,138.77930,135.31680,-100.28320,1750,MEASURE,1,1,1,0
36755,1569,137.90039,134.31290,-101.16211,1750,MEASURE,1,1,1,0
36805,1569,137.90039,134.31290,-101.16211,1750,MEASURE,1,1,1,0
36855,1558,136.93359,133.19296,-102.12891,1750,MEASURE,1,1,1,0
36907,1558,136.93359,133.19296,-102.12891,1750,MEASURE,1,1,1,0
36956,1545,135.79102,131.86758,-103.27148,1750,MEASURE,1,1,1,0
37005,1545,135.79102,131.86758,-103.27148,1750,MEASURE,1,1,1,0
37056,1534,134.82422,130.74297,-104.23828,1750,MEASURE,1,1,1,0
37105,1534,134.82422,130.74297,-104.23828,1750,MEASURE,1,1,1,0
37158,1529,134.38477,130.22539,-104.67773,1750,MEASURE,1,1,1,0
37205,1529,134.38477,130.22539,-104.67773,1750,MEASURE,1,1,1,0
37258,1516,133.24219,128.87968,-105.82031,1750,MEASURE,1,1,1,0
37305,1516,133.24219,128.87968,-105.82031,1750,MEASURE,1,1,1,0
37355,1505,132.27539,127.74101,-106.78711,1750,MEASURE,1,1,1,0
37405,1505,132.27539,127.74101,-106.78711,1750,MEASURE,1,1,1,0
37458,1494,131.30859,126.58672,-107.75391,1750,MEASURE,1,1,1,0
37505,1494,131.30859,126.58672,-107.75391,1750,MEASURE,1,1,1,0
37555,1484,130.42969,125.53593,-108.63281,1750,MEASURE,1,1,1,0
37605,1484,130.42969,125.53593,-108.63281,1750,MEASURE,1,1,1,0
37655,1474,129.55078,124.48515,-109.51172,1742,RAMP_OUT,1,1,1,0
37705,1474,129.55078,124.48515,-109.51172,1722,RAMP_OUT,1,1,1,0
37755,1464,128.67188,123.42438,-110.39062,1700,RAMP_OUT,1,1,1,0
37807,1464,128.67188,123.42438,-110.39062,1678,RAMP_OUT,1,1,1,0
37855,1458,128.14453,122.78641,-110.91797,1659,RAMP_OUT,1,1,1,0
37907,1458,128.14453,122.78641,-110.91797,1636,RAMP_OUT,1,1,1,0
37955,1453,127.70508,122.25477,-111.35742,1617,RAMP_OUT,1,1,1,0
38005,1453,127.70508,122.25477,-111.35742,1595,RAMP_OUT,1,1,1,0
38055,1448,127.26562,121.72312,-111.79688,1575,RAMP_OUT,1,1,1,0
38105,1448,127.26562,121.72312,-111.79688,1554,RAMP_OUT,1,1,1,0
38155,1448,127.26562,121.72312,-111.79688,1533,RAMP_OUT,1,1,1,0
38205,1440,126.56250,120.87250,-112.50000,1512,RAMP_OUT,1,1,1,0
38257,1440,126.56250,120.87250,-112.50000,1500,BETWEEN_LEVELS,1,1,1,0
38305,1453,127.70508,122.25477,-111.35742,1500,BETWEEN_LEVELS,1,1,1,0
38358,1453,127.70508,122.25477,-111.35742,1500,BETWEEN_LEVELS,1,1,1,0
38405,1435,126.12305,120.33774,-112.93945,1500,BETWEEN_LEVELS,1,1,1,0
38457,1435,126.12305,120.33774,-112.93945,1500,BETWEEN_LEVELS,1,1,1,0
38505,1450,127.44141,121.93578,-111.62109,1500,BETWEEN_LEVELS,1,1,1,0
38558,1450,127.44141,121.93578,-111.62109,1500,BETWEEN_LEVELS,1,1,1,0
38605,1449,127.35352,121.82945,-111.70898,1500,BETWEEN_LEVELS,1,1,1,0
38655,1449,127.35352,121.82945,-111.70898,1500,BETWEEN_LEVELS,1,1,1,0
38705,1452,127.61719,122.14844,-111.44531,1500,BETWEEN_LEVELS,1,1,1,0
38755,1452,127.61719,122.14844,-111.44531,1500,BETWEEN_LEVELS,1,1,1,0
38807,1452,127.61719,122.14844,-111.44531,1500,BETWEEN_LEVELS,1,1,1,0
38855,1452,127.61719,122.14844,-111.44531,1500,BETWEEN_LEVELS,1,1,1,0
38905,1452,127.61719,122.14844,-111.44531,1500,BETWEEN_LEVELS,1,1,1,0
38955,1452,127.61719,122.14844,-111.44531,1500,BETWEEN_LEVELS,1,1,1,0
39006,1452,127.61719,122.14844,-111.44531,1500,BETWEEN_LEVELS,1,1,1,0
39055,1452,127.61719,122.14844,-111.44531,1509,RAMP_IN,1,1,1,0
39108,1452,127.61719,122.14844,-111.44531,1534,RAMP_IN,1,1,1,0
39155,1452,127.61719,122.14844,-111.44531,1559,RAMP_IN,1,1,1,0
39207,1453,127.70508,122.25477,-111.35742,1584,RAMP_IN,1,1,1,0
39255,1453,127.70508,122.25477,-111.35742,1608,RAMP_IN,1,1,1,0
39305,1452,127.61719,122.14844,-111.44531,1634,RAMP_IN,1,1,1,0
39357,1452,127.61719,122.14844,-111.44531,1660,RAMP_IN,1,1,1,0
39405,1450,127.44141,121.93578,-111.62109,1684,RAMP_IN,1,1,1,0
39458,1450,127.44141,121.93578,-111.62109,1711,RAMP_IN,1,1,1,0
39505,1444,126.91406,121.29781,-112.14844,1733,RAMP_IN,1,1,1,0
39555,1444,126.91406,121.29781,-112.14844,1757,RAMP_IN,1,1,1,0
39605,1435,126.12305,120.33774,-112.93945,1784,RAMP_IN,1,1,1,0
39657,1435,126.12305,120.33774,-112.93945,1800,SETTLE,1,1,1,0
39705,1422,124.98047,118.94734,-114.08203,1800,SETTLE,1,1,1,0
39755,1422,124.98047,118.94734,-114.08203,1800,SETTLE,1,1,1,0
39805,1408,123.75000,117.45000,-115.31250,1800,SETTLE,1,1,1,0
39855,1408,123.75000,117.45000,-115.31250,1800,SETTLE,1,1,1,0
39907,1395,122.60742,116.05555,-116.45508,1800,SETTLE,1,1,1,0
39955,1395,122.60742,116.05555,-116.45508,1800,SETTLE,1,1,1,0
40006,1382,121.46484,114.66109,-117.59766,1800,SETTLE,1,1,1,0
40055,1382,121.46484,114.66109,-117.59766,1800,SETTLE,1,1,1,0
40109,1368,120.23438,113.15938,-118.82812,1800,SETTLE,1,1,1,0
40155,1368,120.23438,113.15938,-118.82812,1800,SETTLE,1,1,1,0
40208,1356,119.17969,111.87218,-119.88281,1800,SETTLE,1,1,1,0
40255,1356,119.17969,111.87218,-119.88281,1800,SETTLE,1,1,1,0
40307,1342,117.94922,110.37109,-121.11328,1800,SETTLE,1,1,1,0
40355,1342,117.94922,110.37109,-121.11328,1800,SETTLE,1,1,1,0
40405,1329,116.80664,108.98071,-122.25586,1800,SETTLE,1,1,1,0
40455,1329,116.80664,108.98071,-122.25586,1800,SETTLE,1,1,1,0
40505,1314,115.48828,107.37640,-123.57422,1800,SETTLE,1,1,1,0
40555,1314,115.48828,107.37640,-123.57422,1800,SETTLE,1,1,1,0
40605,1302,114.43359,106.09609,-124.62891,1800,SETTLE,1,1,1,0
40655,1302,114.43359,106.09609,-124.62891,1800,MEASURE,1,1,1,0
40707,1289,113.29102,104.70976,-125.77148,1800,MEASURE,1,1,1,0
40755,1289,113.29102,104.70976,-125.77148,1800,MEASURE,1,1,1,0
40805,1274,111.97266,103.11203,-127.08984,1800,MEASURE,1,1,1,0
40855,1274,111.97266,103.11203,-127.08984,1800,MEASURE,1,1,1,0
40905,1262,110.91797,101.83609,-128.14453,1800,MEASURE,1,1,1,0
40955,1262,110.91797,101.83609,-128.14453,1800,MEASURE,1,1,1,0
41005,1246,109.51172,100.13672,-129.55078,1800,MEASURE,1,1,1,0
41055,1246,109.51172,100.13672,-129.55078,1800,MEASURE,1,1,1,0
41105,1233,108.36914,98.76664,-130.69336,1800,MEASURE,1,1,1,0
41155,1233,108.36914,98.76664,-130.69336,1800,MEASURE,1,1,1,0
41205,1215,106.78711,96.87117,-132.27539,1800,MEASURE,1,1,1,0
41256,1215,106.78711,96.87117,-132.27539,1800,MEASURE,1,1,1,0
41305,1215,106.78711,96.87117,-132.27539,1800,MEASURE,1,1,1,0
41355,1204,105.82031,95.72906,-133.24219,1800,MEASURE,1,1,1,0
41405,1204,105.82031,95.72906,-133.24219,1800,MEASURE,1,1,1,0
41455,1185,104.15039,93.75633,-134.91211,1800,MEASURE,1,1,1,0
41505,1185,104.15039,93.75633,-134.91211,1800,MEASURE,1,1,1,0
41555,1179,103.62305,93.14117,-135.43945,1800,MEASURE,1,1,1,0
41605,1179,103.62305,93.14117,-135.43945,1800,MEASURE,1,1,1,0
41655,1166,102.48047,91.81172,-136.58203,1800,MEASURE,1,1,1,0
41706,1166,102.48047,91.81172,-136.58203,1800,MEASURE,1,1,1,0
41755,1152,101.25000,90.38000,-137.81250,1800,MEASURE,1,1,1,0
41806,1152,101.25000,90.38000,-137.81250,1800,MEASURE,1,1,1,0
41855,1140,100.19531,89.17156,-138.86719,1800,MEASURE,1,1,1,0
41907,1140,100.19531,89.17156,-138.86719,1800,MEASURE,1,1,1,0
41955,1123,98.70117,87.45961,-140.36133,1800,MEASURE,1,1,1,0
42008,1123,98.70117,87.45961,-140.36133,1800,MEASURE,1,1,1,0
42055,1109,97.47070,86.06351,-141.59180,1800,MEASURE,1,1,1,0
42109,1109,97.47070,86.06351,-141.59180,1800,MEASURE,1,1,1,0
42155,1095,96.24023,84.67117,-142.82227,1800,MEASURE,1,1,1,0
42206,1095,96.24023,84.67117,-142.82227,1800,MEASURE,1,1,1,0
42255,1081,95.00977,83.28320,-144.05273,1800,MEASURE,1,1,1,0
42307,1081,95.00977,83.28320,-144.05273,1800,MEASURE,1,1,1,0
42355,1070,94.04297,82.19609,-145.01953,1800,MEASURE,1,1,1,0
42408,1070,94.04297,82.19609,-145.01953,1800,MEASURE,1,1,1,0
42455,1051,92.37305,80.32461,-146.68945,1800,MEASURE,1,1,1,0
42508,1051,92.37305,80.32461,-146.68945,1800,MEASURE,1,1,1,0
42555,1045,91.84570,79.73914,-147.21680,1800,MEASURE,1,1,1,0
42606,1045,91.84570,79.73914,-147.21680,1800,MEASURE,1,1,1,0
42655,1022,89.82422,77.49797,-149.23828,1800,MEASURE,1,1,1,0
42707,1022,89.82422,77.49797,-149.23828,1800,MEASURE,1,1,1,0
42755,1014,89.12109,76.72984,-149.94141,1800,MEASURE,1,1,1,0
42805,1014,89.12109,76.72984,-149.94141,1800,MEASURE,1,1,1,0
42857,990,87.01172,74.42860,-152.05078,1800,MEASURE,1,1,1,0
42905,990,87.01172,74.42860,-152.05078,1800,MEASURE,1,1,1,0
42955,976,85.78125,73.10625,-153.28125,1800,MEASURE,1,1,1,0
43005,976,85.78125,73.10625,-153.28125,1800,MEASURE,1,1,1,0
43055,960,84.37500,71.59500,-154.68750,1800,MEASURE,1,1,1,0
43105,960,84.37500,71.59500,-154.68750,1800,MEASURE,1,1,1,0
43155,940,82.61719,69.74344,-156.44531,1800,MEASURE,1,1,1,0
43205,940,82.61719,69.74344,-156.44531,1800,MEASURE,1,1,1,0
43255,930,81.73828,68.81766,-157.32422,1800,MEASURE,1,1,1,0
43305,930,81.73828,68.81766,-157.32422,1800,MEASURE,1,1,1,0
43355,910,79.98047,66.99985,-159.08203,1800,MEASURE,1,1,1,0
43406,910,79.98047,66.99985,-159.08203,1800,MEASURE,1,1,1,0
43455,895,78.66211,65.64149,-160.40039,1800,MEASURE,1,1,1,0
43505,895,78.66211,65.64149,-160.40039,1800,MEASURE,1,1,1,0
43555,877,77.08008,64.04820,-161.98242,1800,MEASURE,1,1,1,0
43605,877,77.08008,64.04820,-161.98242,1800,MEASURE,1,1,1,0
43655,860,75.58594,62.54844,-163.47656,1794,RAMP_OUT,1,1,1,0
43705,860,75.58594,62.54844,-163.47656,1770,RAMP_OUT,1,1,1,0
43757,842,74.00391,60.97766,-165.05859,1743,RAMP_OUT,1,1,1,0
43805,842,74.00391,60.97766,-165.05859,1719,RAMP_OUT,1,1,1,0
43855,830,72.94922,59.93359,-166.11328,1694,RAMP_OUT,1,1,1,0
43905,830,72.94922,59.93359,-166.11328,1669,RAMP_OUT,1,1,1,0
43956,828,72.77344,59.76219,-166.28906,1644,RAMP_OUT,1,1,1,0
44005,828,72.77344,59.76219,-166.28906,1619,RAMP_OUT,1,1,1,0
44055,817,71.80664,58.81945,-167.25586,1594,RAMP_OUT,1,1,1,0
44105,817,71.80664,58.81945,-167.25586,1569,RAMP_OUT,1,1,1,0
44155,817,71.80664,58.81945,-167.25586,1545,RAMP_OUT,1,1,1,0
44208,817,71.80664,58.81945,-167.25586,1519,RAMP_OUT,1,1,1,0
44255,813,71.45508,58.47664,-167.60742,1500,BETWEEN_LEVELS,1,1,1,0
44305,813,71.45508,58.47664,-167.60742,1500,BETWEEN_LEVELS,1,1,1,0
44355,813,71.45508,58.47664,-167.60742,1500,BETWEEN_LEVELS,1,1,1,0
44407,811,71.27930,58.30524,-167.78320,1500,BETWEEN_LEVELS,1,1,1,0
44455,811,71.27930,58.30524,-167.78320,1500,BETWEEN_LEVELS,1,1,1,0
44507,816,71.71875,58.73375,-167.34375,1500,BETWEEN_LEVELS,1,1,1,0
44555,816,71.71875,58.73375,-167.34375,1500,BETWEEN_LEVELS,1,1,1,0
44607,816,71.71875,58.73375,-167.34375,1500,BETWEEN_LEVELS,1,1,1,0
44656,816,71.71875,58.73375,-167.34375,1500,BETWEEN_LEVELS,1,1,1,0
44705,818,71.89453,58.90516,-167.16797,1500,BETWEEN_LEVELS,1,1,1,0
44755,818,71.89453,58.90516,-167.16797,1500,BETWEEN_LEVELS,1,1,1,0
44805,817,71.80664,58.81945,-167.25586,1500,BETWEEN_LEVELS,1,1,1,0
44855,817,71.80664,58.81945,-167.25586,1500,BETWEEN_LEVELS,1,1,1,0
44905,820,72.07031,59.07656,-166.99219,1500,BETWEEN_LEVELS,1,1,1,0
44955,820,72.07031,59.07656,-166.99219,1500,BETWEEN_LEVELS,1,1,1,0
45007,817,71.80664,58.81945,-167.25586,1500,BETWEEN_LEVELS,1,1,1,0
45056,817,71.80664,58.81945,-167.25586,1505,RAMP_IN,1,1,1,0
45105,816,71.71875,58.73375,-167.34375,1534,RAMP_IN,1,1,1,0
45155,816,71.71875,58.73375,-167.34375,1564,RAMP_IN,1,1,1,0
45205,817,71.80664,58.81945,-167.25586,1593,RAMP_IN,1,1,1,0
45256,817,71.80664,58.81945,-167.25586,1623,RAMP_IN,1,1,1,0
45307,816,71.71875,58.73375,-167.34375,1652,RAMP_IN,1,1,1,0
45355,816,71.71875,58.73375,-167.34375,1680,RAMP_IN,1,1,1,0
45407,812,71.36719,58.39094,-167.69531,1711,RAMP_IN,1,1,1,0
45455,812,71.36719,58.39094,-167.69531,1739,RAMP_IN,1,1,1,0
45506,802,70.48828,57.53391,-168.57422,1767,RAMP_IN,1,1,1,0
45556,802,70.48828,57.53391,-168.57422,1798,RAMP_IN,1,1,1,0
45606,788,69.25781,56.35281,-169.80469,1826,RAMP_IN,1,1,1,0
45655,788,69.25781,56.35281,-169.80469,1850,SETTLE,1,1,1,0
45707,769,67.58789,54.75414,-171.47461,1850,SETTLE,1,1,1,0
45755,769,67.58789,54.75414,-171.47461,1850,SETTLE,1,1,1,0
45805,747,65.65430,52.94242,-173.40820,1850,SETTLE,1,1,1,0
45855,747,65.65430,52.94242,-173.40820,1850,SETTLE,1,1,1,0
45905,723,63.54492,50.99242,-175.51758,1850,SETTLE,1,1,1,0
45955,723,63.54492,50.99242,-175.51758,1850,SETTLE,1,1,1,0
46005,699,61.43555,49.07399,-177.62695,1850,SETTLE,1,1,1,0
46055,699,61.43555,49.07399,-177.62695,1850,SETTLE,1,1,1,0
46105,675,59.32617,47.19711,-179.73633,1850,SETTLE,1,1,1,0
46155,675,59.32617,47.19711,-179.73633,1850,SETTLE,1,1,1,0
46205,652,57.30469,45.43594,-181.75781,1850,SETTLE,1,1,1,0
46255,652,57.30469,45.43594,-181.75781,1850,SETTLE,1,1,1,0
46305,630,55.37109,43.77859,-183.69141,1850,SETTLE,1,1,1,0
46355,630,55.37109,43.77859,-183.69141,1850,SETTLE,1,1,1,0
46405,605,53.17383,41.92883,-185.88867,1850,SETTLE,1,1,1,0
46455,605,53.17383,41.92883,-185.88867,1850,SETTLE,1,1,1,0
46505,581,51.06445,40.17945,-187.99805,1850,SETTLE,1,1,1,0
46555,581,51.06445,40.17945,-187.99805,1850,SETTLE,1,1,1,0
46605,556,48.86719,38.38844,-190.19531,1850,SETTLE,1,1,1,0
46655,556,48.86719,38.38844,-190.19531,1850,MEASURE,1,1,1,0
46705,531,46.66992,36.61742,-192.39258,1850,MEASURE,1,1,1,0
46755,531,46.66992,36.61742,-192.39258,1850,MEASURE,1,1,1,0
46805,505,44.38477,34.79164,-194.67773,1850,MEASURE,1,1,1,0
46855,505,44.38477,34.79164,-194.67773,1850,MEASURE,1,1,1,0
46905,479,42.09961,32.97867,-196.96289,1850,MEASURE,1,1,1,0
46955,479,42.09961,32.97867,-196.96289,1850,MEASURE,1,1,1,0
47005,452,39.72656,31.12031,-199.33594,1850,MEASURE,1,1,1,0
47055,452,39.72656,31.12031,-199.33594,1850,MEASURE,1,1,1,0
47105,426,37.44141,29.35141,-201.62109,1850,MEASURE,1,1,1,0
47155,426,37.44141,29.35141,-201.62109,1850,MEASURE,1,1,1,0
47205,398,34.98047,27.46172,-204.08203,1850,MEASURE,1,1,1,0
47255,398,34.98047,27.46172,-204.08203,1850,MEASURE,1,1,1,0
47305,372,32.69531,25.72406,-206.36719,1850,MEASURE,1,1,1,0
47355,372,32.69531,25.72406,-206.36719,1850,MEASURE,1,1,1,0
47405,372,32.69531,25.72406,-206.36719,1850,MEASURE,1,1,1,0
47455,345,30.32227,23.93758,-208.74023,1850,MEASURE,1,1,1,0
47505,345,30.32227,23.93758,-208.74023,1850,MEASURE,1,1,1,0
47555,334,29.35547,23.21484,-209.70703,1850,MEASURE,1,1,1,0
47606,334,29.35547,23.21484,-209.70703,1850,MEASURE,1,1,1,0
47655,289,25.40039,20.26789,-213.66211,1850,MEASURE,1,1,1,0
47706,289,25.40039,20.26789,-213.66211,1850,MEASURE,1,1,1,0
47755,258,22.67578,18.25016,-216.38672,1850,MEASURE,1,1,1,0
47805,258,22.67578,18.25016,-216.38672,1850,MEASURE,1,1,1,0
47855,231,20.30273,16.50086,-218.75977,1850,MEASURE,1,1,1,0
47905,231,20.30273,16.50086,-218.75977,1850,MEASURE,1,1,1,0
47955,202,17.75391,14.62266,-221.30859,1850,MEASURE,1,1,1,0
48005,202,17.75391,14.62266,-221.30859,1850,MEASURE,1,1,1,0
48055,174,15.29297,12.79797,-223.76953,1850,MEASURE,1,1,1,0
48105,174,15.29297,12.79797,-223.76953,1850,MEASURE,1,1,1,0
48155,144,12.65625,10.83125,-226.40625,1850,MEASURE,1,1,1,0
48206,144,12.65625,10.83125,-226.40625,1850,MEASURE,1,1,1,0
48256,115,10.10742,8.92180,-228.95508,1850,MEASURE,1,1,1,0
48305,115,10.10742,8.92180,-228.95508,1850,MEASURE,1,1,1,0
48357,89,7.82227,7.20102,-231.24023,1850,MEASURE,1,1,1,0
48405,89,7.82227,7.20102,-231.24023,1850,MEASURE,1,1,1,0
48458,62,5.44922,5.40109,-233.61328,1850,MEASURE,1,1,1,0
48506,62,5.44922,5.40109,-233.61328,1850,MEASURE,1,1,1,0
48555,34,2.98828,3.52641,-236.07422,1850,MEASURE,1,1,1,0
48605,34,2.98828,3.52641,-236.07422,1850,MEASURE,1,1,1,0
48656,8,0.70312,1.77812,-238.35938,1850,MEASURE,1,1,1,0
48705,8,0.70312,1.77812,-238.35938,1850,MEASURE,1,1,1,0
48759,4076,358.24219,359.88220,-240.82031,1850,MEASURE,1,1,1,0
48805,4076,358.24219,359.88220,-240.82031,1850,MEASURE,1,1,1,0
48855,4049,355.86914,358.04446,-243.19336,1850,MEASURE,1,1,1,0
48905,4049,355.86914,358.04446,-243.19336,1850,MEASURE,1,1,1,0
48955,4022,353.49609,356.19983,-245.56641,1850,MEASURE,1,1,1,0
49005,4022,353.49609,356.19983,-245.56641,1850,MEASURE,1,1,1,0
49055,3996,351.21094,354.41592,-247.85156,1850,MEASURE,1,1,1,0
49106,3996,351.21094,354.41592,-247.85156,1850,MEASURE,1,1,1,0
49155,3972,349.10156,352.75656,-249.96094,1850,MEASURE,1,1,1,0
49208,3972,349.10156,352.75656,-249.96094,1850,MEASURE,1,1,1,0
49255,3948,346.99219,351.07843,-252.07031,1850,MEASURE,1,1,1,0
49306,3948,346.99219,351.07843,-252.07031,1850,MEASURE,1,1,1,0
49355,3922,344.70703,349.24765,-254.35547,1850,MEASURE,1,1,1,0
49407,3922,344.70703,349.24765,-254.35547,1850,MEASURE,1,1,1,0
49455,3897,342.50977,347.47571,-256.55273,1850,MEASURE,1,1,1,0
49505,3897,342.50977,347.47571,-256.55273,1850,MEASURE,1,1,1,0
49555,3871,340.22461,345.62054,-258.83789,1850,MEASURE,1,1,1,0
49605,3871,340.22461,345.62054,-258.83789,1850,MEASURE,1,1,1,0
49656,3848,338.20312,343.96564,-260.85938,1847,RAMP_OUT,1,1,1,0
49705,3848,338.20312,343.96564,-260.85938,1819,RAMP_OUT,1,1,1,0
49756,3825,336.18164,342.29663,-262.88086,1790,RAMP_OUT,1,1,1,0
49805,3825,336.18164,342.29663,-262.88086,1760,RAMP_OUT,1,1,1,0
49858,3803,334.24805,340.69150,-264.81445,1733,RAMP_OUT,1,1,1,0
49905,3803,334.24805,340.69150,-264.81445,1702,RAMP_OUT,1,1,1,0
49957,3793,333.36914,339.95944,-265.69336,1672,RAMP_OUT,1,1,1,0
50006,3793,333.36914,339.95944,-265.69336,1643,RAMP_OUT,1,1,1,0
50055,3785,332.66602,339.37384,-266.39648,1615,RAMP_OUT,1,1,1,0
50106,3785,332.66602,339.37384,-266.39648,1584,RAMP_OUT,1,1,1,0
50155,3784,332.57812,339.30063,-266.48438,1556,RAMP_OUT,1,1,1,0
50207,3784,332.57812,339.30063,-266.48438,1526,RAMP_OUT,1,1,1,0
50255,3783,332.49023,339.22742,-266.57227,1500,BETWEEN_LEVELS,1,1,1,0
50306,3783,332.49023,339.22742,-266.57227,1500,BETWEEN_LEVELS,1,1,1,0
50355,3784,332.57812,339.30063,-266.48438,1500,BETWEEN_LEVELS,1,1,1,0
50406,3784,332.57812,339.30063,-266.48438,1500,BETWEEN_LEVELS,1,1,1,0
50455,3798,333.80859,340.32547,-265.25391,1500,BETWEEN_LEVELS,1,1,1,0
50505,3798,333.80859,340.32547,-265.25391,1500,BETWEEN_LEVELS,1,1,1,0
50555,3798,333.80859,340.32547,-265.25391,1500,BETWEEN_LEVELS,1,1,1,0
50605,3803,334.24805,340.69150,-264.81445,1500,BETWEEN_LEVELS,1,1,1,0
50656,3803,334.24805,340.69150,-264.81445,1500,BETWEEN_LEVELS,1,1,1,0
50705,3791,333.19336,339.81305,-265.86914,1500,BETWEEN_LEVELS,1,1,1,0
50756,3791,333.19336,339.81305,-265.86914,1500,BETWEEN_LEVELS,1,1,1,0
50805,3784,332.57812,339.30063,-266.48438,1500,BETWEEN_LEVELS,1,1,1,0
50855,3784,332.57812,339.30063,-266.48438,1500,BETWEEN_LEVELS,1,1,1,0
50905,3784,332.57812,339.30063,-266.48438,1500,BETWEEN_LEVELS,1,1,1,0
50956,3784,332.57812,339.30063,-266.48438,1500,BETWEEN_LEVELS,1,1,1,0
51005,3784,332.57812,339.30063,-266.48438,1500,BETWEEN_LEVELS,1,1,1,0
51056,3784,332.57812,339.30063,-266.48438,1500,RAMP_IN,1,1,1,0
51105,3783,332.49023,339.22742,-266.57227,1533,RAMP_IN,1,1,1,0
51155,3783,332.49023,339.22742,-266.57227,1567,RAMP_IN,1,1,1,0
51205,3783,332.49023,339.22742,-266.57227,1600,RAMP_IN,1,1,1,0
51255,3783,332.49023,339.22742,-266.57227,1632,RAMP_IN,1,1,1,0
51305,3783,332.49023,339.22742,-266.57227,1666,RAMP_IN,1,1,1,0
51355,3783,332.49023,339.22742,-266.57227,1700,RAMP_IN,1,1,1,0
51405,3778,332.05078,338.86142,-267.01172,1733,RAMP_IN,1,1,1,0
51457,3778,332.05078,338.86142,-267.01172,1767,RAMP_IN,1,1,1,0
51505,3768,331.17188,338.12439,-267.89062,1800,RAMP_IN,1,1,1,0
51555,3768,331.17188,338.12439,-267.89062,1834,RAMP_IN,1,1,1,0
51605,3746,329.23828,336.50015,-269.82422,1867,RAMP_IN,1,1,1,0
51655,3746,329.23828,336.50015,-269.82422,1899,RAMP_IN,1,1,1,0
51706,3721,327.04102,334.65445,-272.02148,1900,SETTLE,1,1,1,0
51755,3721,327.04102,334.65445,-272.02148,1900,SETTLE,1,1,1,0
51805,3693,324.58008,332.58133,-274.48242,1900,SETTLE,1,1,1,0
51855,3693,324.58008,332.58133,-274.48242,1900,SETTLE,1,1,1,0
51906,3665,322.11914,330.49600,-276.94336,1900,SETTLE,1,1,1,0
51955,3665,322.11914,330.49600,-276.94336,1900,SETTLE,1,1,1,0
52009,3637,319.65820,328.40259,-279.40430,1900,SETTLE,1,1,1,0
52055,3636,319.57031,328.32782,-279.49219,1900,SETTLE,1,1,1,0
52106,3607,317.02148,326.15118,-282.04102,1900,SETTLE,1,1,1,0
52155,3607,317.02148,326.15118,-282.04102,1900,SETTLE,1,1,1,0
52207,3578,314.47266,323.95392,-284.58984,1900,SETTLE,1,1,1,0
52255,3578,314.47266,323.95392,-284.58984,1900,SETTLE,1,1,1,0
52307,3551,312.09961,321.90054,-286.96289,1900,SETTLE,1,1,1,0
52355,3551,312.09961,321.90054,-286.96289,1900,SETTLE,1,1,1,0
52405,3523,309.63867,319.74585,-289.42383,1900,SETTLE,1,1,1,0
52455,3523,309.63867,319.74585,-289.42383,1900,SETTLE,1,1,1,0
52505,3496,307.26562,317.65314,-291.79688,1900,SETTLE,1,1,1,0
52558,3496,307.26562,317.65314,-291.79688,1900,SETTLE,1,1,1,0
52605,3469,304.89258,315.54071,-294.16992,1900,SETTLE,1,1,1,0
52657,3469,304.89258,315.54071,-294.16992,1900,MEASURE,1,1,1,0
52705,3442,302.51953,313.40765,-296.54297,1900,MEASURE,1,1,1,0
52755,3442,302.51953,313.40765,-296.54297,1900,MEASURE,1,1,1,0
52805,3414,300.05859,311.17358,-299.00391,1900,MEASURE,1,1,1,0
52855,3414,300.05859,311.17358,-299.00391,1900,MEASURE,1,1,1,0
52908,3390,297.94922,309.24234,-301.11328,1900,MEASURE,1,1,1,0
52955,3390,297.94922,309.24234,-301.11328,1900,MEASURE,1,1,1,0
53007,3362,295.48828,306.96515,-303.57422,1900,MEASURE,1,1,1,0
53055,3362,295.48828,306.96515,-303.57422,1900,MEASURE,1,1,1,0
53105,3341,293.64258,305.23352,-305.41992,1900,MEASURE,1,1,1,0
53155,3341,293.64258,305.23352,-305.41992,1900,MEASURE,1,1,1,0
53205,3314,291.26953,302.98203,-307.79297,1900,MEASURE,1,1,1,0
53255,3314,291.26953,302.98203,-307.79297,1900,MEASURE,1,1,1,0
53305,3290,289.16016,300.95517,-309.90234,1900,MEASURE,1,1,1,0
53355,3290,289.16016,300.95517,-309.90234,1900,MEASURE,1,1,1,0
53405,3267,287.13867,298.99118,-311.92383,1900,MEASURE,1,1,1,0
53455,3267,287.13867,298.99118,-311.92383,1900,MEASURE,1,1,1,0
53505,3249,285.55664,297.42603,-313.50586,1900,MEASURE,1,1,1,0
53555,3249,285.55664,297.42603,-313.50586,1900,MEASURE,1,1,1,0
53606,3236,284.41406,296.29156,-314.64844,1900,MEASURE,1,1,1,0
53655,3236,284.41406,296.29156,-314.64844,1900,MEASURE,1,1,1,0
53706,3236,284.41406,296.29156,-314.64844,1900,MEASURE,1,1,1,0
53756,3209,282.04102,293.89227,-317.02148,1900,MEASURE,1,1,1,0
53807,3209,282.04102,293.89227,-317.02148,1900,MEASURE,1,1,1,0
53855,3164,278.08594,289.80469,-320.97656,1900,MEASURE,1,1,1,0
53905,3164,278.08594,289.80469,-320.97656,1900,MEASURE,1,1,1,0
53955,3152,277.03125,288.68625,-322.03125,1900,MEASURE,1,1,1,0
54005,3152,277.03125,288.68625,-322.03125,1900,MEASURE,1,1,1,0
54056,3129,275.00977,286.53165,-324.05273,1900,MEASURE,1,1,1,0
54105,3129,275.00977,286.53165,-324.05273,1900,MEASURE,1,1,1,0
54158,3107,273.07617,284.44681,-325.98633,1900,MEASURE,1,1,1,0
54205,3107,273.07617,284.44681,-325.98633,1900,MEASURE,1,1,1,0
54259,3101,272.54883,283.87350,-326.51367,1900,MEASURE,1,1,1,0
54305,3086,271.23047,282.42859,-327.83203,1900,MEASURE,1,1,1,0
54358,3064,269.29688,280.29688,-329.76562,1900,MEASURE,1,1,1,0
54405,3064,269.29688,280.29688,-329.76562,1900,MEASURE,1,1,1,0
54456,3042,267.36328,278.14328,-331.69922,1900,MEASURE,1,1,1,0
54505,3042,267.36328,278.14328,-331.69922,1900,MEASURE,1,1,1,0
54555,3021,265.51758,276.06976,-333.54492,1900,MEASURE,1,1,1,0
54605,3021,265.51758,276.06976,-333.54492,1900,MEASURE,1,1,1,0
54656,3000,263.67188,273.98688,-335.39062,1900,MEASURE,1,1,1,0
54705,3000,263.67188,273.98688,-335.39062,1900,MEASURE,1,1,1,0
54756,2979,261.82617,271.89178,-337.23633,1900,MEASURE,1,1,1,0
54805,2979,261.82617,271.89178,-337.23633,1900,MEASURE,1,1,1,0
54855,2958,259.98047,269.77423,-339.08203,1900,MEASURE,1,1,1,0
54905,2958,259.98047,269.77423,-339.08203,1900,MEASURE,1,1,1,0
54956,2937,258.13477,267.64413,-340.92773,1900,MEASURE,1,1,1,0
55005,2937,258.13477,267.64413,-340.92773,1900,MEASURE,1,1,1,0
55055,2918,256.46484,265.70108,-342.59766,1900,MEASURE,1,1,1,0
55105,2918,256.46484,265.70108,-342.59766,1900,MEASURE,1,1,1,0
55155,2897,254.61914,263.54883,-344.44336,1900,MEASURE,1,1,1,0
55205,2897,254.61914,263.54883,-344.44336,1900,MEASURE,1,1,1,0
55257,2877,252.86133,261.49634,-346.20117,1900,MEASURE,1,1,1,0
55305,2877,252.86133,261.49634,-346.20117,1900,MEASURE,1,1,1,0
55356,2856,251.01562,259.33563,-348.04688,1900,MEASURE,1,1,1,0
55405,2856,251.01562,259.33563,-348.04688,1900,MEASURE,1,1,1,0
55455,2835,249.16992,257.18304,-349.89258,1900,MEASURE,1,1,1,0
55505,2835,249.16992,257.18304,-349.89258,1900,MEASURE,1,1,1,0
55558,2817,247.58789,255.34227,-351.47461,1900,MEASURE,1,1,1,0
55605,2817,247.58789,255.34227,-351.47461,1900,MEASURE,1,1,1,0
55659,2797,245.83008,253.30289,-353.23242,1900,RAMP_OUT,1,1,1,0
55705,2797,245.83008,253.30289,-353.23242,1870,RAMP_OUT,1,1,1,0
55755,2777,244.07227,251.26820,-354.99023,1838,RAMP_OUT,1,1,1,0
55805,2777,244.07227,251.26820,-354.99023,1802,RAMP_OUT,1,1,1,0
55857,2761,242.66602,249.64696,-356.39648,1768,RAMP_OUT,1,1,1,0
55905,2761,242.66602,249.64696,-356.39648,1737,RAMP_OUT,1,1,1,0
55957,2749,241.61133,248.43195,-357.45117,1701,RAMP_OUT,1,1,1,0
56005,2749,241.61133,248.43195,-357.45117,1670,RAMP_OUT,1,1,1,0
56057,2743,241.08398,247.82587,-357.97852,1636,RAMP_OUT,1,1,1,0
56105,2743,241.08398,247.82587,-357.97852,1602,RAMP_OUT,1,1,1,0
56155,2740,240.82031,247.52281,-358.24219,1570,RAMP_OUT,1,1,1,0
56206,2740,240.82031,247.52281,-358.24219,1536,RAMP_OUT,1,1,1,0
56255,2739,240.73242,247.42180,-358.33008,1502,RAMP_OUT,1,1,1,0
56305,2739,240.73242,247.42180,-358.33008,1500,BETWEEN_LEVELS,1,1,1,0
56355,2740,240.82031,247.52281,-358.24219,1500,BETWEEN_LEVELS,1,1,1,0
56405,2740,240.82031,247.52281,-358.24219,1500,BETWEEN_LEVELS,1,1,1,0
56455,2740,240.82031,247.52281,-358.24219,1500,BETWEEN_LEVELS,1,1,1,0
56505,2740,240.82031,247.52281,-358.24219,1500,BETWEEN_LEVELS,1,1,1,0
56555,2737,240.55664,247.21977,-358.50586,1500,BETWEEN_LEVELS,1,1,1,0
56605,2737,240.55664,247.21977,-358.50586,1500,BETWEEN_LEVELS,1,1,1,0
56655,2737,240.55664,247.21977,-358.50586,1500,BETWEEN_LEVELS,1,1,1,0
56705,2742,240.99609,247.72484,-358.06641,1500,BETWEEN_LEVELS,1,1,1,0
56755,2742,240.99609,247.72484,-358.06641,1500,BETWEEN_LEVELS,1,1,1,0
56805,2740,240.82031,247.52281,-358.24219,1500,BETWEEN_LEVELS,1,1,1,0
56855,2740,240.82031,247.52281,-358.24219,1500,BETWEEN_LEVELS,1,1,1,0
56905,2740,240.82031,247.52281,-358.24219,1500,BETWEEN_LEVELS,1,1,1,0
56955,2740,240.82031,247.52281,-358.24219,1500,BETWEEN_LEVELS,1,1,1,0
57005,2740,240.82031,247.52281,-358.24219,1500,BETWEEN_LEVELS,1,1,1,0
57055,2740,240.82031,247.52281,-358.24219,1500,BETWEEN_LEVELS,1,1,1,0
57107,2740,240.82031,247.52281,-358.24219,1534,RAMP_IN,1,1,1,0
57155,2740,240.82031,247.52281,-358.24219,1572,RAMP_IN,1,1,1,0
57207,2740,240.82031,247.52281,-358.24219,1611,RAMP_IN,1,1,1,0
57255,2740,240.82031,247.52281,-358.24219,1650,RAMP_IN,1,1,1,0
57307,2739,240.73242,247.42180,-358.33008,1689,RAMP_IN,1,1,1,0
57358,2739,240.73242,247.42180,-358.33008,1726,RAMP_IN,1,1,1,0
57407,2734,240.29297,246.91672,-358.76953,1766,RAMP_IN,1,1,1,0
57455,2734,240.29297,246.91672,-358.76953,1802,RAMP_IN,1,1,1,0
57507,2722,239.23828,245.70453,-359.82422,1841,RAMP_IN,1,1,1,0
57555,2722,239.23828,245.70453,-359.82422,1880,RAMP_IN,1,1,1,0
57605,2708,238.00781,244.29031,-361.05469,1917,RAMP_IN,1,1,1,0
57655,2708,238.00781,244.29031,-361.05469,1955,RAMP_IN,1,1,1,0
57705,2688,236.25000,242.27000,-362.81250,1960,SETTLE,1,1,1,0
57753,-1,-1.00000,-1.00000,-362.81250,1960,SETTLE,0,0,1,0
57805,2664,234.14062,239.83812,-364.92188,1960,SETTLE,1,1,1,0
57855,2664,234.14062,239.83812,-364.92188,1960,SETTLE,1,1,1,0
57908,2638,231.85547,237.21484,-367.20703,1960,SETTLE,1,1,1,0
57955,2638,231.85547,237.21484,-367.20703,1960,SETTLE,1,1,1,0
58005,2613,229.65820,234.70415,-369.40430,1960,SETTLE,1,1,1,0
58056,2613,229.65820,234.70415,-369.40430,1960,SETTLE,1,1,1,0
58105,2587,227.37305,232.10680,-371.68945,1960,SETTLE,1,1,1,0
58155,2587,227.37305,232.10680,-371.68945,1960,SETTLE,1,1,1,0
58205,2560,225.00000,229.42999,-374.06250,1960,SETTLE,1,1,1,0
58257,2560,225.00000,229.42999,-374.06250,1960,SETTLE,1,1,1,0
58305,2533,222.62695,226.77008,-376.43555,1960,SETTLE,1,1,1,0
58356,2533,222.62695,226.77008,-376.43555,1960,SETTLE,1,1,1,0
58406,2507,220.34180,224.22836,-378.72070,1960,SETTLE,1,1,1,0
58455,2507,220.34180,224.22836,-378.72070,1960,SETTLE,1,1,1,0
58507,2479,217.88086,221.49086,-381.18164,1960,SETTLE,1,1,1,0
58555,2479,217.88086,221.49086,-381.18164,1960,SETTLE,1,1,1,0
58607,2454,215.68359,219.04672,-383.37891,1960,SETTLE,1,1,1,0
58655,2454,215.68359,219.04672,-383.37891,1960,SETTLE,1,1,1,0
58707,2428,213.39844,216.50844,-385.66406,1960,MEASURE,1,1,1,0
58755,2428,213.39844,216.50844,-385.66406,1960,MEASURE,1,1,1,0
58809,2402,211.11328,213.96329,-387.94922,1960,MEASURE,1,1,1,0
58855,2402,211.11328,213.96329,-387.94922,1960,MEASURE,1,1,1,0
58908,2375,208.74023,211.32805,-390.32227,1960,MEASURE,1,1,1,0
58956,2375,208.74023,211.32805,-390.32227,1960,MEASURE,1,1,1,0
59006,2347,206.27930,208.60898,-392.78320,1960,MEASURE,1,1,1,0
59055,2347,206.27930,208.60898,-392.78320,1960,MEASURE,1,1,1,0
59106,2322,204.08203,206.19829,-394.98047,1960,MEASURE,1,1,1,0
59155,2322,204.08203,206.19829,-394.98047,1960,MEASURE,1,1,1,0
59206,2296,201.79688,203.70438,-397.26562,1960,MEASURE,1,1,1,0
59255,2296,201.79688,203.70438,-397.26562,1960,MEASURE,1,1,1,0
59306,2271,199.59961,201.31242,-399.46289,1960,MEASURE,1,1,1,0
59355,2271,199.59961,201.31242,-399.46289,1960,MEASURE,1,1,1,0
59406,2244,197.22656,198.74532,-401.83594,1960,MEASURE,1,1,1,0
59455,2244,197.22656,198.74532,-401.83594,1960,MEASURE,1,1,1,0
59510,2217,194.85352,196.16383,-404.20898,1960,MEASURE,1,1,1,0
59555,2217,194.85352,196.16383,-404.20898,1960,MEASURE,1,1,1,0
59607,2190,192.48047,193.57985,-406.58203,1960,MEASURE,1,1,1,0
59655,2190,192.48047,193.57985,-406.58203,1960,MEASURE,1,1,1,0
59705,2153,189.22852,190.03883,-409.83398,1960,MEASURE,1,1,1,0
59755,2153,189.22852,190.03883,-409.83398,1960,MEASURE,1,1,1,0
59805,2153,189.22852,190.03883,-409.83398,1960,MEASURE,1,1,1,0
59855,2125,186.76758,187.36508,-412.29492,1960,MEASURE,1,1,1,0
59905,2125,186.76758,187.36508,-412.29492,1960,MEASURE,1,1,1,0
59955,2111,185.53711,186.02992,-413.52539,1960,MEASURE,1,1,1,0
60005,2111,185.53711,186.02992,-413.52539,1960,MEASURE,1,1,1,0
60055,2082,182.98828,183.27266,-416.07422,1960,MEASURE,1,1,1,0
60107,2082,182.98828,183.27266,-416.07422,1960,MEASURE,1,1,1,0
60155,2054,180.52734,180.63484,-418.53516,1960,MEASURE,1,1,1,0
60205,2054,180.52734,180.63484,-418.53516,1960,MEASURE,1,1,1,0
60256,2026,178.06641,178.00578,-420.99609,1960,MEASURE,1,1,1,0
60305,2026,178.06641,178.00578,-420.99609,1960,MEASURE,1,1,1,0
60355,1997,175.51758,175.29071,-423.54492,1960,MEASURE,1,1,1,0
60406,1997,175.51758,175.29071,-423.54492,1960,MEASURE,1,1,1,0
60457,1970,173.14453,172.76141,-425.91797,1960,MEASURE,1,1,1,0
60506,1970,173.14453,172.76141,-425.91797,1960,MEASURE,1,1,1,0
60556,1942,170.68359,170.13109,-428.37891,1960,MEASURE,1,1,1,0
60605,1942,170.68359,170.13109,-428.37891,1960,MEASURE,1,1,1,0
60655,1915,168.31055,167.58929,-430.75195,1960,MEASURE,1,1,1,0
60705,1915,168.31055,167.58929,-430.75195,1960,MEASURE,1,1,1,0
60755,1887,165.84961,164.95335,-433.21289,1960,MEASURE,1,1,1,0
60805,1887,165.84961,164.95335,-433.21289,1960,MEASURE,1,1,1,0
60855,1859,163.38867,162.31743,-435.67383,1960,MEASURE,1,1,1,0
60905,1859,163.38867,162.31743,-435.67383,1960,MEASURE,1,1,1,0
60955,1831,160.92773,159.68930,-438.13477,1960,MEASURE,1,1,1,0
61007,1831,160.92773,159.68930,-438.13477,1960,MEASURE,1,1,1,0
61055,1805,158.64258,157.24384,-440.41992,1960,MEASURE,1,1,1,0
61108,1805,158.64258,157.24384,-440.41992,1960,MEASURE,1,1,1,0
61155,1778,156.26953,154.70203,-442.79297,1960,MEASURE,1,1,1,0
61205,1778,156.26953,154.70203,-442.79297,1960,MEASURE,1,1,1,0
61255,1752,153.98438,152.24687,-445.07812,1960,MEASURE,1,1,1,0
61305,1752,153.98438,152.24687,-445.07812,1960,MEASURE,1,1,1,0
61358,1725,151.61133,149.67601,-447.45117,1960,MEASURE,1,1,1,0
61405,1725,151.61133,149.67601,-447.45117,1960,MEASURE,1,1,1,0
61457,1699,149.32617,147.17148,-449.73633,1960,MEASURE,1,1,1,0
61505,1699,149.32617,147.17148,-449.73633,1960,MEASURE,1,1,1,0
61555,1673,147.04102,144.64539,-452.02148,1960,MEASURE,1,1,1,0
61605,1673,147.04102,144.64539,-452.02148,1960,MEASURE,1,1,1,0
61656,1647,144.75586,142.09523,-454.30664,1960,MEASURE,1,1,1,0
61705,1647,144.75586,142.09523,-454.30664,1927,RAMP_OUT,1,1,1,0
61755,1621,142.47070,139.52008,-456.59180,1888,RAMP_OUT,1,1,1,0
61805,1621,142.47070,139.52008,-456.59180,1849,RAMP_OUT,1,1,1,0
61855,1600,140.62500,137.42500,-458.43750,1810,RAMP_OUT,1,1,1,0
61907,1600,140.62500,137.42500,-458.43750,1772,RAMP_OUT,1,1,1,0
61955,1585,139.30664,135.91914,-459.75586,1735,RAMP_OUT,1,1,1,0
62006,1585,139.30664,135.91914,-459.75586,1694,RAMP_OUT,1,1,1,0
62055,1576,138.51562,135.01562,-460.54688,1658,RAMP_OUT,1,1,1,0
62106,1576,138.51562,135.01562,-460.54688,1621,RAMP_OUT,1,1,1,0
62156,1572,138.16406,134.61406,-460.89844,1582,RAMP_OUT,1,1,1,0
62207,1572,138.16406,134.61406,-460.89844,1542,RAMP_OUT,1,1,1,0
62256,1572,138.16406,134.61406,-460.89844,1504,RAMP_OUT,1,1,1,0
62305,1572,138.16406,134.61406,-460.89844,1500,BETWEEN_LEVELS,1,1,1,0
62355,1572,138.16406,134.61406,-460.89844,1500,BETWEEN_LEVELS,1,1,1,0
62405,1572,138.16406,134.61406,-460.89844,1500,BETWEEN_LEVELS,1,1,1,0
62455,1572,138.16406,134.61406,-460.89844,1500,BETWEEN_LEVELS,1,1,1,0
62505,1572,138.16406,134.61406,-460.89844,1500,BETWEEN_LEVELS,1,1,1,0
62556,1571,138.07617,134.51367,-460.98633,1500,BETWEEN_LEVELS,1,1,1,0
62605,1571,138.07617,134.51367,-460.98633,1500,BETWEEN_LEVELS,1,1,1,0
62655,1573,138.25195,134.71445,-460.81055,1500,BETWEEN_LEVELS,1,1,1,0
62706,1573,138.25195,134.71445,-460.81055,1500,BETWEEN_LEVELS,1,1,1,0
62756,1555,136.66992,132.88712,-462.39258,1500,BETWEEN_LEVELS,1,1,1,0
62805,1555,136.66992,132.88712,-462.39258,1500,BETWEEN_LEVELS,1,1,1,0
62856,1555,136.66992,132.88712,-462.39258,1500,BETWEEN_LEVELS,1,1,1,0
62905,1564,137.46094,133.80469,-461.60156,1500,BETWEEN_LEVELS,1,1,1,0
62957,1564,137.46094,133.80469,-461.60156,1500,BETWEEN_LEVELS,1,1,1,0
63005,1559,137.02148,133.29492,-462.04102,1500,BETWEEN_LEVELS,1,1,1,0
63057,1559,137.02148,133.29492,-462.04102,1500,BETWEEN_LEVELS,1,1,1,0
63105,1566,137.63672,134.00859,-461.42578,1535,RAMP_IN,1,1,1,0
63156,1566,137.63672,134.00859,-461.42578,1575,RAMP_IN,1,1,1,0
63205,1572,138.16406,134.61406,-460.89844,1616,RAMP_IN,1,1,1,0
63256,1572,138.16406,134.61406,-460.89844,1660,RAMP_IN,1,1,1,0
63305,1572,138.16406,134.61406,-460.89844,1701,RAMP_IN,1,1,1,0
63357,1572,138.16406,134.61406,-460.89844,1744,RAMP_IN,1,1,1,0
63405,1566,137.63672,134.00859,-461.42578,1783,RAMP_IN,1,1,1,0
63455,1566,137.63672,134.00859,-461.42578,1825,RAMP_IN,1,1,1,0
63505,1555,136.66992,132.88712,-462.39258,1867,RAMP_IN,1,1,1,0
63555,1555,136.66992,132.88712,-462.39258,1910,RAMP_IN,1,1,1,0
63606,1534,134.82422,130.74297,-464.23828,1951,RAMP_IN,1,1,1,0
63655,1534,134.82422,130.74297,-464.23828,1991,RAMP_IN,1,1,1,0
63706,1512,132.89062,128.46562,-466.17188,2000,SETTLE,1,1,1,0
63755,1512,132.89062,128.46562,-466.17188,2000,SETTLE,1,1,1,0
63806,1485,130.51758,125.64101,-468.54492,2000,SETTLE,1,1,1,0
63855,1485,130.51758,125.64101,-468.54492,2000,SETTLE,1,1,1,0
63905,1457,128.05664,122.68008,-471.00586,2000,SETTLE,1,1,1,0
63955,1457,128.05664,122.68008,-471.00586,2000,SETTLE,1,1,1,0
64005,1430,125.68359,119.80297,-473.37891,2000,SETTLE,1,1,1,0
64055,1430,125.68359,119.80297,-473.37891,2000,SETTLE,1,1,1,0
64105,1403,123.31055,116.91367,-475.75195,2000,SETTLE,1,1,1,0
64155,1403,123.31055,116.91367,-475.75195,2000,SETTLE,1,1,1,0
64205,1375,120.84961,113.91023,-478.21289,2000,SETTLE,1,1,1,0
64255,1375,120.84961,113.91023,-478.21289,2000,SETTLE,1,1,1,0
64305,1348,118.47656,111.01406,-480.58594,2000,SETTLE,1,1,1,0
64355,1348,118.47656,111.01406,-480.58594,2000,SETTLE,1,1,1,0
64405,1320,116.01562,108.01813,-483.04688,2000,SETTLE,1,1,1,0
64455,1320,116.01562,108.01813,-483.04688,2000,SETTLE,1,1,1,0
64505,1294,113.73047,105.24297,-485.33203,2000,SETTLE,1,1,1,0
64558,1294,113.73047,105.24297,-485.33203,2000,SETTLE,1,1,1,0
64605,1267,111.35742,102.36774,-487.70508,2000,SETTLE,1,1,1,0
64655,1267,111.35742,102.36774,-487.70508,2000,SETTLE,1,1,1,0
64706,1240,108.98438,99.50438,-490.07812,2000,MEASURE,1,1,1,0
64756,1240,108.98438,99.50438,-490.07812,2000,MEASURE,1,1,1,0
64805,1214,106.69922,96.76734,-492.36328,2000,MEASURE,1,1,1,0
64855,1214,106.69922,96.76734,-492.36328,2000,MEASURE,1,1,1,0
64905,1186,104.23828,93.86015,-494.82422,2000,MEASURE,1,1,1,0
64955,1186,104.23828,93.86015,-494.82422,2000,MEASURE,1,1,1,0
65005,1159,101.86523,91.09586,-497.19727,2000,MEASURE,1,1,1,0
65055,1159,101.86523,91.09586,-497.19727,2000,MEASURE,1,1,1,0
65105,1127,99.05273,87.86242,-500.00977,2000,MEASURE,1,1,1,0
65155,1127,99.05273,87.86242,-500.00977,2000,MEASURE,1,1,1,0
65205,1100,96.67969,85.16844,-502.38281,2000,MEASURE,1,1,1,0
65255,1100,96.67969,85.16844,-502.38281,2000,MEASURE,1,1,1,0
65305,1069,93.95508,82.09727,-505.10742,2000,MEASURE,1,1,1,0
65355,1069,93.95508,82.09727,-505.10742,2000,MEASURE,1,1,1,0
65405,1042,91.58203,79.44640,-507.48047,2000,MEASURE,1,1,1,0
65455,1042,91.58203,79.44640,-507.48047,2000,MEASURE,1,1,1,0
65505,1005,88.33008,75.86571,-510.73242,2000,MEASURE,1,1,1,0
65555,1005,88.33008,75.86571,-510.73242,2000,MEASURE,1,1,1,0
65605,972,85.42969,72.72844,-513.63281,2000,MEASURE,1,1,1,0
65655,2047,179.91211,179.97617,-513.63281,2000,MEASURE,1,0,1,1
65705,940,82.61719,69.74344,-516.44531,2000,MEASURE,1,1,1,0
65755,940,82.61719,69.74344,-516.44531,2000,MEASURE,1,1,1,0
65805,905,79.54102,66.54633,-519.52148,2000,MEASURE,1,1,1,0
65855,905,79.54102,66.54633,-519.52148,2000,MEASURE,1,1,1,0
65906,905,79.54102,66.54633,-519.52148,2000,MEASURE,1,1,1,0
65955,869,76.37695,63.34008,-522.68555,2000,MEASURE,1,1,1,0
66007,869,76.37695,63.34008,-522.68555,2000,MEASURE,1,1,1,0
66055,839,73.74023,60.71586,-525.32227,2000,MEASURE,1,1,1,0
66107,839,73.74023,60.71586,-525.32227,2000,MEASURE,1,1,1,0
66155,795,69.87305,56.94180,-529.18945,2000,MEASURE,1,1,1,0
66208,795,69.87305,56.94180,-529.18945,2000,MEASURE,1,1,1,0
66255,770,67.67578,54.83828,-531.38672,2000,MEASURE,1,1,1,0
66307,773,67.93945,55.09070,-531.12305,2000,MEASURE,1,1,1,0
66355,734,64.51172,51.87672,-534.55078,2000,MEASURE,1,1,1,0
66409,734,64.51172,51.87672,-534.55078,2000,MEASURE,1,1,1,0
66456,697,61.25977,48.91758,-537.80273,2000,MEASURE,1,1,1,0
66507,697,61.25977,48.91758,-537.80273,2000,MEASURE,1,1,1,0
66555,659,57.91992,45.97023,-541.14258,2000,MEASURE,1,1,1,0
66607,659,57.91992,45.97023,-541.14258,2000,MEASURE,1,1,1,0
66655,621,54.58008,43.11133,-544.48242,2000,MEASURE,1,1,1,0
66706,621,54.58008,43.11133,-544.48242,2000,MEASURE,1,1,1,0
66755,581,51.06445,40.17945,-547.99805,2000,MEASURE,1,1,1,0
66806,581,51.06445,40.17945,-547.99805,2000,MEASURE,1,1,1,0
66856,538,47.28516,37.11016,-551.77734,2000,MEASURE,1,1,1,0
66905,538,47.28516,37.11016,-551.77734,2000,MEASURE,1,1,1,0
66955,494,43.41797,34.02422,-555.64453,2000,MEASURE,1,1,1,0
67007,494,43.41797,34.02422,-555.64453,2000,MEASURE,1,1,1,0
67055,450,39.55078,30.98266,-559.51172,2000,MEASURE,1,1,1,0
67107,450,39.55078,30.98266,-559.51172,2000,MEASURE,1,1,1,0
67155,405,35.59570,27.93258,-563.46680,2000,MEASURE,1,1,1,0
67208,405,35.59570,27.93258,-563.46680,2000,MEASURE,1,1,1,0
67255,360,31.64062,24.92813,-567.42188,2000,MEASURE,1,1,1,0
67308,360,31.64062,24.92813,-567.42188,2000,MEASURE,1,1,1,0
67355,315,27.68555,21.96805,-571.37695,2000,MEASURE,1,1,1,0
67407,315,27.68555,21.96805,-571.37695,2000,MEASURE,1,1,1,0
67455,268,23.55469,18.90094,-575.50781,2000,MEASURE,1,1,1,0
67508,268,23.55469,18.90094,-575.50781,2000,MEASURE,1,1,1,0
67555,223,19.59961,15.98273,-579.46289,2000,MEASURE,1,1,1,0
67608,223,19.59961,15.98273,-579.46289,2000,MEASURE,1,1,1,0
67655,175,15.38086,12.86336,-583.68164,2000,MEASURE,1,1,1,0
67706,175,15.38086,12.86336,-583.68164,1970,RAMP_OUT,1,1,1,0
67755,129,11.33789,9.84570,-587.72461,1926,RAMP_OUT,1,1,1,0
67806,129,11.33789,9.84570,-587.72461,1886,RAMP_OUT,1,1,1,0
67855,89,7.82227,7.20102,-591.24023,1845,RAMP_OUT,1,1,1,0
67907,89,7.82227,7.20102,-591.24023,1800,RAMP_OUT,1,1,1,0
67955,61,5.36133,5.33414,-593.70117,1760,RAMP_OUT,1,1,1,0
68005,61,5.36133,5.33414,-593.70117,1718,RAMP_OUT,1,1,1,0
68057,45,3.95508,4.26289,-595.10742,1677,RAMP_OUT,1,1,1,0
68105,45,3.95508,4.26289,-595.10742,1635,RAMP_OUT,1,1,1,0
68155,37,3.25195,3.72727,-595.81055,1593,RAMP_OUT,1,1,1,0
68205,37,3.25195,3.72727,-595.81055,1553,RAMP_OUT,1,1,1,0
68255,36,3.16406,3.66031,-595.89844,1511,RAMP_OUT,1,1,1,0
68305,36,3.16406,3.66031,-595.89844,1500,BETWEEN_LEVELS,1,1,1,0
68355,40,3.51562,3.92812,-595.54688,1500,BETWEEN_LEVELS,1,1,1,0
68405,40,3.51562,3.92812,-595.54688,1500,BETWEEN_LEVELS,1,1,1,0
68455,36,3.16406,3.66031,-595.89844,1500,BETWEEN_LEVELS,1,1,1,0
68505,36,3.16406,3.66031,-595.89844,1500,BETWEEN_LEVELS,1,1,1,0
68555,36,3.16406,3.66031,-595.89844,1500,BETWEEN_LEVELS,1,1,1,0
68606,36,3.16406,3.66031,-595.89844,1500,BETWEEN_LEVELS,1,1,1,0
68657,40,3.51562,3.92812,-595.54688,1500,BETWEEN_LEVELS,1,1,1,0
68705,40,3.51562,3.92812,-595.54688,1500,BETWEEN_LEVELS,1,1,1,0
68755,42,3.69141,4.06203,-595.37109,1500,BETWEEN_LEVELS,1,1,1,0
68805,42,3.69141,4.06203,-595.37109,1500,BETWEEN_LEVELS,1,1,1,0
68855,44,3.86719,4.19594,-595.19531,1500,BETWEEN_LEVELS,1,1,1,0
68906,44,3.86719,4.19594,-595.19531,1500,BETWEEN_LEVELS,1,1,1,0
68955,45,3.95508,4.26289,-595.10742,1500,BETWEEN_LEVELS,1,1,1,0
69006,45,3.95508,4.26289,-595.10742,1500,BETWEEN_LEVELS,1,1,1,0
69055,45,3.95508,4.26289,-595.10742,1500,BETWEEN_LEVELS,1,1,1,0
69105,51,4.48242,4.66461,-594.58008,1533,RAMP_IN,1,1,1,0
69155,51,4.48242,4.66461,-594.58008,1585,RAMP_IN,1,1,1,0
69206,39,3.42773,3.86117,-595.63477,1636,RAMP_IN,1,1,1,0
69255,39,3.42773,3.86117,-595.63477,1684,RAMP_IN,1,1,1,0
69306,34,2.98828,3.52641,-596.07422,1734,RAMP_IN,1,1,1,0
69355,34,2.98828,3.52641,-596.07422,1785,RAMP_IN,1,1,1,0
69405,21,1.84570,2.65258,-597.21680,1834,RAMP_IN,1,1,1,0
69455,21,1.84570,2.65258,-597.21680,1885,RAMP_IN,1,1,1,0
69505,0,0.00000,1.24000,-599.06250,1933,RAMP_IN,1,1,1,0
69555,0,0.00000,1.24000,-599.06250,1983,RAMP_IN,1,1,1,0
69605,4064,357.18750,359.06750,-601.87500,2034,RAMP_IN,1,1,1,0
69657,4064,357.18750,359.06750,-601.87500,2087,RAMP_IN,1,1,1,0
69705,4023,353.58398,356.26837,-605.47852,2100,SETTLE,1,1,1,0
69757,4023,353.58398,356.26837,-605.47852,2100,SETTLE,1,1,1,0
69805,3972,349.10156,352.75656,-609.96094,2100,SETTLE,1,1,1,0
69856,3972,349.10156,352.75656,-609.96094,2100,SETTLE,1,1,1,0
69905,3919,344.44336,349.03555,-614.61914,2100,SETTLE,1,1,1,0
69956,3919,344.44336,349.03555,-614.61914,2100,SETTLE,1,1,1,0
70005,3869,340.04883,345.47665,-619.01367,2100,SETTLE,1,1,1,0
70055,3869,340.04883,345.47665,-619.01367,2100,SETTLE,1,1,1,0
70105,3816,335.39062,341.64062,-623.67188,2100,SETTLE,1,1,1,0
70155,3816,335.39062,341.64062,-623.67188,2100,SETTLE,1,1,1,0
70205,3768,331.17188,338.12439,-627.89062,2100,SETTLE,1,1,1,0
70255,3768,331.17188,338.12439,-627.89062,2100,SETTLE,1,1,1,0
70306,3728,327.65625,335.17126,-631.40625,2100,SETTLE,1,1,1,0
70355,3728,327.65625,335.17126,-631.40625,2100,SETTLE,1,1,1,0
70406,3688,324.14062,332.21063,-634.92188,2100,SETTLE,1,1,1,0
70455,3688,324.14062,332.21063,-634.92188,2100,SETTLE,1,1,1,0
70505,3641,320.00977,328.70163,-639.05273,2100,SETTLE,1,1,1,0
70555,3641,320.00977,328.70163,-639.05273,2100,SETTLE,1,1,1,0
70605,3595,315.96680,325.24274,-643.09570,2100,SETTLE,1,1,1,0
70658,3595,315.96680,325.24274,-643.09570,2100,SETTLE,1,1,1,0
70705,3547,311.74805,321.59274,-647.31445,2100,MEASURE,1,1,1,0
70758,3547,311.74805,321.59274,-647.31445,2100,MEASURE,1,1,1,0
70805,3501,307.70508,318.04102,-651.35742,2100,MEASURE,1,1,1,0
70855,3501,307.70508,318.04102,-651.35742,2100,MEASURE,1,1,1,0
70905,3455,303.66211,314.44055,-655.40039,2100,MEASURE,1,1,1,0
70955,3455,303.66211,314.44055,-655.40039,2100,MEASURE,1,1,1,0
71007,3420,300.58594,311.65594,-658.47656,2100,MEASURE,1,1,1,0
71056,3420,300.58594,311.65594,-658.47656,2100,MEASURE,1,1,1,0
71106,3387,297.68555,308.99835,-661.37695,2100,MEASURE,1,1,1,0
71156,3387,297.68555,308.99835,-661.37695,2100,MEASURE,1,1,1,0
71207,3359,295.22461,306.71991,-663.83789,2100,MEASURE,1,1,1,0
71255,3359,295.22461,306.71991,-663.83789,2100,MEASURE,1,1,1,0
71306,3328,292.50000,304.16000,-666.56250,2100,MEASURE,1,1,1,0
71355,3328,292.50000,304.16000,-666.56250,2100,MEASURE,1,1,1,0
71405,3297,289.77539,301.55164,-669.28711,2100,MEASURE,1,1,1,0
71455,3297,289.77539,301.55164,-669.28711,2100,MEASURE,1,1,1,0
71505,3266,287.05078,298.90579,-672.01172,2100,MEASURE,1,1,1,0
71555,3266,287.05078,298.90579,-672.01172,2100,MEASURE,1,1,1,0
71605,3234,284.23828,296.11703,-674.82422,2100,MEASURE,1,1,1,0
71655,3234,284.23828,296.11703,-674.82422,2100,MEASURE,1,1,1,0
71705,3205,281.68945,293.53571,-677.37305,2100,MEASURE,1,1,1,0
71755,3205,281.68945,293.53571,-677.37305,2100,MEASURE,1,1,1,0
71805,3176,279.14062,290.90564,-679.92188,2100,MEASURE,1,1,1,0
71855,3176,279.14062,290.90564,-679.92188,2100,MEASURE,1,1,1,0
71905,3147,276.59180,288.22025,-682.47070,2100,MEASURE,1,1,1,0
71955,3147,276.59180,288.22025,-682.47070,2100,MEASURE,1,1,1,0
72005,3125,274.65820,286.15259,-684.40430,2100,MEASURE,1,1,1,0
72055,3125,274.65820,286.15259,-684.40430,2100,MEASURE,1,1,1,0
72105,3125,274.65820,286.15259,-684.40430,2100,MEASURE,1,1,1,0
72156,3096,272.10938,283.39188,-686.95312,2100,MEASURE,1,1,1,0
72205,3096,272.10938,283.39188,-686.95312,2100,MEASURE,1,1,1,0
72255,3062,269.12109,280.10110,-689.94141,2100,MEASURE,1,1,1,0
72305,3062,269.12109,280.10110,-689.94141,2100,MEASURE,1,1,1,0
72359,3007,264.28711,274.68524,-694.77539,2100,MEASURE,1,1,1,0
72405,3039,267.09961,277.84866,-691.96289,2100,MEASURE,1,1,1,0
72457,3013,264.81445,275.27914,-694.24805,2100,MEASURE,1,1,1,0
72505,3013,264.81445,275.27914,-694.24805,2100,MEASURE,1,1,1,0
72557,2988,262.61719,272.78967,-696.44531,2100,MEASURE,1,1,1,0
72605,2988,262.61719,272.78967,-696.44531,2100,MEASURE,1,1,1,0
72657,2962,260.33203,270.17828,-698.73047,2100,MEASURE,1,1,1,0
72705,2962,260.33203,270.17828,-698.73047,2100,MEASURE,1,1,1,0
72760,2935,257.95898,267.43961,-701.10352,2100,MEASURE,1,1,1,0
72805,2935,257.95898,267.43961,-701.10352,2100,MEASURE,1,1,1,0
72857,2912,255.93750,265.08749,-703.12500,2100,MEASURE,1,1,1,0
72906,2912,255.93750,265.08749,-703.12500,2100,MEASURE,1,1,1,0
72957,2886,253.65234,262.42047,-705.41016,2100,MEASURE,1,1,1,0
73005,2886,253.65234,262.42047,-705.41016,2100,MEASURE,1,1,1,0
73056,2858,251.19141,259.54141,-707.87109,2100,MEASURE,1,1,1,0
73105,2858,251.19141,259.54141,-707.87109,2100,MEASURE,1,1,1,0
73155,2826,248.37891,256.26266,-710.68359,2100,MEASURE,1,1,1,0
73206,2826,248.37891,256.26266,-710.68359,2100,MEASURE,1,1,1,0
73258,2794,245.56641,252.99702,-713.49609,2100,MEASURE,1,1,1,0
73305,2794,245.56641,252.99702,-713.49609,2100,MEASURE,1,1,1,0
73359,2762,242.75391,249.74828,-716.30859,2100,MEASURE,1,1,1,0
73405,2762,242.75391,249.74828,-716.30859,2100,MEASURE,1,1,1,0
73457,2729,239.85352,246.41164,-719.20898,2100,MEASURE,1,1,1,0
73505,2729,239.85352,246.41164,-719.20898,2100,MEASURE,1,1,1,0
73557,2700,237.30469,243.48219,-721.75781,2100,MEASURE,1,1,1,0
73605,2700,237.30469,243.48219,-721.75781,2100,MEASURE,1,1,1,0
73657,2672,234.84375,240.64874,-724.21875,2100,MEASURE,1,1,1,0
73705,2672,234.84375,240.64874,-724.21875,2070,RAMP_OUT,1,1,1,0
73755,2645,232.47070,237.91977,-726.59180,2019,RAMP_OUT,1,1,1,0
73805,2645,232.47070,237.91977,-726.59180,1969,RAMP_OUT,1,1,1,0
73856,2623,230.53711,235.70493,-728.52539,1918,RAMP_OUT,1,1,1,0
73905,2623,230.53711,235.70493,-728.52539,1868,RAMP_OUT,1,1,1,0
73958,2605,228.95508,233.90352,-730.10742,1817,RAMP_OUT,1,1,1,0
74005,2605,228.95508,233.90352,-730.10742,1768,RAMP_OUT,1,1,1,0
74057,2592,227.81250,232.60249,-731.25000,1718,RAMP_OUT,1,1,1,0
74105,2592,227.81250,232.60249,-731.25000,1670,RAMP_OUT,1,1,1,0
74156,2585,227.19727,231.90851,-731.86523,1619,RAMP_OUT,1,1,1,0
74205,2585,227.19727,231.90851,-731.86523,1569,RAMP_OUT,1,1,1,0
74256,2584,227.10938,231.80937,-731.95312,1518,RAMP_OUT,1,1,1,0
74305,2584,227.10938,231.80937,-731.95312,1500,BETWEEN_LEVELS,1,1,1,0
74356,2584,227.10938,231.80937,-731.95312,1500,BETWEEN_LEVELS,1,1,1,0
74405,2584,227.10938,231.80937,-731.95312,1500,BETWEEN_LEVELS,1,1,1,0
74455,2586,227.28516,232.00766,-731.77734,1500,BETWEEN_LEVELS,1,1,1,0
74505,2586,227.28516,232.00766,-731.77734,1500,BETWEEN_LEVELS,1,1,1,0
74555,2584,227.10938,231.80937,-731.95312,1500,BETWEEN_LEVELS,1,1,1,0
74605,2584,227.10938,231.80937,-731.95312,1500,BETWEEN_LEVELS,1,1,1,0
74655,2584,227.10938,231.80937,-731.95312,1500,BETWEEN_LEVELS,1,1,1,0
74705,2584,227.10938,231.80937,-731.95312,1500,BETWEEN_LEVELS,1,1,1,0
74755,2584,227.10938,231.80937,-731.95312,1500,BETWEEN_LEVELS,1,1,1,0
74805,2584,227.10938,231.80937,-731.95312,1500,BETWEEN_LEVELS,1,1,1,0
74855,2583,227.02148,231.71024,-732.04102,1500,BETWEEN_LEVELS,1,1,1,0
74905,2583,227.02148,231.71024,-732.04102,1500,BETWEEN_LEVELS,1,1,1,0
74955,2583,227.02148,231.71024,-732.04102,1500,BETWEEN_LEVELS,1,1,1,0
75005,2583,227.02148,231.71024,-732.04102,1500,BETWEEN_LEVELS,1,1,1,0
75057,2577,226.49414,231.11539,-732.56836,1500,BETWEEN_LEVELS,1,1,1,0
75105,2577,226.49414,231.11539,-732.56836,1533,RAMP_IN,1,1,1,0
75155,2577,226.49414,231.11539,-732.56836,1589,RAMP_IN,1,1,1,0
75208,2582,226.93359,231.61110,-732.12891,1651,RAMP_IN,1,1,1,0
75255,2582,226.93359,231.61110,-732.12891,1707,RAMP_IN,1,1,1,0
75308,2588,227.46094,232.20593,-731.60156,1769,RAMP_IN,1,1,1,0
75356,2588,227.46094,232.20593,-731.60156,1825,RAMP_IN,1,1,1,0
75407,2575,226.31836,230.91711,-732.74414,1883,RAMP_IN,1,1,1,0
75455,2575,226.31836,230.91711,-732.74414,1939,RAMP_IN,1,1,1,0
75509,2562,225.17578,229.62828,-733.88672,2005,RAMP_IN,1,1,1,0
75556,2562,225.17578,229.62828,-733.88672,2057,RAMP_IN,1,1,1,0
75605,2541,223.33008,227.55820,-735.73242,2112,RAMP_IN,1,1,1,0
75655,2541,223.33008,227.55820,-735.73242,2174,RAMP_IN,1,1,1,0
75706,2519,221.39648,225.39929,-737.66602,2200,SETTLE,1,1,1,0
75755,2519,221.39648,225.39929,-737.66602,2200,SETTLE,1,1,1,0
75806,2490,218.84766,222.56766,-740.21484,2200,SETTLE,1,1,1,0
75855,2490,218.84766,222.56766,-740.21484,2200,SETTLE,1,1,1,0
75907,2457,215.94727,219.33945,-743.11523,2200,SETTLE,1,1,1,0
75955,2457,215.94727,219.33945,-743.11523,2200,SETTLE,1,1,1,0
76006,2426,213.22266,216.31265,-745.83984,2200,SETTLE,1,1,1,0
76055,2426,213.22266,216.31265,-745.83984,2200,SETTLE,1,1,1,0
76109,2395,210.49805,213.27960,-748.56445,2200,SETTLE,1,1,1,0
76155,2395,210.49805,213.27960,-748.56445,2200,SETTLE,1,1,1,0
76205,2361,207.50977,209.96632,-751.55273,2200,SETTLE,1,1,1,0
76255,2361,207.50977,209.96632,-751.55273,2200,SETTLE,1,1,1,0
76305,2327,204.52148,206.67836,-754.54102,2200,SETTLE,1,1,1,0
76355,2327,204.52148,206.67836,-754.54102,2200,SETTLE,1,1,1,0
76405,2292,201.44531,203.32156,-757.61719,2200,SETTLE,1,1,1,0
76457,2292,201.44531,203.32156,-757.61719,2200,SETTLE,1,1,1,0
76505,2258,198.45703,200.07640,-760.60547,2200,SETTLE,1,1,1,0
76560,2258,198.45703,200.07640,-760.60547,2200,SETTLE,1,1,1,0
76605,2223,195.38086,196.73805,-763.68164,2200,SETTLE,1,1,1,0
76660,2223,195.38086,196.73805,-763.68164,2200,SETTLE,1,1,1,0
76705,2190,192.48047,193.57985,-766.58203,2200,MEASURE,1,1,1,0
76757,2190,192.48047,193.57985,-766.58203,2200,MEASURE,1,1,1,0
76805,2156,189.49219,190.32594,-769.57031,2200,MEASURE,1,1,1,0
76857,2156,189.49219,190.32594,-769.57031,2200,MEASURE,1,1,1,0
76905,2114,185.80078,186.31578,-773.26172,2200,MEASURE,1,1,1,0
76955,2114,185.80078,186.31578,-773.26172,2200,MEASURE,1,1,1,0
77005,2069,181.84570,182.04695,-777.21680,2200,MEASURE,1,1,1,0
77055,2069,181.84570,182.04695,-777.21680,2200,MEASURE,1,1,1,0
77105,2027,178.15430,178.09961,-780.90820,2200,MEASURE,1,1,1,0
77155,2027,178.15430,178.09961,-780.90820,2200,MEASURE,1,1,1,0
77205,1988,174.72656,174.44907,-784.33594,2200,MEASURE,1,1,1,0
77255,1988,174.72656,174.44907,-784.33594,2200,MEASURE,1,1,1,0
77305,1956,171.91406,171.44781,-787.14844,2200,MEASURE,1,1,1,0
77355,1956,171.91406,171.44781,-787.14844,2200,MEASURE,1,1,1,0
77405,1923,169.01367,168.34242,-790.04883,2200,MEASURE,1,1,1,0
77457,1923,169.01367,168.34242,-790.04883,2200,MEASURE,1,1,1,0
77506,1894,166.46484,165.61235,-792.59766,2200,MEASURE,1,1,1,0
77556,1894,166.46484,165.61235,-792.59766,2200,MEASURE,1,1,1,0
77605,1863,163.74023,162.69398,-795.32227,2200,MEASURE,1,1,1,0
77656,1863,163.74023,162.69398,-795.32227,2200,MEASURE,1,1,1,0
77705,1832,161.01562,159.78313,-798.04688,2200,MEASURE,1,1,1,0
77757,1832,161.01562,159.78313,-798.04688,2200,MEASURE,1,1,1,0
77805,1801,158.29102,156.86726,-800.77148,2200,MEASURE,1,1,1,0
77855,1801,158.29102,156.86726,-800.77148,2200,MEASURE,1,1,1,0
77905,1768,155.39062,153.76062,-803.67188,2200,MEASURE,1,1,1,0
77955,1768,155.39062,153.76062,-803.67188,2200,MEASURE,1,1,1,0
78006,1736,152.57812,150.72563,-806.48438,2200,MEASURE,1,1,1,0
78055,1736,152.57812,150.72563,-806.48438,2200,MEASURE,1,1,1,0
78105,1704,149.76562,147.65312,-809.29688,2200,MEASURE,1,1,1,0
78155,1704,149.76562,147.65312,-809.29688,2200,MEASURE,1,1,1,0
78203,-1,-1.00000,-1.00000,-809.29688,2200,MEASURE,0,0,1,0
78255,1667,146.51367,144.06180,-812.54883,2200,MEASURE,1,1,1,0
78305,1667,146.51367,144.06180,-812.54883,2200,MEASURE,1,1,1,0
78355,1628,143.08594,140.21844,-815.97656,2200,MEASURE,1,1,1,0
78405,1628,143.08594,140.21844,-815.97656,2200,MEASURE,1,1,1,0
78455,1590,139.74609,136.42110,-819.31641,2200,MEASURE,1,1,1,0
78505,1590,139.74609,136.42110,-819.31641,2200,MEASURE,1,1,1,0
78557,1546,135.87891,131.96953,-823.18359,2200,MEASURE,1,1,1,0
78607,1546,135.87891,131.96953,-823.18359,2200,MEASURE,1,1,1,0
78655,1515,133.15430,128.77617,-825.90820,2200,MEASURE,1,1,1,0
78707,1515,133.15430,128.77617,-825.90820,2200,MEASURE,1,1,1,0
78755,1485,130.51758,125.64101,-828.54492,2200,MEASURE,1,1,1,0
78805,1485,130.51758,125.64101,-828.54492,2200,MEASURE,1,1,1,0
78855,1446,127.08984,121.51047,-831.97266,2200,MEASURE,1,1,1,0
78905,1446,127.08984,121.51047,-831.97266,2200,MEASURE,1,1,1,0
78956,1407,123.66211,117.34274,-835.40039,2200,MEASURE,1,1,1,0
79005,1407,123.66211,117.34274,-835.40039,2200,MEASURE,1,1,1,0
79055,1365,119.97070,112.83758,-839.09180,2200,MEASURE,1,1,1,0
79107,1365,119.97070,112.83758,-839.09180,2200,MEASURE,1,1,1,0
79155,1324,116.36719,108.44594,-842.69531,2200,MEASURE,1,1,1,0
79206,1324,116.36719,108.44594,-842.69531,2200,MEASURE,1,1,1,0
79255,4095,359.91211,1.17212,-842.69531,2200,MEASURE,1,0,1,1
79305,1283,112.76367,104.06992,-846.29883,2200,MEASURE,1,1,1,0
79355,1241,109.07227,99.60976,-849.99023,2200,MEASURE,1,1,1,0
79405,1241,109.07227,99.60976,-849.99023,2200,MEASURE,1,1,1,0
79457,1198,105.29297,95.10609,-853.76953,2200,MEASURE,1,1,1,0
79505,1198,105.29297,95.10609,-853.76953,2200,MEASURE,1,1,1,0
79556,1153,101.33789,90.48227,-857.72461,2200,MEASURE,1,1,1,0
79605,1153,101.33789,90.48227,-857.72461,2200,MEASURE,1,1,1,0
79656,1107,97.29492,85.86461,-861.76758,2200,MEASURE,1,1,1,0
79705,1107,97.29492,85.86461,-861.76758,2174,RAMP_OUT,1,1,1,0
79755,1070,94.04297,82.19609,-865.01953,2118,RAMP_OUT,1,1,1,0
79805,1070,94.04297,82.19609,-865.01953,2059,RAMP_OUT,1,1,1,0
79855,1042,91.58203,79.44640,-867.48047,2000,RAMP_OUT,1,1,1,0
79906,1042,91.58203,79.44640,-867.48047,1944,RAMP_OUT,1,1,1,0
79955,1021,89.73633,77.40195,-869.32617,1882,RAMP_OUT,1,1,1,0
80005,1021,89.73633,77.40195,-869.32617,1826,RAMP_OUT,1,1,1,0
80057,1003,88.15430,75.67368,-870.90820,1765,RAMP_OUT,1,1,1,0
80105,1003,88.15430,75.67368,-870.90820,1709,RAMP_OUT,1,1,1,0
80155,996,87.53906,75.00156,-871.52344,1650,RAMP_OUT,1,1,1,0
80205,996,87.53906,75.00156,-871.52344,1591,RAMP_OUT,1,1,1,0
80255,993,87.27539,74.71352,-871.78711,1532,RAMP_OUT,1,1,1,0
80305,993,87.27539,74.71352,-871.78711,1500,BETWEEN_LEVELS,1,1,1,0
80355,993,87.27539,74.71352,-871.78711,1500,BETWEEN_LEVELS,1,1,1,0
80408,993,87.27539,74.71352,-871.78711,1500,BETWEEN_LEVELS,1,1,1,0
80455,993,87.27539,74.71352,-871.78711,1500,BETWEEN_LEVELS,1,1,1,0
80506,993,87.27539,74.71352,-871.78711,1500,BETWEEN_LEVELS,1,1,1,0
80555,994,87.36328,74.80953,-871.69922,1500,BETWEEN_LEVELS,1,1,1,0
80605,994,87.36328,74.80953,-871.69922,1500,BETWEEN_LEVELS,1,1,1,0
80658,993,87.27539,74.71352,-871.78711,1500,BETWEEN_LEVELS,1,1,1,0
80705,993,87.27539,74.71352,-871.78711,1500,BETWEEN_LEVELS,1,1,1,0
80756,993,87.27539,74.71352,-871.78711,1500,BETWEEN_LEVELS,1,1,1,0
80805,993,87.27539,74.71352,-871.78711,1500,BETWEEN_LEVELS,1,1,1,0
80857,993,87.27539,74.71352,-871.78711,1500,BETWEEN_LEVELS,1,1,1,0
80905,993,87.27539,74.71352,-871.78711,1500,BETWEEN_LEVELS,1,1,1,0
80955,993,87.27539,74.71352,-871.78711,1500,BETWEEN_LEVELS,1,1,1,0
81007,993,87.27539,74.71352,-871.78711,1500,BETWEEN_LEVELS,1,1,1,0
81055,994,87.36328,74.80953,-871.69922,1500,BETWEEN_LEVELS,1,1,1,0
81105,994,87.36328,74.80953,-871.69922,1528,RAMP_IN,1,1,1,0
81155,994,87.36328,74.80953,-871.69922,1593,RAMP_IN,1,1,1,0
81205,994,87.36328,74.80953,-871.69922,1661,RAMP_IN,1,1,1,0
81257,993,87.27539,74.71352,-871.78711,1729,RAMP_IN,1,1,1,0
81305,993,87.27539,74.71352,-871.78711,1792,RAMP_IN,1,1,1,0
81355,993,87.27539,74.71352,-871.78711,1860,RAMP_IN,1,1,1,0
81405,969,85.16602,72.44508,-873.89648,1926,RAMP_IN,1,1,1,0
81455,969,85.16602,72.44508,-873.89648,1994,RAMP_IN,1,1,1,0
81505,974,85.60547,72.91734,-873.45703,2061,RAMP_IN,1,1,1,0
81555,974,85.60547,72.91734,-873.45703,2125,RAMP_IN,1,1,1,0
81605,943,82.88086,70.02117,-876.18164,2192,RAMP_IN,1,1,1,0
81655,943,82.88086,70.02117,-876.18164,2260,RAMP_IN,1,1,1,0
81706,912,80.15625,67.18125,-878.90625,2300,SETTLE,1,1,1,0
81755,912,80.15625,67.18125,-878.90625,2300,SETTLE,1,1,1,0
81806,875,76.90430,63.87117,-882.15820,2300,SETTLE,1,1,1,0
81855,875,76.90430,63.87117,-882.15820,2300,SETTLE,1,1,1,0
81905,831,73.03711,60.01930,-886.02539,2300,SETTLE,1,1,1,0
81955,831,73.03711,60.01930,-886.02539,2300,SETTLE,1,1,1,0
82003,-1,-1.00000,-1.00000,-886.02539,2300,SETTLE,0,0,1,0
82055,786,69.08203,56.18453,-889.98047,2300,SETTLE,1,1,1,0
82105,739,64.95117,52.28430,-894.11133,2300,SETTLE,1,1,1,0
82155,739,64.95117,52.28430,-894.11133,2300,SETTLE,1,1,1,0
82208,689,60.55664,48.29195,-898.50586,2300,SETTLE,1,1,1,0
82255,689,60.55664,48.29195,-898.50586,2300,SETTLE,1,1,1,0
82304,-1,-1.00000,-1.00000,-898.50586,2300,SETTLE,0,0,1,0
82355,639,56.16211,44.44586,-902.90039,2300,SETTLE,1,1,1,0
82405,587,51.59180,40.61680,-907.47070,2300,SETTLE,1,1,1,0
82455,587,51.59180,40.61680,-907.47070,2300,SETTLE,1,1,1,0
82508,532,46.75781,36.68781,-912.30469,2300,SETTLE,1,1,1,0
82555,532,46.75781,36.68781,-912.30469,2300,SETTLE,1,1,1,0
82608,477,41.92383,32.84101,-917.13867,2300,SETTLE,1,1,1,0
82655,477,41.92383,32.84101,-917.13867,2300,SETTLE,1,1,1,0
82707,421,37.00195,29.01195,-922.06055,2300,MEASURE,1,1,1,0
82757,421,37.00195,29.01195,-922.06055,2300,MEASURE,1,1,1,0
82805,363,31.90430,25.12711,-922.06055,2300,MEASURE,1,0,1,1
82855,363,31.90430,25.12711,-927.15820,2300,MEASURE,1,1,1,0
82903,-1,-1.00000,-1.00000,-927.15820,2300,MEASURE,0,0,1,0
82955,302,26.54297,21.11797,-932.51953,2300,MEASURE,1,1,1,0
83007,240,21.09375,17.08375,-932.51953,2300,MEASURE,1,0,1,1
83055,240,21.09375,17.08375,-937.96875,2300,MEASURE,1,1,1,0
83108,183,16.08398,13.38648,-942.97852,2300,MEASURE,1,1,1,0
83155,183,16.08398,13.38648,-942.97852,2300,MEASURE,1,1,1,0
83208,124,10.89844,9.51594,-948.16406,2300,MEASURE,1,1,1,0
83255,124,10.89844,9.51594,-948.16406,2300,MEASURE,1,1,1,0
83307,65,5.71289,5.60164,-953.34961,2300,MEASURE,1,1,1,0
83355,65,5.71289,5.60164,-953.34961,2300,MEASURE,1,1,1,0
83406,5,0.43945,1.57633,-953.34961,2300,MEASURE,1,0,1,1
83455,5,0.43945,1.57633,-958.62305,2300,MEASURE,1,1,1,0
83506,4043,355.34180,357.63522,-963.72070,2300,MEASURE,1,1,1,0
83555,4043,355.34180,357.63522,-963.72070,2300,MEASURE,1,1,1,0
83607,3988,350.50781,353.86282,-968.55469,2300,MEASURE,1,1,1,0
83655,3988,350.50781,353.86282,-968.55469,2300,MEASURE,1,1,1,0
83705,3938,346.11328,350.37766,-972.94922,2300,MEASURE,1,1,1,0
83755,3938,346.11328,350.37766,-972.94922,2300,MEASURE,1,1,1,0
83807,3883,341.27930,346.47711,-977.78320,2300,MEASURE,1,1,1,0
83856,3883,341.27930,346.47711,-977.78320,2300,MEASURE,1,1,1,0
83905,3829,336.53320,342.58820,-982.52930,2300,MEASURE,1,1,1,0
83955,3829,336.53320,342.58820,-982.52930,2300,MEASURE,1,1,1,0
84005,3779,332.13867,338.93460,-986.92383,2300,MEASURE,1,1,1,0
84053,-1,-1.00000,-1.00000,-986.92383,2300,MEASURE,0,0,1,0
84105,3731,327.91992,335.39273,-991.14258,2300,MEASURE,1,1,1,0
84156,3731,327.91992,335.39273,-991.14258,2300,MEASURE,1,1,1,0
84205,3684,323.78906,331.91406,-995.27344,2300,MEASURE,1,1,1,0
84257,4095,359.91211,1.17212,-995.27344,2300,MEASURE,1,0,1,1
84305,3654,321.15234,329.67358,-997.91016,2300,MEASURE,1,1,1,0
84360,3654,321.15234,329.67358,-997.91016,2300,MEASURE,1,1,1,0
84405,3654,321.15234,329.67358,-997.91016,2300,MEASURE,1,1,1,0
84457,3613,317.54883,326.60538,-1001.51367,2300,MEASURE,1,1,1,0
84505,3613,317.54883,326.60538,-1001.51367,2300,MEASURE,1,1,1,0
84555,3557,312.62695,322.35757,-1006.43555,2300,MEASURE,1,1,1,0
84605,3557,312.62695,322.35757,-1006.43555,2300,MEASURE,1,1,1,0
84655,3516,309.02344,319.20468,-1010.03906,2300,MEASURE,1,1,1,0
84708,3516,309.02344,319.20468,-1010.03906,2300,MEASURE,1,1,1,0
84755,3487,306.47461,316.95398,-1012.58789,2300,MEASURE,1,1,1,0
84807,3487,306.47461,316.95398,-1012.58789,2300,MEASURE,1,1,1,0
84855,3430,301.46484,312.45422,-1017.59766,2300,MEASURE,1,1,1,0
84906,3430,301.46484,312.45422,-1017.59766,2300,MEASURE,1,1,1,0
84955,3383,297.33398,308.67303,-1021.72852,2300,MEASURE,1,1,1,0
85005,3383,297.33398,308.67303,-1021.72852,2300,MEASURE,1,1,1,0
85055,3343,293.81836,305.39868,-1025.24414,2300,MEASURE,1,1,1,0
85105,3343,293.81836,305.39868,-1025.24414,2300,MEASURE,1,1,1,0
85155,3300,290.03906,301.80408,-1029.02344,2300,MEASURE,1,1,1,0
85205,3300,290.03906,301.80408,-1029.02344,2300,MEASURE,1,1,1,0
85255,3256,286.17188,298.03687,-1032.89062,2300,MEASURE,1,1,1,0
85306,3256,286.17188,298.03687,-1032.89062,2300,MEASURE,1,1,1,0
85354,-1,-1.00000,-1.00000,-1032.89062,2300,MEASURE,0,0,1,0
85407,3209,282.04102,293.89227,-1037.02148,2300,MEASURE,1,1,1,0
85456,3171,278.70117,290.45056,-1040.36133,2300,MEASURE,1,1,1,0
85505,3171,278.70117,290.45056,-1040.36133,2300,MEASURE,1,1,1,0
85555,3132,275.27344,286.81595,-1043.78906,2300,MEASURE,1,1,1,0
85605,3132,275.27344,286.81595,-1043.78906,2300,MEASURE,1,1,1,0
85655,3089,271.49414,282.71759,-1047.56836,2300,MEASURE,1,1,1,0
85705,3089,271.49414,282.71759,-1047.56836,2276,RAMP_OUT,1,1,1,0
85755,3051,268.15430,279.02429,-1050.90820,2210,RAMP_OUT,1,1,1,0
85805,3051,268.15430,279.02429,-1050.90820,2142,RAMP_OUT,1,1,1,0
85858,3015,264.99023,275.47681,-1054.07227,2072,RAMP_OUT,1,1,1,0
85905,3015,264.99023,275.47681,-1054.07227,2008,RAMP_OUT,1,1,1,0
85959,2988,262.61719,272.78967,-1056.44531,1938,RAMP_OUT,1,1,1,0
86008,2988,262.61719,272.78967,-1056.44531,1871,RAMP_OUT,1,1,1,0
86055,2969,260.94727,270.88538,-1058.11523,1808,RAMP_OUT,1,1,1,0
86105,2969,260.94727,270.88538,-1058.11523,1742,RAMP_OUT,1,1,1,0
86155,2958,259.98047,269.77423,-1059.08203,1674,RAMP_OUT,1,1,1,0
86205,2958,259.98047,269.77423,-1059.08203,1607,RAMP_OUT,1,1,1,0
86255,2955,259.71680,269.47116,-1059.34570,1543,RAMP_OUT,1,1,1,0
86305,2955,259.71680,269.47116,-1059.34570,1500,BETWEEN_LEVELS,1,1,1,0
86355,2954,259.62891,269.37015,-1059.43359,1500,BETWEEN_LEVELS,1,1,1,0
86405,2954,259.62891,269.37015,-1059.43359,1500,BETWEEN_LEVELS,1,1,1,0
86455,2955,259.71680,269.47116,-1059.34570,1500,BETWEEN_LEVELS,1,1,1,0
86505,2955,259.71680,269.47116,-1059.34570,1500,BETWEEN_LEVELS,1,1,1,0
86555,2954,259.62891,269.37015,-1059.43359,1500,BETWEEN_LEVELS,1,1,1,0
86606,2954,259.62891,269.37015,-1059.43359,1500,BETWEEN_LEVELS,1,1,1,0
86655,2954,259.62891,269.37015,-1059.43359,1500,BETWEEN_LEVELS,1,1,1,0
86707,2954,259.62891,269.37015,-1059.43359,1500,BETWEEN_LEVELS,1,1,1,0
86755,2954,259.62891,269.37015,-1059.43359,1500,BETWEEN_LEVELS,1,1,1,0
86806,2954,259.62891,269.37015,-1059.43359,1500,BETWEEN_LEVELS,1,1,1,0
86855,2954,259.62891,269.37015,-1059.43359,1500,BETWEEN_LEVELS,1,1,1,0
86906,2954,259.62891,269.37015,-1059.43359,1500,BETWEEN_LEVELS,1,1,1,0
86955,2954,259.62891,269.37015,-1059.43359,1500,BETWEEN_LEVELS,1,1,1,0
87008,2954,259.62891,269.37015,-1059.43359,1500,BETWEEN_LEVELS,1,1,1,0
87055,2954,259.62891,269.37015,-1059.43359,1500,BETWEEN_LEVELS,1,1,1,0
87109,2954,259.62891,269.37015,-1059.43359,1530,RAMP_IN,1,1,1,0
87155,2954,259.62891,269.37015,-1059.43359,1602,RAMP_IN,1,1,1,0
87206,2954,259.62891,269.37015,-1059.43359,1668,RAMP_IN,1,1,1,0
87255,2952,259.45312,269.16812,-1059.60938,1749,RAMP_IN,1,1,1,0
87306,2952,259.45312,269.16812,-1059.60938,1824,RAMP_IN,1,1,1,0
87355,2943,258.66211,268.25772,-1060.40039,1902,RAMP_IN,1,1,1,0
87405,2943,258.66211,268.25772,-1060.40039,1974,RAMP_IN,1,1,1,0
87455,2937,258.13477,267.64413,-1060.92773,2049,RAMP_IN,1,1,1,0
87505,2937,258.13477,267.64413,-1060.92773,2125,RAMP_IN,1,1,1,0
87555,2937,258.13477,267.64413,-1060.92773,2199,RAMP_IN,1,1,1,0
87607,2906,255.41016,264.47205,-1063.65234,2280,RAMP_IN,1,1,1,0
87655,2906,255.41016,264.47205,-1063.65234,2349,RAMP_IN,1,1,1,0
87705,2869,252.15820,260.67322,-1066.90430,2400,SETTLE,1,1,1,0
87756,2869,252.15820,260.67322,-1066.90430,2400,SETTLE,1,1,1,0
87805,2832,248.90625,256.87625,-1070.15625,2400,SETTLE,1,1,1,0
87856,2832,248.90625,256.87625,-1070.15625,2400,SETTLE,1,1,1,0
87905,2793,245.47852,252.89508,-1073.58398,2400,SETTLE,1,1,1,0
87957,2793,245.47852,252.89508,-1073.58398,2400,SETTLE,1,1,1,0
88005,2755,242.13867,249.03899,-1076.92383,2400,SETTLE,1,1,1,0
88055,2755,242.13867,249.03899,-1076.92383,2400,SETTLE,1,1,1,0
88105,2713,238.44727,244.79539,-1080.61523,2400,SETTLE,1,1,1,0
88157,2713,238.44727,244.79539,-1080.61523,2400,SETTLE,1,1,1,0
88205,2670,234.66797,240.44609,-1084.39453,2400,SETTLE,1,1,1,0
88257,2670,234.66797,240.44609,-1084.39453,2400,SETTLE,1,1,1,0
88305,2635,231.59180,236.91273,-1087.47070,2400,SETTLE,1,1,1,0
88355,2635,231.59180,236.91273,-1087.47070,2400,SETTLE,1,1,1,0
88405,2589,227.54883,232.30508,-1091.51367,2400,SETTLE,1,1,1,0
88455,2589,227.54883,232.30508,-1091.51367,2400,SETTLE,1,1,1,0
88507,2546,223.76953,228.05078,-1095.29297,2400,SETTLE,1,1,1,0
88555,2546,223.76953,228.05078,-1095.29297,2400,SETTLE,1,1,1,0
88608,2506,220.25391,224.13078,-1098.80859,2400,SETTLE,1,1,1,0
88655,2506,220.25391,224.13078,-1098.80859,2400,SETTLE,1,1,1,0
88708,2465,216.65039,220.12039,-1102.41211,2400,MEASURE,1,1,1,0
88755,2465,216.65039,220.12039,-1102.41211,2400,MEASURE,1,1,1,0
88807,2422,212.87109,215.92110,-1106.19141,2400,MEASURE,1,1,1,0
88855,2422,212.87109,215.92110,-1106.19141,2400,MEASURE,1,1,1,0
88906,2380,209.17969,211.81593,-1109.88281,2400,MEASURE,1,1,1,0
88955,2380,209.17969,211.81593,-1109.88281,2400,MEASURE,1,1,1,0
89006,2337,205.40039,207.63945,-1113.66211,2400,MEASURE,1,1,1,0
89055,2337,205.40039,207.63945,-1113.66211,2400,MEASURE,1,1,1,0
89106,2292,201.44531,203.32156,-1117.61719,2400,MEASURE,1,1,1,0
89155,2292,201.44531,203.32156,-1117.61719,2400,MEASURE,1,1,1,0
89205,2247,197.49023,199.03055,-1121.57227,2400,MEASURE,1,1,1,0
89253,-1,-1.00000,-1.00000,-1121.57227,2400,MEASURE,0,0,1,0
89307,2202,193.53516,194.72829,-1125.52734,2400,MEASURE,1,1,1,0
89355,2202,193.53516,194.72829,-1125.52734,2400,MEASURE,1,1,1,0
89404,-1,-1.00000,-1.00000,-1125.52734,2400,MEASURE,0,0,1,0
89455,2151,189.05273,189.84743,-1130.00977,2400,MEASURE,1,1,1,0
89505,2099,184.48242,184.88898,-1134.58008,2400,MEASURE,1,1,1,0
89555,2099,184.48242,184.88898,-1134.58008,2400,MEASURE,1,1,1,0
89605,2045,179.73633,179.78851,-1139.32617,2400,MEASURE,1,1,1,0
89655,2045,179.73633,179.78851,-1139.32617,2400,MEASURE,1,1,1,0
89705,1992,175.07812,174.82312,-1143.98438,2400,MEASURE,1,1,1,0
89756,1992,175.07812,174.82312,-1143.98438,2400,MEASURE,1,1,1,0
89805,1937,170.24414,169.66039,-1148.81836,2400,MEASURE,1,1,1,0
89858,1937,170.24414,169.66039,-1148.81836,2400,MEASURE,1,1,1,0
89905,1883,165.49805,164.57680,-1153.56445,2400,MEASURE,1,1,1,0
89957,1883,165.49805,164.57680,-1153.56445,2400,MEASURE,1,1,1,0
90005,1827,160.57617,159.31398,-1158.48633,2400,MEASURE,1,1,1,0
90057,1827,160.57617,159.31398,-1158.48633,2400,MEASURE,1,1,1,0
90105,1772,155.74219,154.13719,-1163.32031,2400,MEASURE,1,1,1,0
90155,1772,155.74219,154.13719,-1163.32031,2400,MEASURE,1,1,1,0
90206,1716,150.82031,148.80907,-1168.24219,2400,MEASURE,1,1,1,0
90255,1716,150.82031,148.80907,-1168.24219,2400,MEASURE,1,1,1,0
90306,1662,146.07422,143.57297,-1172.98828,2400,MEASURE,1,1,1,0
90355,1662,146.07422,143.57297,-1172.98828,2400,MEASURE,1,1,1,0
90405,1609,141.41602,138.32289,-1177.64648,2400,MEASURE,1,1,1,0
90455,1609,141.41602,138.32289,-1177.64648,2400,MEASURE,1,1,1,0
90506,1546,135.87891,131.96953,-1177.64648,2400,MEASURE,1,0,1,1
90555,1546,135.87891,131.96953,-1183.18359,2400,MEASURE,1,1,1,0
90607,1492,131.13281,126.37656,-1187.92969,2400,MEASURE,1,1,1,0
90655,1492,131.13281,126.37656,-1187.92969,2400,MEASURE,1,1,1,0
90707,1492,131.13281,126.37656,-1187.92969,2400,MEASURE,1,1,1,0
90755,1447,127.17773,121.61680,-1191.88477,2400,MEASURE,1,1,1,0
90807,1447,127.17773,121.61680,-1191.88477,2400,MEASURE,1,1,1,0
90855,1414,124.27734,118.09172,-1194.78516,2400,MEASURE,1,1,1,0
90906,1414,124.27734,118.09172,-1194.78516,2400,MEASURE,1,1,1,0
90955,1365,119.97070,112.83758,-1199.09180,2400,MEASURE,1,1,1,0
91007,1365,119.97070,112.83758,-1199.09180,2400,MEASURE,1,1,1,0
91055,1313,115.40039,107.26945,-1203.66211,2400,MEASURE,1,1,1,0
91107,1313,115.40039,107.26945,-1203.66211,2400,MEASURE,1,1,1,0
91155,1265,111.18164,102.15508,-1207.88086,2400,MEASURE,1,1,1,0
91207,1265,111.18164,102.15508,-1207.88086,2400,MEASURE,1,1,1,0
91255,1212,106.52344,96.55968,-1212.53906,2400,MEASURE,1,1,1,0
91307,1212,106.52344,96.55968,-1212.53906,2400,MEASURE,1,1,1,0
91356,1161,102.04102,91.30039,-1217.02148,2400,MEASURE,1,1,1,0
91405,1161,102.04102,91.30039,-1217.02148,2400,MEASURE,1,1,1,0
91455,1104,97.03125,85.56625,-1222.03125,2400,MEASURE,1,1,1,0
91505,1104,97.03125,85.56625,-1222.03125,2400,MEASURE,1,1,1,0
91556,1047,92.02148,79.93430,-1227.04102,2400,MEASURE,1,1,1,0
91605,1047,92.02148,79.93430,-1227.04102,2400,MEASURE,1,1,1,0
91654,-1,-1.00000,-1.00000,-1227.04102,2400,MEASURE,0,0,1,0
91705,996,87.53906,75.00156,-1231.52344,2382,RAMP_OUT,1,1,1,0
91756,938,82.44141,69.55828,-1236.62109,2307,RAMP_OUT,1,1,1,0
91805,959,84.28711,71.50243,-1234.77539,2235,RAMP_OUT,1,1,1,0
91857,880,77.34375,64.31375,-1234.77539,2156,RAMP_OUT,1,0,1,1
91905,880,77.34375,64.31375,-1241.71875,2085,RAMP_OUT,1,1,1,0
91957,828,72.77344,59.76219,-1246.28906,2009,RAMP_OUT,1,1,1,0
92005,828,72.77344,59.76219,-1246.28906,1934,RAMP_OUT,1,1,1,0
92056,795,69.87305,56.94180,-1249.18945,1857,RAMP_OUT,1,1,1,0
92105,795,69.87305,56.94180,-1249.18945,1782,RAMP_OUT,1,1,1,0
92155,777,68.29102,55.42727,-1250.77148,1710,RAMP_OUT,1,1,1,0
92205,777,68.29102,55.42727,-1250.77148,1635,RAMP_OUT,1,1,1,0
92255,769,67.58789,54.75414,-1251.47461,1559,RAMP_OUT,1,1,1,0
92305,769,67.58789,54.75414,-1251.47461,1500,BETWEEN_LEVELS,1,1,1,0
92356,768,67.50000,54.67000,-1251.56250,1500,BETWEEN_LEVELS,1,1,1,0
92405,768,67.50000,54.67000,-1251.56250,1500,BETWEEN_LEVELS,1,1,1,0
92456,769,67.58789,54.75414,-1251.47461,1500,BETWEEN_LEVELS,1,1,1,0
92506,769,67.58789,54.75414,-1251.47461,1500,BETWEEN_LEVELS,1,1,1,0
92555,769,67.58789,54.75414,-1251.47461,1500,BETWEEN_LEVELS,1,1,1,0
92606,769,67.58789,54.75414,-1251.47461,1500,BETWEEN_LEVELS,1,1,1,0
92655,769,67.58789,54.75414,-1251.47461,1500,BETWEEN_LEVELS,1,1,1,0
92708,769,67.58789,54.75414,-1251.47461,1500,BETWEEN_LEVELS,1,1,1,0
92755,769,67.58789,54.75414,-1251.47461,1500,BETWEEN_LEVELS,1,1,1,0
92807,769,67.58789,54.75414,-1251.47461,1500,BETWEEN_LEVELS,1,1,1,0
92855,769,67.58789,54.75414,-1251.47461,1500,BETWEEN_LEVELS,1,1,1,0
92906,769,67.58789,54.75414,-1251.47461,1500,BETWEEN_LEVELS,1,1,1,0
92957,769,67.58789,54.75414,-1251.47461,1500,BETWEEN_LEVELS,1,1,1,0
93006,769,67.58789,54.75414,-1251.47461,1500,BETWEEN_LEVELS,1,1,1,0
93055,769,67.58789,54.75414,-1251.47461,1500,BETWEEN_LEVELS,1,1,1,0
93105,769,67.58789,54.75414,-1251.47461,1514,RAMP_IN,1,1,1,0
93155,769,67.58789,54.75414,-1251.47461,1593,RAMP_IN,1,1,1,0
93207,769,67.58789,54.75414,-1251.47461,1674,RAMP_IN,1,1,1,0
93255,767,67.41211,54.58773,-1251.65039,1753,RAMP_IN,1,1,1,0
93306,767,67.41211,54.58773,-1251.65039,1834,RAMP_IN,1,1,1,0
93355,756,66.44531,53.68281,-1252.61719,1908,RAMP_IN,1,1,1,0
93407,756,66.44531,53.68281,-1252.61719,1994,RAMP_IN,1,1,1,0
93455,734,64.51172,51.87672,-1254.55078,2068,RAMP_IN,1,1,1,0
93509,734,64.51172,51.87672,-1254.55078,2152,RAMP_IN,1,1,1,0
93555,702,61.69922,49.30859,-1257.36328,2228,RAMP_IN,1,1,1,0
93603,-1,-1.00000,-1.00000,-1257.36328,2304,RAMP_IN,0,0,1,0
93655,702,61.69922,49.30859,-1257.36328,2383,RAMP_IN,1,1,1,0
93705,653,57.39258,45.51227,-1261.66992,2450,SETTLE,1,1,1,0
93755,653,57.39258,45.51227,-1261.66992,2450,SETTLE,1,1,1,0
93805,589,51.76758,40.76258,-1261.66992,2450,SETTLE,1,0,1,1
93855,589,51.76758,40.76258,-1267.29492,2450,SETTLE,1,1,1,0
93905,4095,359.91211,1.17212,-1267.29492,2450,SETTLE,1,0,1,1
93955,537,47.19727,37.03976,-1271.86523,2450,SETTLE,1,1,1,0
94005,473,41.57227,32.56570,-1271.86523,2450,SETTLE,1,0,1,1
94055,473,41.57227,32.56570,-1277.49023,2450,SETTLE,1,1,1,0
94105,397,34.89258,27.39445,-1277.49023,2450,SETTLE,1,0,1,1
94155,397,34.89258,27.39445,-1284.16992,2450,SETTLE,1,1,1,0
94205,324,28.47656,22.55781,-1284.16992,2450,SETTLE,1,0,1,1
94255,324,28.47656,22.55781,-1290.58594,2450,SETTLE,1,1,1,0
94305,247,21.70898,17.53711,-1290.58594,2450,SETTLE,1,0,1,1
94355,247,21.70898,17.53711,-1297.35352,2450,SETTLE,1,1,1,0
94405,169,14.85352,12.47102,-1297.35352,2450,SETTLE,1,0,1,1
94455,169,14.85352,12.47102,-1304.20898,2450,SETTLE,1,1,1,0
94506,95,8.34961,7.60086,-1304.20898,2450,SETTLE,1,0,1,1
94555,95,8.34961,7.60086,-1310.71289,2450,SETTLE,1,1,1,0
94606,18,1.58203,2.45078,-1310.71289,2450,SETTLE,1,0,1,1
94655,18,1.58203,2.45078,-1317.48047,2450,SETTLE,1,1,1,0
94705,4036,354.72656,357.15781,-1317.48047,2450,MEASURE,1,0,1,1
94757,4036,354.72656,357.15781,-1324.33594,2450,MEASURE,1,1,1,0
94805,3965,348.48633,352.26978,-1324.33594,2450,MEASURE,1,0,1,1
94853,-1,-1.00000,-1.00000,-1324.33594,2450,MEASURE,0,0,1,0
94905,3894,342.24609,347.26172,-1336.81641,2450,MEASURE,1,1,1,0
94956,-1,-1.00000,-1.00000,-1336.81641,2450,MEASURE,0,0,1,0
95005,3827,336.35742,342.44241,-1342.70508,2450,MEASURE,1,1,1,0
95056,3827,336.35742,342.44241,-1342.70508,2450,MEASURE,1,1,1,0
95107,3763,330.73242,337.75525,-1342.70508,2450,MEASURE,1,0,1,1
95157,3763,330.73242,337.75525,-1348.33008,2450,MEASURE,1,1,1,0
95205,3698,325.01953,332.95203,-1348.33008,2450,MEASURE,1,0,1,1
95255,3839,337.41211,343.31711,-1341.65039,2450,MEASURE,1,1,1,0
95305,3631,319.13086,327.95398,-1341.65039,2450,MEASURE,1,0,1,1
95355,3631,319.13086,327.95398,-1341.65039,2450,MEASURE,1,0,1,1
95408,3566,313.41797,323.04172,-1341.65039,2450,MEASURE,1,0,1,1
95455,3566,313.41797,323.04172,-1341.65039,2450,MEASURE,1,0,1,1
